timestamp,equity,cash
2017-08-17,1000000.0,1000000.0
2017-08-18,1000000.0,1000000.0
2017-08-19,1000000.0,1000000.0
2017-08-20,1000000.0,1000000.0
2017-08-21,1000000.0,1000000.0
2017-08-22,1000000.0,1000000.0
2017-08-23,1000000.0,1000000.0
2017-08-24,1000000.0,1000000.0
2017-08-25,1000000.0,1000000.0
2017-08-26,1000000.0,1000000.0
2017-08-27,1000000.0,1000000.0
2017-08-28,1000000.0,1000000.0
2017-08-29,1000000.0,1000000.0
2017-08-30,1000000.0,1000000.0
2017-08-31,1000000.0,1000000.0
2017-09-01,1000000.0,1000000.0
2017-09-02,1000000.0,1000000.0
2017-09-03,1000000.0,1000000.0
2017-09-04,1000000.0,1000000.0
2017-09-05,1000000.0,1000000.0
2017-09-06,1000000.0,1000000.0
2017-09-07,1000000.0,1000000.0
2017-09-08,1000000.0,1000000.0
2017-09-09,1000000.0,1000000.0
2017-09-10,1000000.0,1000000.0
2017-09-11,1000000.0,1000000.0
2017-09-12,1000000.0,1000000.0
2017-09-13,1000000.0,1000000.0
2017-09-14,1000000.0,1000000.0
2017-09-15,1000000.0,1000000.0
2017-09-16,1000000.0,1000000.0
2017-09-17,1000000.0,1000000.0
2017-09-18,1000000.0,1000000.0
2017-09-19,1000000.0,1000000.0
2017-09-20,1000000.0,1000000.0
2017-09-21,1000000.0,1000000.0
2017-09-22,1000000.0,1000000.0
2017-09-23,1000000.0,1000000.0
2017-09-24,1000000.0,1000000.0
2017-09-25,1000000.0,1000000.0
2017-09-26,1000000.0,1000000.0
2017-09-27,1000000.0,1000000.0
2017-09-28,1000000.0,1000000.0
2017-09-29,1000000.0,1000000.0
2017-09-30,1000000.0,1000000.0
2017-10-01,1000000.0,1000000.0
2017-10-02,1000000.0,1000000.0
2017-10-03,1000000.0,1000000.0
2017-10-04,1000000.0,1000000.0
2017-10-05,1000000.0,1000000.0
2017-10-06,1000000.0,1000000.0
2017-10-07,1000000.0,1000000.0
2017-10-08,1000000.0,1000000.0
2017-10-09,1000000.0,1000000.0
2017-10-10,1000000.0,1000000.0
2017-10-11,1000000.0,1000000.0
2017-10-12,1000000.0,1000000.0
2017-10-13,1000000.0,1000000.0
2017-10-14,1000000.0,1000000.0
2017-10-15,1000000.0,1000000.0
2017-10-16,1000000.0,1000000.0
2017-10-17,1000000.0,1000000.0
2017-10-18,1000000.0,1000000.0
2017-10-19,1000000.0,1000000.0
2017-10-20,1000000.0,1000000.0
2017-10-21,1000078.7527879827,909438.1726853816
2017-10-22,998951.1934011825,909438.1726853816
2017-10-23,998438.3381710821,909438.1726853816
2017-10-24,991835.4587198929,909438.1726853816
2017-10-25,995039.2618821742,909438.1726853816
2017-10-26,994654.7531118081,994654.7531118081
2017-10-27,994654.7531118081,994654.7531118081
2017-10-28,994654.7531118081,994654.7531118081
2017-10-29,994654.7531118081,994654.7531118081
2017-10-30,994654.7531118081,994654.7531118081
2017-10-31,994654.7531118081,994654.7531118081
2017-11-01,994654.7531118081,994654.7531118081
2017-11-02,994654.7531118081,994654.7531118081
2017-11-03,994654.7531118081,994654.7531118081
2017-11-04,994654.7531118081,994654.7531118081
2017-11-05,994654.7531118081,994654.7531118081
2017-11-06,994654.7531118081,994654.7531118081
2017-11-07,994654.7531118081,994654.7531118081
2017-11-08,994654.7531118081,994654.7531118081
2017-11-09,994654.7531118081,994654.7531118081
2017-11-10,994654.7531118081,994654.7531118081
2017-11-11,994654.7531118081,994654.7531118081
2017-11-12,994654.7531118081,994654.7531118081
2017-11-13,994654.7531118081,994654.7531118081
2017-11-14,994654.7531118081,994654.7531118081
2017-11-15,994654.7531118081,994654.7531118081
2017-11-16,994654.7531118081,994654.7531118081
2017-11-17,994654.7531118081,994654.7531118081
2017-11-18,994654.7531118081,994654.7531118081
2017-11-19,994654.7531118081,994654.7531118081
2017-11-20,995731.3956975968,935516.6154547344
2017-11-21,995053.2095036536,935516.6154547344
2017-11-22,995686.8138827069,935516.6154547344
2017-11-23,994323.4755862437,935516.6154547344
2017-11-24,995188.7880821595,935516.6154547344
2017-11-25,999309.7462706995,935516.6154547344
2017-11-26,1002448.1447231773,935516.6154547344
2017-11-27,1006275.5815219071,935516.6154547344
2017-11-28,1008085.2512447443,935516.6154547344
2017-11-29,1006553.3379607283,935516.6154547344
2017-11-30,1007661.1374004618,935516.6154547344
2017-12-01,1014583.2707410208,935516.6154547344
2017-12-02,1015367.9986735088,935516.6154547344
2017-12-03,1017387.378907177,935516.6154547344
2017-12-04,1020420.0421999979,935516.6154547344
2017-12-05,1021307.2056512381,935516.6154547344
2017-12-06,1034872.8359892934,935516.6154547344
2017-12-07,1057229.3696256152,935516.6154547344
2017-12-08,1051957.2767134602,935516.6154547344
2017-12-09,1042982.7667301861,935516.6154547344
2017-12-10,1044771.2454258797,935516.6154547344
2017-12-11,1057148.4917607738,935516.6154547344
2017-12-12,1055403.4949996686,935516.6154547344
2017-12-13,1053081.2810563033,935516.6154547344
2017-12-14,1055293.4336441588,935516.6154547344
2017-12-15,1055195.7457490936,964470.778566754
2017-12-16,1058155.5904375508,996703.7638546006
2017-12-17,1011932.5982248399,1068658.9071609369
2017-12-18,1011787.5186273984,1063355.4327728758
2017-12-19,1010053.9972044358,1013411.6196279665
2017-12-20,1020249.0249411322,1013411.6196279665
2017-12-21,1012260.4510025042,1013411.6196279665
2017-12-22,1030859.3325749815,1127055.064192935
2017-12-23,1027816.6560568061,1127055.064192935
2017-12-24,1005271.2824748838,1127055.064192935
2017-12-25,969696.4704523117,1127055.064192935
2017-12-26,887689.6300466985,1127055.064192935
2017-12-27,862573.9034551948,1127055.064192935
2017-12-28,885646.9846848905,1127055.064192935
2017-12-29,901926.7394302761,1163458.3921466141
2017-12-30,935399.6920197658,1163458.3921466141
2017-12-31,907313.8818852456,1163458.3921466141
2018-01-01,909716.1750647192,1163458.3921466141
2018-01-02,901758.578907713,1163458.3921466141
2018-01-03,884071.6953738388,1163458.3921466141
2018-01-04,888906.3103975294,1163458.3921466141
2018-01-05,875201.4558558555,910625.095744847
2018-01-06,875166.0233600565,875166.0233600565
2018-01-07,875166.0233600565,875166.0233600565
2018-01-08,875166.0233600565,875166.0233600565
2018-01-09,875166.0233600565,875166.0233600565
2018-01-10,875166.0233600565,875166.0233600565
2018-01-11,875166.0233600565,875166.0233600565
2018-01-12,875166.0233600565,875166.0233600565
2018-01-13,875166.0233600565,875166.0233600565
2018-01-14,875166.0233600565,875166.0233600565
2018-01-15,875166.0233600565,875166.0233600565
2018-01-16,875166.0233600565,875166.0233600565
2018-01-17,875166.0233600565,875166.0233600565
2018-01-18,875166.0233600565,875166.0233600565
2018-01-19,875166.0233600565,875166.0233600565
2018-01-20,875166.0233600565,875166.0233600565
2018-01-21,875166.0233600565,875166.0233600565
2018-01-22,875166.0233600565,875166.0233600565
2018-01-23,875166.0233600565,875166.0233600565
2018-01-24,875166.0233600565,875166.0233600565
2018-01-25,875166.0233600565,875166.0233600565
2018-01-26,875166.0233600565,875166.0233600565
2018-01-27,875166.0233600565,875166.0233600565
2018-01-28,875166.0233600565,875166.0233600565
2018-01-29,875166.0233600565,875166.0233600565
2018-01-30,875166.0233600565,875166.0233600565
2018-01-31,875166.0233600565,875166.0233600565
2018-02-01,875166.0233600565,875166.0233600565
2018-02-02,875166.0233600565,875166.0233600565
2018-02-03,886264.1919583436,823128.4875695014
2018-02-04,881061.3057763311,823128.4875695014
2018-02-05,872427.9019073141,823128.4875695014
2018-02-06,876295.9385945864,845934.9077220042
2018-02-07,874978.0246827133,845934.9077220042
2018-02-08,876401.6817859428,845934.9077220042
2018-02-09,881854.130619587,845934.9077220042
2018-02-10,882286.8511410499,910361.0149013707
2018-02-11,883833.3352415196,910361.0149013707
2018-02-12,881072.8890845611,910361.0149013707
2018-02-13,882267.3761657791,910361.0149013707
2018-02-14,879273.4605839954,910361.0149013707
2018-02-15,879242.3981876123,879242.3981876123
2018-02-16,879242.3981876123,879242.3981876123
2018-02-17,879143.9354795201,977631.2654041812
2018-02-18,885338.2701774132,977631.2654041812
2018-02-19,881977.6060247209,977631.2654041812
2018-02-20,878923.6348731096,977631.2654041812
2018-02-21,887092.0357892296,977631.2654041812
2018-02-22,894431.0697165102,977631.2654041812
2018-02-23,894313.2571973084,894313.2571973084
2018-02-24,894313.2571973084,894313.2571973084
2018-02-25,894313.2571973084,894313.2571973084
2018-02-26,894313.2571973084,894313.2571973084
2018-02-27,894313.2571973084,894313.2571973084
2018-02-28,894313.2571973084,894313.2571973084
2018-03-01,894313.2571973084,894313.2571973084
2018-03-02,894313.2571973084,894313.2571973084
2018-03-03,894313.2571973084,894313.2571973084
2018-03-04,894313.2571973084,894313.2571973084
2018-03-05,894313.2571973084,894313.2571973084
2018-03-06,894313.2571973084,894313.2571973084
2018-03-07,894313.2571973084,894313.2571973084
2018-03-08,894313.2571973084,894313.2571973084
2018-03-09,894313.2571973084,894313.2571973084
2018-03-10,894313.2571973084,894313.2571973084
2018-03-11,894313.2571973084,894313.2571973084
2018-03-12,894313.2571973084,894313.2571973084
2018-03-13,894313.2571973084,894313.2571973084
2018-03-14,894313.2571973084,894313.2571973084
2018-03-15,894358.3780628581,935977.6970293735
2018-03-16,895026.9340464538,935977.6970293735
2018-03-17,898588.4643885122,935977.6970293735
2018-03-18,899268.6414883871,935977.6970293735
2018-03-19,897909.6544787878,935977.6970293735
2018-03-20,897901.4513378848,935977.6970293735
2018-03-21,897753.1112065553,935977.6970293735
2018-03-22,899069.0317264138,935977.6970293735
2018-03-23,898856.4336580107,935977.6970293735
2018-03-24,900415.7140246585,935977.6970293735
2018-03-25,900175.0885581701,935977.6970293735
2018-03-26,902823.335879693,935977.6970293735
2018-03-27,905318.4579043597,935977.6970293735
2018-03-28,905443.5558031306,935977.6970293735
2018-03-29,909727.6461397295,935977.6970293735
2018-03-30,910104.456268588,1031764.4593502199
2018-03-31,909957.0351808537,1031764.4593502199
2018-04-01,912362.1469563469,1031764.4593502199
2018-04-02,908519.5647434443,1031764.4593502199
2018-04-03,898968.963802699,1031764.4593502199
2018-04-04,911547.9678503536,1031764.4593502199
2018-04-05,911503.2118717319,1031764.4593502199
2018-04-06,915449.4954031792,1031764.4593502199
2018-04-07,910919.7260144994,1031764.4593502199
2018-04-08,908247.6432286615,1031764.4593502199
2018-04-09,911185.3838707554,1031764.4593502199
2018-04-10,909675.7549007252,1031764.4593502199
2018-04-11,906564.0499619504,1031764.4593502199
2018-04-12,894706.9105703257,1002347.3119659501
2018-04-13,894614.2150954875,894614.2150954875
2018-04-14,894614.2150954875,894614.2150954875
2018-04-15,894614.2150954875,894614.2150954875
2018-04-16,908139.1272327689,1258690.044674027
2018-04-17,915161.2242075999,1258690.044674027
2018-04-18,900969.721797748,1258690.044674027
2018-04-19,887390.2233267553,1067977.0435413034
2018-04-20,871831.1624447507,1067977.0435413034
2018-04-21,871727.2380258859,871727.2380258859
2018-04-22,871727.2380258859,871727.2380258859
2018-04-23,871727.2380258859,871727.2380258859
2018-04-24,871727.2380258859,871727.2380258859
2018-04-25,895213.821173892,1071219.006798953
2018-04-26,884951.4117322649,1071219.006798953
2018-04-27,895031.4323804982,1071219.006798953
2018-04-28,886276.7702975936,1071219.006798953
2018-04-29,884574.4748925844,1071219.006798953
2018-04-30,890812.1716266539,1071219.006798953
2018-05-01,890909.4456497972,1071219.006798953
2018-05-02,889319.6555664806,957691.7515606601
2018-05-03,889251.2663774624,889251.2663774624
2018-05-04,889847.7956677132,814355.8042155317
2018-05-05,893066.3310607367,814355.8042155317
2018-05-06,887480.7318686222,668889.7167086764
2018-05-07,879133.5189154511,668889.7167086764
2018-05-08,876183.2286056924,668889.7167086764
2018-05-09,876172.295533191,803968.9537932484
2018-05-10,873364.8413541971,803968.9537932484
2018-05-11,868988.9394590568,803968.9537932484
2018-05-12,868923.9357283874,868923.9357283874
2018-05-13,868923.9357283874,868923.9357283874
2018-05-14,868923.9357283874,868923.9357283874
2018-05-15,868923.9357283874,868923.9357283874
2018-05-16,868923.9357283874,868923.9357283874
2018-05-17,868923.9357283874,868923.9357283874
2018-05-18,868923.9357283874,868923.9357283874
2018-05-19,868923.9357283874,868923.9357283874
2018-05-20,868923.9357283874,868923.9357283874
2018-05-21,868923.9357283874,868923.9357283874
2018-05-22,868923.9357283874,868923.9357283874
2018-05-23,868923.9357283874,868923.9357283874
2018-05-24,868923.9357283874,868923.9357283874
2018-05-25,868923.9357283874,868923.9357283874
2018-05-26,868923.9357283874,868923.9357283874
2018-05-27,868923.9357283874,868923.9357283874
2018-05-28,868923.9357283874,868923.9357283874
2018-05-29,868923.9357283874,868923.9357283874
2018-05-30,868923.9357283874,868923.9357283874
2018-05-31,868923.9357283874,868923.9357283874
2018-06-01,868923.9357283874,868923.9357283874
2018-06-02,868923.9357283874,868923.9357283874
2018-06-03,868923.9357283874,868923.9357283874
2018-06-04,868923.9357283874,868923.9357283874
2018-06-05,868923.9357283874,868923.9357283874
2018-06-06,868923.9357283874,868923.9357283874
2018-06-07,868923.9357283874,868923.9357283874
2018-06-08,868923.9357283874,868923.9357283874
2018-06-09,868923.9357283874,868923.9357283874
2018-06-10,868923.9357283874,868923.9357283874
2018-06-11,868923.9357283874,868923.9357283874
2018-06-12,868923.9357283874,868923.9357283874
2018-06-13,865468.4300616912,763344.9891314432
2018-06-14,864638.6498289033,889802.6289021862
2018-06-15,864851.4163487758,889802.6289021862
2018-06-16,862606.8548990755,993807.4151689728
2018-06-17,862959.934142733,993807.4151689728
2018-06-18,857565.310661431,993807.4151689728
2018-06-19,854972.2920972692,993807.4151689728
2018-06-20,854904.1494684254,993807.4151689728
2018-06-21,856562.3668681446,993807.4151689728
2018-06-22,871604.5206285622,993807.4151689728
2018-06-23,870321.7266360926,1091737.7094543732
2018-06-24,876294.8615744414,1091737.7094543732
2018-06-25,872187.719837072,1091737.7094543732
2018-06-26,884617.7366242616,1091737.7094543732
2018-06-27,879046.6034079097,1091737.7094543732
2018-06-28,891719.0847572319,1091737.7094543732
2018-06-29,880786.8874110291,1091737.7094543732
2018-06-30,870113.1984378754,1091737.7094543732
2018-07-01,869670.3259734585,1091737.7094543732
2018-07-02,856240.1424022971,1091737.7094543732
2018-07-03,857863.2463109471,952133.6474094803
2018-07-04,857141.5271720648,952133.6474094803
2018-07-05,858051.9130460175,952133.6474094803
2018-07-06,857872.3219851368,952133.6474094803
2018-07-07,855330.861146467,952133.6474094803
2018-07-08,856548.7758874372,897266.5734363465
2018-07-09,857420.3804080657,897266.5734363465
2018-07-10,859723.1991699537,897266.5734363465
2018-07-11,858549.5044461527,897266.5734363465
2018-07-12,859237.8739255128,897266.5734363465
2018-07-13,859366.633684242,897266.5734363465
2018-07-14,859539.9641286852,897266.5734363465
2018-07-15,858371.2217032969,897266.5734363465
2018-07-16,855919.833989029,897266.5734363465
2018-07-17,855799.1608817105,855799.1608817105
2018-07-18,855799.1608817105,855799.1608817105
2018-07-19,854583.3123471091,1003968.8710430351
2018-07-20,875769.7897551496,1260178.4584154624
2018-07-21,872040.5973930632,1260178.4584154624
2018-07-22,867340.7036215683,1260178.4584154624
2018-07-23,860187.4941781503,1260178.4584154624
2018-07-24,829362.7172796386,1260178.4584154624
2018-07-25,829681.9927969023,971545.3057798126
2018-07-26,836867.5441057328,971545.3057798126
2018-07-27,835307.2529643867,971545.3057798126
2018-07-28,835203.8619430595,835203.8619430595
2018-07-29,835203.8619430595,835203.8619430595
2018-07-30,835203.8619430595,835203.8619430595
2018-07-31,835203.8619430595,835203.8619430595
2018-08-01,835203.8619430595,835203.8619430595
2018-08-02,835203.8619430595,835203.8619430595
2018-08-03,835203.8619430595,835203.8619430595
2018-08-04,835203.8619430595,835203.8619430595
2018-08-05,835203.8619430595,835203.8619430595
2018-08-06,835203.8619430595,835203.8619430595
2018-08-07,835203.8619430595,835203.8619430595
2018-08-08,835203.8619430595,835203.8619430595
2018-08-09,841980.5517401291,657784.5272257009
2018-08-10,831098.2504199984,657784.5272257009
2018-08-11,835425.8042390533,701700.2386637855
2018-08-12,837542.5999291175,701700.2386637855
2018-08-13,840308.3500918357,701700.2386637855
2018-08-14,843077.3173639919,776758.3470749275
2018-08-15,844044.4898558588,814984.7304302382
2018-08-16,842264.9809076457,814984.7304302382
2018-08-17,826609.7304401784,814984.7304302382
2018-08-18,836882.1526322031,814984.7304302382
2018-08-19,832720.7529958687,994999.7836064718
2018-08-20,846844.5555282929,994999.7836064718
2018-08-21,840080.5920665248,994999.7836064718
2018-08-22,846276.2412142659,994999.7836064718
2018-08-23,841985.1759766365,994999.7836064718
2018-08-24,840194.3857359712,994999.7836064718
2018-08-25,840419.3657577863,994999.7836064718
2018-08-26,841909.8356562443,962938.353873719
2018-08-27,834016.3526510629,962938.353873719
2018-08-28,830482.791166294,920096.4119709152
2018-08-29,830393.1551420841,830393.1551420841
2018-08-30,830393.1551420841,830393.1551420841
2018-08-31,830393.1551420841,830393.1551420841
2018-09-01,830393.1551420841,830393.1551420841
2018-09-02,830393.1551420841,830393.1551420841
2018-09-03,830393.1551420841,830393.1551420841
2018-09-04,830393.1551420841,830393.1551420841
2018-09-05,830393.1551420841,830393.1551420841
2018-09-06,830393.1551420841,830393.1551420841
2018-09-07,830393.1551420841,830393.1551420841
2018-09-08,830393.1551420841,830393.1551420841
2018-09-09,830393.1551420841,830393.1551420841
2018-09-10,830393.1551420841,830393.1551420841
2018-09-11,830393.1551420841,830393.1551420841
2018-09-12,830393.1551420841,830393.1551420841
2018-09-13,830393.1551420841,830393.1551420841
2018-09-14,830393.1551420841,830393.1551420841
2018-09-15,830393.1551420841,830393.1551420841
2018-09-16,830393.1551420841,830393.1551420841
2018-09-17,830393.1551420841,830393.1551420841
2018-09-18,830393.1551420841,830393.1551420841
2018-09-19,830393.1551420841,830393.1551420841
2018-09-20,830393.1551420841,830393.1551420841
2018-09-21,830393.1551420841,830393.1551420841
2018-09-22,830393.1551420841,830393.1551420841
2018-09-23,830393.1551420841,830393.1551420841
2018-09-24,830393.1551420841,830393.1551420841
2018-09-25,830393.1551420841,830393.1551420841
2018-09-26,830393.1551420841,830393.1551420841
2018-09-27,830393.1551420841,830393.1551420841
2018-09-28,830393.1551420841,830393.1551420841
2018-09-29,830393.1551420841,830393.1551420841
2018-09-30,830393.1551420841,830393.1551420841
2018-10-01,830393.1551420841,830393.1551420841
2018-10-02,830393.1551420841,830393.1551420841
2018-10-03,830393.1551420841,830393.1551420841
2018-10-04,830393.1551420841,830393.1551420841
2018-10-05,830393.1551420841,830393.1551420841
2018-10-06,830393.1551420841,830393.1551420841
2018-10-07,830393.1551420841,830393.1551420841
2018-10-08,830393.1551420841,830393.1551420841
2018-10-09,830393.1551420841,830393.1551420841
2018-10-10,830393.1551420841,830393.1551420841
2018-10-11,830393.1551420841,830393.1551420841
2018-10-12,837445.4038793289,757552.725435351
2018-10-13,837823.3041671839,757552.725435351
2018-10-14,835400.1847335,757552.725435351
2018-10-15,845225.5922177325,757552.725435351
2018-10-16,849373.0004020316,757552.725435351
2018-10-17,849534.4150978491,757552.725435351
2018-10-18,846330.808134977,757552.725435351
2018-10-19,846427.9678409696,846427.9678409696
2018-10-20,846427.9678409696,846427.9678409696
2018-10-21,846427.9678409696,846427.9678409696
2018-10-22,846427.9678409696,846427.9678409696
2018-10-23,846427.9678409696,846427.9678409696
2018-10-24,846427.9678409696,846427.9678409696
2018-10-25,846427.9678409696,846427.9678409696
2018-10-26,846427.9678409696,846427.9678409696
2018-10-27,846427.9678409696,846427.9678409696
2018-10-28,846427.9678409696,846427.9678409696
2018-10-29,846427.9678409696,846427.9678409696
2018-10-30,846427.9678409696,846427.9678409696
2018-10-31,846427.9678409696,846427.9678409696
2018-11-01,846427.9678409696,846427.9678409696
2018-11-02,846427.9678409696,846427.9678409696
2018-11-03,846427.9678409696,846427.9678409696
2018-11-04,846427.9678409696,846427.9678409696
2018-11-05,846427.9678409696,846427.9678409696
2018-11-06,846427.9678409696,846427.9678409696
2018-11-07,846427.9678409696,846427.9678409696
2018-11-08,846427.9678409696,846427.9678409696
2018-11-09,846427.9678409696,846427.9678409696
2018-11-10,846427.9678409696,846427.9678409696
2018-11-11,846427.9678409696,846427.9678409696
2018-11-12,846427.9678409696,846427.9678409696
2018-11-13,846427.9678409696,846427.9678409696
2018-11-14,846427.9678409696,846427.9678409696
2018-11-15,839151.1344227716,592469.1925119754
2018-11-16,839062.5678825052,839062.5678825052
2018-11-17,839062.5678825052,839062.5678825052
2018-11-18,839062.5678825052,839062.5678825052
2018-11-19,839062.5678825052,839062.5678825052
2018-11-20,839062.5678825052,839062.5678825052
2018-11-21,837489.1456530654,865487.8729155879
2018-11-22,839801.3755859929,865487.8729155879
2018-11-23,840286.1692704284,865487.8729155879
2018-11-24,844260.1545505604,889126.2512995905
2018-11-25,840971.6166353748,957052.4898070282
2018-11-26,846849.8106329516,957052.4898070282
2018-11-27,845648.9639326925,957052.4898070282
2018-11-28,834291.7132446223,957052.4898070282
2018-11-29,835694.2415531259,957052.4898070282
2018-11-30,842043.9641879933,957052.4898070282
2018-12-01,836810.9577844131,957052.4898070282
2018-12-02,837342.5907998706,957052.4898070282
2018-12-03,845289.7174673004,957052.4898070282
2018-12-04,841438.8769321318,957052.4898070282
2018-12-05,846922.0866845918,930752.0830744571
2018-12-06,854586.6094151962,930752.0830744571
2018-12-07,858312.9238863498,986987.6071347357
2018-12-08,858860.520777097,986987.6071347357
2018-12-09,854877.3022352554,986987.6071347357
2018-12-10,859599.9333117671,986987.6071347357
2018-12-11,861243.894058508,986987.6071347357
2018-12-12,858454.4389075936,986987.6071347357
2018-12-13,862327.593364379,986987.6071347357
2018-12-14,865525.8765769157,986987.6071347357
2018-12-15,866248.6750343381,986987.6071347357
2018-12-16,863556.7349514073,986987.6071347357
2018-12-17,848237.1529697444,986987.6071347357
2018-12-18,845086.4620396284,904497.9084361014
2018-12-19,845026.9031957301,845026.9031957301
2018-12-20,845026.9031957301,845026.9031957301
2018-12-21,845026.9031957301,845026.9031957301
2018-12-22,845026.9031957301,845026.9031957301
2018-12-23,839836.3483874773,944749.1802084073
2018-12-24,825166.9622088938,1127194.972154905
2018-12-25,826835.506449697,847288.248787087
2018-12-26,826830.0034518751,826830.0034518751
2018-12-27,826830.0034518751,826830.0034518751
2018-12-28,826830.0034518751,826830.0034518751
2018-12-29,826830.0034518751,826830.0034518751
2018-12-30,826830.0034518751,826830.0034518751
2018-12-31,826830.0034518751,826830.0034518751
2019-01-01,826830.0034518751,826830.0034518751
2019-01-02,826830.0034518751,826830.0034518751
2019-01-03,826830.0034518751,826830.0034518751
2019-01-04,826830.0034518751,826830.0034518751
2019-01-05,826830.0034518751,826830.0034518751
2019-01-06,826830.0034518751,826830.0034518751
2019-01-07,826830.0034518751,826830.0034518751
2019-01-08,826830.0034518751,826830.0034518751
2019-01-09,826830.0034518751,826830.0034518751
2019-01-10,826830.0034518751,826830.0034518751
2019-01-11,826830.0034518751,826830.0034518751
2019-01-12,826830.0034518751,826830.0034518751
2019-01-13,826830.0034518751,826830.0034518751
2019-01-14,826830.0034518751,826830.0034518751
2019-01-15,826830.0034518751,826830.0034518751
2019-01-16,826830.0034518751,826830.0034518751
2019-01-17,826830.0034518751,826830.0034518751
2019-01-18,826830.0034518751,826830.0034518751
2019-01-19,826830.0034518751,826830.0034518751
2019-01-20,826830.0034518751,826830.0034518751
2019-01-21,826830.0034518751,826830.0034518751
2019-01-22,826830.0034518751,826830.0034518751
2019-01-23,826830.0034518751,826830.0034518751
2019-01-24,826830.0034518751,826830.0034518751
2019-01-25,826830.0034518751,826830.0034518751
2019-01-26,826830.0034518751,826830.0034518751
2019-01-27,826830.0034518751,826830.0034518751
2019-01-28,826830.0034518751,826830.0034518751
2019-01-29,826830.0034518751,826830.0034518751
2019-01-30,826830.0034518751,826830.0034518751
2019-01-31,826830.0034518751,826830.0034518751
2019-02-01,826830.0034518751,826830.0034518751
2019-02-02,826830.0034518751,826830.0034518751
2019-02-03,826830.0034518751,826830.0034518751
2019-02-04,826830.0034518751,826830.0034518751
2019-02-05,826830.0034518751,826830.0034518751
2019-02-06,826830.0034518751,826830.0034518751
2019-02-07,826830.0034518751,826830.0034518751
2019-02-08,826830.0034518751,826830.0034518751
2019-02-09,826830.0034518751,826830.0034518751
2019-02-10,826830.0034518751,826830.0034518751
2019-02-11,828626.5004398001,779734.5227992141
2019-02-12,827331.9569549205,779734.5227992141
2019-02-13,825452.9960981513,779734.5227992141
2019-02-14,824710.0317834048,779734.5227992141
2019-02-15,827406.8691026781,779734.5227992141
2019-02-16,826470.9803526107,779734.5227992141
2019-02-17,827042.0572050367,779734.5227992141
2019-02-18,829056.988740955,779734.5227992141
2019-02-19,831766.7698350091,975536.3377592926
2019-02-20,834905.6286871934,975536.3377592926
2019-02-21,831826.9887527147,975536.3377592926
2019-02-22,833346.1208721412,724098.4288041757
2019-02-23,835614.9320232429,724098.4288041757
2019-02-24,823212.4746385767,724098.4288041757
2019-02-25,823738.1616030056,724098.4288041757
2019-02-26,821598.7608643764,724098.4288041757
2019-02-27,821548.1429615475,821548.1429615475
2019-02-28,821548.1429615475,821548.1429615475
2019-03-01,821548.1429615475,821548.1429615475
2019-03-02,821548.1429615475,821548.1429615475
2019-03-03,821548.1429615475,821548.1429615475
2019-03-04,821548.1429615475,821548.1429615475
2019-03-05,821548.1429615475,821548.1429615475
2019-03-06,824916.9491733847,770091.4779794406
2019-03-07,827070.0603729706,770091.4779794406
2019-03-08,824025.2909601667,770091.4779794406
2019-03-09,824674.3185212056,770091.4779794406
2019-03-10,824319.6174122657,770091.4779794406
2019-03-11,824482.6289857359,770091.4779794406
2019-03-12,827950.3983380309,770091.4779794406
2019-03-13,826784.7901193978,770091.4779794406
2019-03-14,826278.02034354,770091.4779794406
2019-03-15,826478.3887359306,770091.4779794406
2019-03-16,830311.0474205073,770091.4779794406
2019-03-17,827507.107425841,669334.0786263375
2019-03-18,825254.5838567399,669334.0786263375
2019-03-19,825665.9033606265,669334.0786263375
2019-03-20,825516.0815963077,669334.0786263375
2019-03-21,819737.0640272136,669334.0786263375
2019-03-22,820887.8447085005,723453.7206092149
2019-03-23,831218.0264918242,645171.2104284245
2019-03-24,826778.8559166108,645171.2104284245
2019-03-25,821517.1533046694,645171.2104284245
2019-03-26,825342.5121128721,645171.2104284245
2019-03-27,836832.4488174028,645171.2104284245
2019-03-28,833310.8331875561,645171.2104284245
2019-03-29,842465.8478429769,645171.2104284245
2019-03-30,842148.0815458026,645171.2104284245
2019-03-31,839206.208048038,645171.2104284245
2019-04-01,842148.0815458026,645171.2104284245
2019-04-02,887053.0178454682,645171.2104284245
2019-04-03,899330.9888070879,841759.5872323477
2019-04-04,895127.4787146325,571247.9189794513
2019-04-05,906698.7135773143,571247.9189794513
2019-04-06,911446.2621759147,571247.9189794513
2019-04-07,909823.9930041651,571247.9189794513
2019-04-08,896415.1130349669,571247.9189794513
2019-04-09,887446.6862845923,493214.5451376432
2019-04-10,900532.3752649039,493214.5451376432
2019-04-11,864090.0147824205,416119.98935723
2019-04-12,862778.8949285807,477665.19947965565
2019-04-13,861713.8006335744,477665.19947965565
2019-04-14,875905.0257080318,477665.19947965565
2019-04-15,859155.1588491979,477665.19947965565
2019-04-16,868797.6558451075,477665.19947965565
2019-04-17,866553.9488546692,477665.19947965565
2019-04-18,870178.735192171,697034.9563500303
2019-04-19,877297.7301592178,650627.424122426
2019-04-20,879641.2568231472,650627.424122426
2019-04-21,874509.9475930466,650627.424122426
2019-04-22,883588.1459734777,533196.649200977
2019-04-23,873915.2587988068,533196.649200977
2019-04-24,869841.600614384,533196.649200977
2019-04-25,861460.386654326,605003.7577028731
2019-04-26,865112.1237299318,605003.7577028731
2019-04-27,863897.9700490338,605003.7577028731
2019-04-28,863138.8391452425,605003.7577028731
2019-04-29,852095.6804644809,605003.7577028731
2019-04-30,862408.4669415582,605003.7577028731
2019-05-01,861137.378007774,672930.309181961
2019-05-02,862344.6423583684,672930.309181961
2019-05-03,868629.1858811604,672930.309181961
2019-05-04,864524.046127703,672930.309181961
2019-05-05,862398.7683160065,672930.309181961
2019-05-06,863483.1736914424,672930.309181961
2019-05-07,860368.4676104742,672930.309181961
2019-05-08,863341.8025185411,672930.309181961
2019-05-09,864470.3483351717,732744.3223865208
2019-05-10,866810.5595166076,774332.9763827171
2019-05-11,877009.5557099602,774332.9763827171
2019-05-12,874204.2702943106,672051.7718403987
2019-05-13,890304.5779512074,672051.7718403987
2019-05-14,903625.7021761105,672051.7718403987
2019-05-15,923881.2733111762,672051.7718403987
2019-05-16,939622.3325765338,857934.9768603046
2019-05-17,931928.238494202,857934.9768603046
2019-05-18,932746.4851719857,857934.9768603046
2019-05-19,944911.3281093951,857934.9768603046
2019-05-20,940397.1702760234,857934.9768603046
2019-05-21,942271.5282523676,857934.9768603046
2019-05-22,945960.4423120542,857934.9768603046
2019-05-23,944044.1255289045,857934.9768603046
2019-05-24,947449.5628284821,857934.9768603046
2019-05-25,951801.0128298652,801208.162933249
2019-05-26,960896.018125284,701756.4821810026
2019-05-27,970550.8539555256,558691.4471548634
2019-05-28,968484.2280089254,558691.4471548634
2019-05-29,967300.0130548703,558691.4471548634
2019-05-30,945708.4849370385,558691.4471548634
2019-05-31,963953.1611131495,558691.4471548634
2019-06-01,961035.5724129364,558691.4471548634
2019-06-02,967253.7816798334,558691.4471548634
2019-06-03,938175.8879668419,558691.4471548634
2019-06-04,935170.221620129,861692.0524825278
2019-06-05,936219.9097506661,861692.0524825278
2019-06-06,941633.7122321352,861692.0524825278
2019-06-07,945602.3961229332,861692.0524825278
2019-06-08,946537.0499377951,861692.0524825278
2019-06-09,944128.5189533434,861692.0524825278
2019-06-10,954546.3141666882,861692.0524825278
2019-06-11,959248.3418199163,861692.0524825278
2019-06-12,958982.3249649171,861692.0524825278
2019-06-13,955552.8644288471,861692.0524825278
2019-06-14,956595.3629146545,861692.0524825278
2019-06-15,960578.426094912,861692.0524825278
2019-06-16,959794.7548193741,861692.0524825278
2019-06-17,957889.4989660018,861692.0524825278
2019-06-18,958910.4285176201,861692.0524825278
2019-06-19,959780.3755299146,861692.0524825278
2019-06-20,959082.9799911331,861692.0524825278
2019-06-21,961110.4598049104,861692.0524825278
2019-06-22,968330.1264129924,782470.1682854919
2019-06-23,966283.2908493775,782470.1682854919
2019-06-24,966211.9947737833,782470.1682854919
2019-06-25,972568.0835195298,782470.1682854919
2019-06-26,979550.5868527442,782470.1682854919
2019-06-27,965708.7144564383,877450.9780981914
2019-06-28,974048.7273650634,877450.9780981914
2019-06-29,970173.3290780191,877450.9780981914
2019-06-30,962001.6525653398,877450.9780981914
2019-07-01,960216.4766348033,877450.9780981914
2019-07-02,961914.0179307082,877450.9780981914
2019-07-03,970460.536987252,877450.9780981914
2019-07-04,964272.9086026333,877450.9780981914
2019-07-05,962910.1705597478,877450.9780981914
2019-07-06,965136.1681768448,877450.9780981914
2019-07-07,966302.6825356083,877450.9780981914
2019-07-08,972786.5549340085,877450.9780981914
2019-07-09,975160.9471990818,877450.9780981914
2019-07-10,971772.0964035125,877450.9780981914
2019-07-11,965809.2021708159,877450.9780981914
2019-07-12,965720.7882167243,965720.7882167243
2019-07-13,965720.7882167243,965720.7882167243
2019-07-14,965720.7882167243,965720.7882167243
2019-07-15,965720.7882167243,965720.7882167243
2019-07-16,965720.7882167243,965720.7882167243
2019-07-17,968198.7211138483,863272.6427156114
2019-07-18,978609.3669862514,863272.6427156114
2019-07-19,978510.1054995513,978510.1054995513
2019-07-20,978510.1054995513,978510.1054995513
2019-07-21,978510.1054995513,978510.1054995513
2019-07-22,978510.1054995513,978510.1054995513
2019-07-23,978510.1054995513,978510.1054995513
2019-07-24,978510.1054995513,978510.1054995513
2019-07-25,978510.1054995513,978510.1054995513
2019-07-26,978510.1054995513,978510.1054995513
2019-07-27,978510.1054995513,978510.1054995513
2019-07-28,978510.1054995513,978510.1054995513
2019-07-29,978510.1054995513,978510.1054995513
2019-07-30,978510.1054995513,978510.1054995513
2019-07-31,978510.1054995513,978510.1054995513
2019-08-01,978510.1054995513,978510.1054995513
2019-08-02,978510.1054995513,978510.1054995513
2019-08-03,978510.1054995513,978510.1054995513
2019-08-04,978510.1054995513,978510.1054995513
2019-08-05,978510.1054995513,978510.1054995513
2019-08-06,985438.114911946,1208863.4164822474
2019-08-07,985615.8440717597,1208863.4164822474
2019-08-08,985382.6569689338,985382.6569689338
2019-08-09,985382.6569689338,985382.6569689338
2019-08-10,985382.6569689338,985382.6569689338
2019-08-11,985382.6569689338,985382.6569689338
2019-08-12,985382.6569689338,985382.6569689338
2019-08-13,985382.6569689338,985382.6569689338
2019-08-14,985382.6569689338,985382.6569689338
2019-08-15,985000.6783857166,1086520.7259527848
2019-08-16,986957.6954718453,1123473.6207971585
2019-08-17,984173.4563522454,1140201.974220786
2019-08-18,973505.5651029313,1137536.301612338
2019-08-19,975254.6929401766,1134539.510185211
2019-08-20,978696.991813444,1133708.1308895464
2019-08-21,983988.6942790672,1131877.6352320057
2019-08-22,979487.3026946366,1130002.5948235888
2019-08-23,976978.4242030052,1128685.6146172455
2019-08-24,977287.4985643016,1127054.320938722
2019-08-25,979013.9613440399,1125477.9416652813
2019-08-26,978609.5644553263,1123503.4640770045
2019-08-27,978099.4178385686,1121977.4032828333
2019-08-28,984129.3798155235,1071587.5385949425
2019-08-29,985600.9529772194,1143747.1167597026
2019-08-30,986611.8909401328,1142830.114837927
2019-08-31,984113.5009728165,1141938.3171417105
2019-09-01,985185.2611554893,1141055.7905275903
2019-09-02,980678.483645127,1139734.7239848373
2019-09-03,979360.4513857231,1141408.9023234872
2019-09-04,982562.5140810045,1142249.0237777636
2019-09-05,983647.8791360152,1143365.6575449584
2019-09-06,987923.9990115915,1145401.1039861052
2019-09-07,979681.1083252262,1147345.1506975382
2019-09-08,976805.8732383798,1149550.0796995861
2019-09-09,977527.5642723313,1034232.0425574769
2019-09-10,977392.3133863539,1035040.1683957081
2019-09-11,978183.4005339441,1036318.388399245
2019-09-12,978536.2491489089,1037477.9825315169
2019-09-13,978239.0108808782,1038321.4384063801
2019-09-14,976592.2284476702,1039133.0491026018
2019-09-15,976548.1563681012,964408.7532648812
2019-09-16,976568.1351360851,965714.3324963921
2019-09-17,977073.729916921,968995.387050881
2019-09-18,973454.1773279117,1269918.7682061526
2019-09-19,959308.609341095,1269918.7682061526
2019-09-20,958969.6867996978,958969.6867996978
2019-09-21,962556.8057653254,1243883.360770134
2019-09-22,967593.3425556929,1243883.360770134
2019-09-23,980557.519073236,1243883.360770134
2019-09-24,1026972.1490270635,1243883.360770134
2019-09-25,1026873.0385778465,1026873.0385778465
2019-09-26,1026873.0385778465,1026873.0385778465
2019-09-27,1026873.0385778465,1026873.0385778465
2019-09-28,1026873.0385778465,1026873.0385778465
2019-09-29,1026873.0385778465,1026873.0385778465
2019-09-30,1026873.0385778465,1026873.0385778465
2019-10-01,1026873.0385778465,1026873.0385778465
2019-10-02,1026873.0385778465,1026873.0385778465
2019-10-03,1026873.0385778465,1026873.0385778465
2019-10-04,1026873.0385778465,1026873.0385778465
2019-10-05,1026873.0385778465,1026873.0385778465
2019-10-06,1026873.0385778465,1026873.0385778465
2019-10-07,1026873.0385778465,1026873.0385778465
2019-10-08,1026873.0385778465,1026873.0385778465
2019-10-09,1026873.0385778465,1026873.0385778465
2019-10-10,1026873.0385778465,1026873.0385778465
2019-10-11,1026873.0385778465,1026873.0385778465
2019-10-12,1026873.0385778465,1026873.0385778465
2019-10-13,1026873.0385778465,1026873.0385778465
2019-10-14,1026873.0385778465,1026873.0385778465
2019-10-15,1024968.6692205393,1270760.4341207363
2019-10-16,1035881.0964400274,1270760.4341207363
2019-10-17,1025571.090281552,1270760.4341207363
2019-10-18,1029543.0972772405,1270760.4341207363
2019-10-19,1029488.8131816328,1270760.4341207363
2019-10-20,1029300.4943093975,1029300.4943093975
2019-10-21,1029300.4943093975,1029300.4943093975
2019-10-22,1029300.4943093975,1029300.4943093975
2019-10-23,1029300.4943093975,1029300.4943093975
2019-10-24,1029300.4943093975,1029300.4943093975
2019-10-25,1029300.4943093975,1029300.4943093975
2019-10-26,1029300.4943093975,1029300.4943093975
2019-10-27,1029300.4943093975,1029300.4943093975
2019-10-28,1029300.4943093975,1029300.4943093975
2019-10-29,1029300.4943093975,1029300.4943093975
2019-10-30,1029300.4943093975,1029300.4943093975
2019-10-31,1029300.4943093975,1029300.4943093975
2019-11-01,1029300.4943093975,1029300.4943093975
2019-11-02,1029300.4943093975,1029300.4943093975
2019-11-03,1029300.4943093975,1029300.4943093975
2019-11-04,1029300.4943093975,1029300.4943093975
2019-11-05,1029300.4943093975,1029300.4943093975
2019-11-06,1029300.4943093975,1029300.4943093975
2019-11-07,1029300.4943093975,1029300.4943093975
2019-11-08,1029300.4943093975,1029300.4943093975
2019-11-09,1029300.4943093975,1029300.4943093975
2019-11-10,1029300.4943093975,1029300.4943093975
2019-11-11,1029300.4943093975,1029300.4943093975
2019-11-12,1029300.4943093975,1029300.4943093975
2019-11-13,1029300.4943093975,1029300.4943093975
2019-11-14,1029300.4943093975,1029300.4943093975
2019-11-15,1029300.4943093975,1029300.4943093975
2019-11-16,1029300.4943093975,1029300.4943093975
2019-11-17,1029300.4943093975,1029300.4943093975
2019-11-18,1029300.4943093975,1029300.4943093975
2019-11-19,1029300.4943093975,1029300.4943093975
2019-11-20,1029300.4943093975,1029300.4943093975
2019-11-21,1029300.4943093975,1029300.4943093975
2019-11-22,1029300.4943093975,1029300.4943093975
2019-11-23,1029300.4943093975,1029300.4943093975
2019-11-24,1029300.4943093975,1029300.4943093975
2019-11-25,1029300.4943093975,1029300.4943093975
2019-11-26,1029300.4943093975,1029300.4943093975
2019-11-27,1029300.4943093975,1029300.4943093975
2019-11-28,1029300.4943093975,1029300.4943093975
2019-11-29,1029300.4943093975,1029300.4943093975
2019-11-30,1029300.4943093975,1029300.4943093975
2019-12-01,1029300.4943093975,1029300.4943093975
2019-12-02,1029300.4943093975,1029300.4943093975
2019-12-03,1029300.4943093975,1029300.4943093975
2019-12-04,1029300.4943093975,1029300.4943093975
2019-12-05,1029300.4943093975,1029300.4943093975
2019-12-06,1029300.4943093975,1029300.4943093975
2019-12-07,1029300.4943093975,1029300.4943093975
2019-12-08,1029300.4943093975,1029300.4943093975
2019-12-09,1029300.4943093975,1029300.4943093975
2019-12-10,1029300.4943093975,1029300.4943093975
2019-12-11,1029300.4943093975,1029300.4943093975
2019-12-12,1029300.4943093975,1029300.4943093975
2019-12-13,1029300.4943093975,1029300.4943093975
2019-12-14,1029300.4943093975,1029300.4943093975
2019-12-15,1029300.4943093975,1029300.4943093975
2019-12-16,1029300.4943093975,1029300.4943093975
2019-12-17,1029300.4943093975,1029300.4943093975
2019-12-18,1029300.4943093975,1029300.4943093975
2019-12-19,1029300.4943093975,1029300.4943093975
2019-12-20,1029300.4943093975,1029300.4943093975
2019-12-21,1029300.4943093975,1029300.4943093975
2019-12-22,1029300.4943093975,1029300.4943093975
2019-12-23,1029300.4943093975,1029300.4943093975
2019-12-24,1029300.4943093975,1029300.4943093975
2019-12-25,1029300.4943093975,1029300.4943093975
2019-12-26,1029300.4943093975,1029300.4943093975
2019-12-27,1029300.4943093975,1029300.4943093975
2019-12-28,1029300.4943093975,1029300.4943093975
2019-12-29,1029300.4943093975,1029300.4943093975
2019-12-30,1029300.4943093975,1029300.4943093975
2019-12-31,1029300.4943093975,1029300.4943093975
2020-01-01,1029300.4943093975,1029300.4943093975
2020-01-02,1029300.4943093975,1029300.4943093975
2020-01-03,1029300.4943093975,1029300.4943093975
2020-01-04,1029300.4943093975,1029300.4943093975
2020-01-05,1029300.4943093975,1029300.4943093975
2020-01-06,1029300.4943093975,1029300.4943093975
2020-01-07,1029895.2180229374,1107736.0668479374
2020-01-08,1036938.5927250504,1500731.144666223
2020-01-09,1044134.0161391086,1532053.0571485355
2020-01-10,1023436.4040532217,1589947.1963543203
2020-01-11,1029880.6101879652,1620451.4373417804
2020-01-12,1011654.3442919609,1634481.2945436875
2020-01-13,1026928.539211596,1634481.2945436875
2020-01-14,940574.5545372188,1634481.2945436875
2020-01-15,917366.6654242384,1660981.0013287147
2020-01-16,923304.3686302162,1315160.024747573
2020-01-17,914282.4200682053,1180974.2953310327
2020-01-18,913851.126306689,918657.602532994
2020-01-19,913877.9409329098,914606.1908635139
2020-01-20,913876.6957536829,913876.6957536829
2020-01-21,913876.6957536829,913876.6957536829
2020-01-22,913438.7201201218,853812.7858833718
2020-01-23,908523.3694532826,826398.0921949183
2020-01-24,911889.7830880048,826398.0921949183
2020-01-25,908447.292308995,826398.0921949183
2020-01-26,911547.435938711,826398.0921949183
2020-01-27,917614.5881956397,826398.0921949183
2020-01-28,927010.1155151469,826398.0921949183
2020-01-29,927751.86767195,826398.0921949183
2020-01-30,933172.364202435,826398.0921949183
2020-01-31,923051.4038597781,544973.9994366858
2020-02-01,929642.5406656198,544973.9994366858
2020-02-02,932572.1292988904,479426.1097629521
2020-02-03,935744.2037573695,479426.1097629521
2020-02-04,929498.2930649326,479426.1097629521
2020-02-05,962718.7874429283,381370.9128736657
2020-02-06,985459.9989589031,381370.9128736657
2020-02-07,1003855.9749874439,218397.57172186556
2020-02-08,1009369.6226799317,186926.7766726911
2020-02-09,1046869.582489267,145379.90362127402
2020-02-10,1027096.989599495,119283.16132557482
2020-02-11,1060162.2807718888,101944.49283046517
2020-02-12,1110199.9707636056,83102.613202632
2020-02-13,1108360.509669135,80041.06708393672
2020-02-14,1142916.0423575372,80041.06708393672
2020-02-15,1065941.2953628567,80041.06708393672
2020-02-16,1034062.3569073342,80041.06708393672
2020-02-17,1029768.2075334098,80041.06708393672
2020-02-18,1054108.5763816473,426064.46553379763
2020-02-19,1005479.1186024192,430482.7023562251
2020-02-20,1004375.0086033801,537962.4379997908
2020-02-21,1009295.617423349,736307.6241560535
2020-02-22,1004673.298265486,739156.3598063801
2020-02-23,1016215.710050923,741360.1772210448
2020-02-24,1006883.2642914603,744667.0223040615
2020-02-25,991383.7369575747,751289.1283147961
2020-02-26,987314.8624022375,916670.9305733647
2020-02-27,994689.0458405844,671246.5042540269
2020-02-28,991043.3453824922,673548.2152188123
2020-02-29,986733.490590086,675472.5328094347
2020-03-01,985120.1147063177,678063.363070223
2020-03-02,1000449.5379186182,680249.4158247072
2020-03-03,999296.6586369033,686752.900221883
2020-03-04,999608.8664843292,691793.8004361085
2020-03-05,1008480.0241131467,694754.7786682602
2020-03-06,1011573.0293912501,834799.6569695228
2020-03-07,1010091.8979670628,969720.8526448352
2020-03-08,1006496.8906862875,974067.6896765829
2020-03-09,1007175.6420301643,979052.1627743945
2020-03-10,1007027.581517147,984073.2160034104
2020-03-11,1006713.0464637923,986890.409742978
2020-03-12,1005917.1689850384,1003645.6965842528
2020-03-13,1021340.1551486176,941917.7686037853
2020-03-14,1014515.2566479725,941917.7686037853
2020-03-15,1014442.6773093004,1014442.6773093004
2020-03-16,1014442.6773093004,1014442.6773093004
2020-03-17,1014442.6773093004,1014442.6773093004
2020-03-18,1014442.6773093004,1014442.6773093004
2020-03-19,1014442.6773093004,1014442.6773093004
2020-03-20,1014442.6773093004,1014442.6773093004
2020-03-21,1014442.6773093004,1014442.6773093004
2020-03-22,1014442.6773093004,1014442.6773093004
2020-03-23,1014442.6773093004,1014442.6773093004
2020-03-24,1014442.6773093004,1014442.6773093004
2020-03-25,1014442.6773093004,1014442.6773093004
2020-03-26,1014442.6773093004,1014442.6773093004
2020-03-27,1014442.6773093004,1014442.6773093004
2020-03-28,1014442.6773093004,1014442.6773093004
2020-03-29,1014442.6773093004,1014442.6773093004
2020-03-30,1014442.6773093004,1014442.6773093004
2020-03-31,1014442.6773093004,1014442.6773093004
2020-04-01,1014442.6773093004,1014442.6773093004
2020-04-02,1014442.6773093004,1014442.6773093004
2020-04-03,1014442.6773093004,1014442.6773093004
2020-04-04,1014442.6773093004,1014442.6773093004
2020-04-05,1014442.6773093004,1014442.6773093004
2020-04-06,1014442.6773093004,1014442.6773093004
2020-04-07,1034269.237974525,1864080.1968815709
2020-04-08,999400.800610123,1923660.4080318876
2020-04-09,1006775.7355316802,1720820.0727924726
2020-04-10,1063939.1659241335,1720820.0727924726
2020-04-11,1061008.6563085413,1562773.142638756
2020-04-12,1060369.0918235371,1393021.470872067
2020-04-13,1061181.922491719,1151008.7533039101
2020-04-14,1061123.9831152232,1106839.1646688455
2020-04-15,1061164.1485679646,1062939.392469379
2020-04-16,1061162.9308141891,1061162.9308141891
2020-04-17,1061162.9308141891,1061162.9308141891
2020-04-18,1061162.9308141891,1061162.9308141891
2020-04-19,1061162.9308141891,1061162.9308141891
2020-04-20,1061162.9308141891,1061162.9308141891
2020-04-21,1061162.9308141891,1061162.9308141891
2020-04-22,1061162.9308141891,1061162.9308141891
2020-04-23,1061162.9308141891,1061162.9308141891
2020-04-24,1061162.9308141891,1061162.9308141891
2020-04-25,1061162.9308141891,1061162.9308141891
2020-04-26,1061162.9308141891,1061162.9308141891
2020-04-27,1061162.9308141891,1061162.9308141891
2020-04-28,1061162.9308141891,1061162.9308141891
2020-04-29,1061162.9308141891,1061162.9308141891
2020-04-30,1057004.0035005396,967121.3661054766
2020-05-01,1059594.758868002,967121.3661054766
2020-05-02,1060414.728580263,967121.3661054766
2020-05-03,1058652.6660071067,967121.3661054766
2020-05-04,1057178.465141446,967121.3661054766
2020-05-05,1056659.441759749,967121.3661054766
2020-05-06,1053902.9478334254,967121.3661054766
2020-05-07,1059586.0357859568,967121.3661054766
2020-05-08,1057537.7001765177,878128.5244105138
2020-05-09,1054676.7656046948,878128.5244105138
2020-05-10,1037580.093159679,878128.5244105138
2020-05-11,1036097.6323817082,959877.9463028796
2020-05-12,1038316.7805176548,959877.9463028796
2020-05-13,1042755.4328930721,959877.9463028796
2020-05-14,1047051.9109365158,959877.9463028796
2020-05-15,1042818.1961391845,959877.9463028796
2020-05-16,1043395.5289775371,959877.9463028796
2020-05-17,1046055.3552244852,959877.9463028796
2020-05-18,1046535.1156972504,959877.9463028796
2020-05-19,1046905.4633622536,959877.9463028796
2020-05-20,1044676.4202257829,876526.4231300346
2020-05-21,1033662.2346722818,876526.4231300346
2020-05-22,1033538.973782981,1033538.973782981
2020-05-23,1033538.973782981,1033538.973782981
2020-05-24,1033538.973782981,1033538.973782981
2020-05-25,1033538.973782981,1033538.973782981
2020-05-26,1033538.973782981,1033538.973782981
2020-05-27,1033538.973782981,1033538.973782981
2020-05-28,1033538.973782981,1033538.973782981
2020-05-29,1033538.973782981,1033538.973782981
2020-05-30,1033538.973782981,1033538.973782981
2020-05-31,1033538.973782981,1033538.973782981
2020-06-01,1033538.973782981,1033538.973782981
2020-06-02,1033538.973782981,1033538.973782981
2020-06-03,1033538.973782981,1033538.973782981
2020-06-04,1033538.973782981,1033538.973782981
2020-06-05,1031494.4028117154,984919.5274693363
2020-06-06,1032024.8434490537,984919.5274693363
2020-06-07,1032259.9872367398,984919.5274693363
2020-06-08,1032210.7710951311,984919.5274693363
2020-06-09,1030258.5308113188,984919.5274693363
2020-06-10,1030635.8545636523,984919.5274693363
2020-06-11,1026080.627234757,984919.5274693363
2020-06-12,1028382.848970009,984919.5274693363
2020-06-13,1028153.1736425016,984919.5274693363
2020-06-14,1026709.5001553127,984919.5274693363
2020-06-15,1026678.6466162913,1026678.6466162913
2020-06-16,1026678.6466162913,1026678.6466162913
2020-06-17,1026678.6466162913,1026678.6466162913
2020-06-18,1026678.6466162913,1026678.6466162913
2020-06-19,1026678.6466162913,1026678.6466162913
2020-06-20,1026678.6466162913,1026678.6466162913
2020-06-21,1026678.6466162913,1026678.6466162913
2020-06-22,1026678.6466162913,1026678.6466162913
2020-06-23,1026678.6466162913,1026678.6466162913
2020-06-24,1026678.6466162913,1026678.6466162913
2020-06-25,1026678.6466162913,1026678.6466162913
2020-06-26,1026678.6466162913,1026678.6466162913
2020-06-27,1026678.6466162913,1026678.6466162913
2020-06-28,1026678.6466162913,1026678.6466162913
2020-06-29,1026678.6466162913,1026678.6466162913
2020-06-30,1026678.6466162913,1026678.6466162913
2020-07-01,1026678.6466162913,1026678.6466162913
2020-07-02,1026678.6466162913,1026678.6466162913
2020-07-03,1026678.6466162913,1026678.6466162913
2020-07-04,1026678.6466162913,1026678.6466162913
2020-07-05,1026678.6466162913,1026678.6466162913
2020-07-06,1026678.6466162913,1026678.6466162913
2020-07-07,1026678.6466162913,1026678.6466162913
2020-07-08,1026678.6466162913,1026678.6466162913
2020-07-09,1026678.6466162913,1026678.6466162913
2020-07-10,1031751.6247346422,1334374.3137003966
2020-07-11,1028696.365280018,1334374.3137003966
2020-07-12,1016223.8398154248,1642674.691218745
2020-07-13,1019796.9043895504,1321781.1809319505
2020-07-14,1024200.3028968076,1627349.624596038
2020-07-15,1034436.8938604081,1627349.624596038
2020-07-16,1046466.8197932765,1627349.624596038
2020-07-17,1048141.7111384321,1627349.624596038
2020-07-18,1038400.1798372263,1627349.624596038
2020-07-19,1037948.5400477999,1105912.0559271993
2020-07-20,1037863.5141671223,1037863.5141671223
2020-07-21,1037863.5141671223,1037863.5141671223
2020-07-22,1037863.5141671223,1037863.5141671223
2020-07-23,1037863.5141671223,1037863.5141671223
2020-07-24,1037863.5141671223,1037863.5141671223
2020-07-25,1042720.0497569588,886732.0749461033
2020-07-26,1043966.4208865747,783198.8528402467
2020-07-27,1038348.1910840722,783198.8528402467
2020-07-28,1051137.344817117,1020260.1642004711
2020-07-29,1042178.8097042094,711940.8307262503
2020-07-30,1047318.2435509815,711940.8307262503
2020-07-31,1054085.331830413,711940.8307262503
2020-08-01,1084840.7311617543,628412.0254841609
2020-08-02,1056036.7998822108,454940.0981007957
2020-08-03,1080446.1440452496,454940.0981007957
2020-08-04,1083380.7814903806,454940.0981007957
2020-08-05,1099462.652272424,454940.0981007957
2020-08-06,1096125.4894722449,454940.0981007957
2020-08-07,1078861.2423107922,454940.0981007957
2020-08-08,1090737.6949421288,554836.1520053092
2020-08-09,1080391.5122448057,554836.1520053092
2020-08-10,1088830.8683030976,554836.1520053092
2020-08-11,1061542.2308732437,554836.1520053092
2020-08-12,1066182.6487503967,618404.7654539623
2020-08-13,1082599.639042102,618404.7654539623
2020-08-14,1087299.5441129082,789572.2247066431
2020-08-15,1086395.201207352,789572.2247066431
2020-08-16,1089031.7374173705,789572.2247066431
2020-08-17,1095052.5630996975,789572.2247066431
2020-08-18,1085981.5118191408,789572.2247066431
2020-08-19,1076916.9020481643,789572.2247066431
2020-08-20,1079600.332120661,882675.4440375357
2020-08-21,1070414.2871145576,882675.4440375357
2020-08-22,1070216.4646454665,1070216.4646454665
2020-08-23,1070216.4646454665,1070216.4646454665
2020-08-24,1070216.4646454665,1070216.4646454665
2020-08-25,1070216.4646454665,1070216.4646454665
2020-08-26,1070222.2504830726,1051345.0780001795
2020-08-27,1070190.210025369,1070190.210025369
2020-08-28,1075432.302122436,862668.5407592207
2020-08-29,1077045.2164832524,862668.5407592207
2020-08-30,1084264.18270011,862668.5407592207
2020-08-31,1082800.0322851941,862668.5407592207
2020-09-01,1082579.955826541,1082579.955826541
2020-09-02,1082579.955826541,1082579.955826541
2020-09-03,1082579.955826541,1082579.955826541
2020-09-04,1082579.955826541,1082579.955826541
2020-09-05,1082579.955826541,1082579.955826541
2020-09-06,1082579.955826541,1082579.955826541
2020-09-07,1082579.955826541,1082579.955826541
2020-09-08,1082579.955826541,1082579.955826541
2020-09-09,1082579.955826541,1082579.955826541
2020-09-10,1082579.955826541,1082579.955826541
2020-09-11,1082579.955826541,1082579.955826541
2020-09-12,1082579.955826541,1082579.955826541
2020-09-13,1082579.955826541,1082579.955826541
2020-09-14,1082579.955826541,1082579.955826541
2020-09-15,1082579.955826541,1082579.955826541
2020-09-16,1082579.955826541,1082579.955826541
2020-09-17,1082579.955826541,1082579.955826541
2020-09-18,1082579.955826541,1082579.955826541
2020-09-19,1082579.955826541,1082579.955826541
2020-09-20,1082579.955826541,1082579.955826541
2020-09-21,1082579.955826541,1082579.955826541
2020-09-22,1082579.955826541,1082579.955826541
2020-09-23,1082579.955826541,1082579.955826541
2020-09-24,1082579.955826541,1082579.955826541
2020-09-25,1082579.955826541,1082579.955826541
2020-09-26,1082579.955826541,1082579.955826541
2020-09-27,1082579.955826541,1082579.955826541
2020-09-28,1082579.955826541,1082579.955826541
2020-09-29,1082579.955826541,1082579.955826541
2020-09-30,1082579.955826541,1082579.955826541
2020-10-01,1082579.955826541,1082579.955826541
2020-10-02,1082579.955826541,1082579.955826541
2020-10-03,1082579.955826541,1082579.955826541
2020-10-04,1082579.955826541,1082579.955826541
2020-10-05,1082579.955826541,1082579.955826541
2020-10-06,1082579.955826541,1082579.955826541
2020-10-07,1082579.955826541,1082579.955826541
2020-10-08,1082579.955826541,1082579.955826541
2020-10-09,1082579.955826541,1082579.955826541
2020-10-10,1082579.955826541,1082579.955826541
2020-10-11,1082579.955826541,1082579.955826541
2020-10-12,1082579.955826541,1082579.955826541
2020-10-13,1082579.955826541,1082579.955826541
2020-10-14,1082579.955826541,1082579.955826541
2020-10-15,1082579.955826541,1082579.955826541
2020-10-16,1082579.955826541,1082579.955826541
2020-10-17,1082579.955826541,1082579.955826541
2020-10-18,1082579.955826541,1082579.955826541
2020-10-19,1082579.955826541,1082579.955826541
2020-10-20,1082579.955826541,1082579.955826541
2020-10-21,1082579.955826541,1082579.955826541
2020-10-22,1082579.955826541,1082579.955826541
2020-10-23,1082579.955826541,1082579.955826541
2020-10-24,1082579.955826541,1082579.955826541
2020-10-25,1082579.955826541,1082579.955826541
2020-10-26,1082579.955826541,1082579.955826541
2020-10-27,1082579.955826541,1082579.955826541
2020-10-28,1082579.955826541,1082579.955826541
2020-10-29,1082579.955826541,1082579.955826541
2020-10-30,1082579.955826541,1082579.955826541
2020-10-31,1082579.955826541,1082579.955826541
2020-11-01,1082579.955826541,1082579.955826541
2020-11-02,1082579.955826541,1082579.955826541
2020-11-03,1082579.955826541,1082579.955826541
2020-11-04,1082579.955826541,1082579.955826541
2020-11-05,1082579.955826541,1082579.955826541
2020-11-06,1082579.955826541,1082579.955826541
2020-11-07,1082579.955826541,1082579.955826541
2020-11-08,1082579.955826541,1082579.955826541
2020-11-09,1082579.955826541,1082579.955826541
2020-11-10,1082579.955826541,1082579.955826541
2020-11-11,1082579.955826541,1082579.955826541
2020-11-12,1082579.955826541,1082579.955826541
2020-11-13,1082579.955826541,1082579.955826541
2020-11-14,1082579.955826541,1082579.955826541
2020-11-15,1082579.955826541,1082579.955826541
2020-11-16,1082579.955826541,1082579.955826541
2020-11-17,1082579.955826541,1082579.955826541
2020-11-18,1082579.955826541,1082579.955826541
2020-11-19,1082579.955826541,1082579.955826541
2020-11-20,1082579.955826541,1082579.955826541
2020-11-21,1082579.955826541,1082579.955826541
2020-11-22,1082579.955826541,1082579.955826541
2020-11-23,1082579.955826541,1082579.955826541
2020-11-24,1082579.955826541,1082579.955826541
2020-11-25,1082579.955826541,1082579.955826541
2020-11-26,1082579.955826541,1082579.955826541
2020-11-27,1082579.955826541,1082579.955826541
2020-11-28,1082579.955826541,1082579.955826541
2020-11-29,1082579.955826541,1082579.955826541
2020-11-30,1082579.955826541,1082579.955826541
2020-12-01,1082579.955826541,1082579.955826541
2020-12-02,1082579.955826541,1082579.955826541
2020-12-03,1082579.955826541,1082579.955826541
2020-12-04,1082579.955826541,1082579.955826541
2020-12-05,1082579.955826541,1082579.955826541
2020-12-06,1082579.955826541,1082579.955826541
2020-12-07,1082579.955826541,1082579.955826541
2020-12-08,1082579.955826541,1082579.955826541
2020-12-09,1082579.955826541,1082579.955826541
2020-12-10,1082579.955826541,1082579.955826541
2020-12-11,1082579.955826541,1082579.955826541
2020-12-12,1082579.955826541,1082579.955826541
2020-12-13,1082579.955826541,1082579.955826541
2020-12-14,1082579.955826541,1082579.955826541
2020-12-15,1082579.955826541,1082579.955826541
2020-12-16,1103856.3041628925,983920.3446621088
2020-12-17,1105433.9377426696,983920.3446621088
2020-12-18,1105301.9334576228,1105301.9334576228
2020-12-19,1105301.9334576228,1105301.9334576228
2020-12-20,1105301.9334576228,1105301.9334576228
2020-12-21,1105301.9334576228,1105301.9334576228
2020-12-22,1105301.9334576228,1105301.9334576228
2020-12-23,1105301.9334576228,1105301.9334576228
2020-12-24,1105301.9334576228,1105301.9334576228
2020-12-25,1105301.9334576228,1105301.9334576228
2020-12-26,1105301.9334576228,1105301.9334576228
2020-12-27,1105301.9334576228,1105301.9334576228
2020-12-28,1105301.9334576228,1105301.9334576228
2020-12-29,1105301.9334576228,1105301.9334576228
2020-12-30,1105301.9334576228,1105301.9334576228
2020-12-31,1105301.9334576228,1105301.9334576228
2021-01-01,1105301.9334576228,1105301.9334576228
2021-01-02,1105301.9334576228,1105301.9334576228
2021-01-03,1105301.9334576228,1105301.9334576228
2021-01-04,1105301.9334576228,1105301.9334576228
2021-01-05,1105301.9334576228,1105301.9334576228
2021-01-06,1105301.9334576228,1105301.9334576228
2021-01-07,1105301.9334576228,1105301.9334576228
2021-01-08,1105301.9334576228,1105301.9334576228
2021-01-09,1063843.6110601558,1263368.4106360546
2021-01-10,1069144.4838178924,1128673.4898569104
2021-01-11,1069090.4054319186,1069090.4054319186
2021-01-12,1069090.4054319186,1069090.4054319186
2021-01-13,1069090.4054319186,1069090.4054319186
2021-01-14,1069090.4054319186,1069090.4054319186
2021-01-15,1069090.4054319186,1069090.4054319186
2021-01-16,1069090.4054319186,1069090.4054319186
2021-01-17,1069090.4054319186,1069090.4054319186
2021-01-18,1069090.4054319186,1069090.4054319186
2021-01-19,1069090.4054319186,1069090.4054319186
2021-01-20,1069090.4054319186,1069090.4054319186
2021-01-21,1069090.4054319186,1069090.4054319186
2021-01-22,1069090.4054319186,1069090.4054319186
2021-01-23,1069090.4054319186,1069090.4054319186
2021-01-24,1069090.4054319186,1069090.4054319186
2021-01-25,1069090.4054319186,1069090.4054319186
2021-01-26,1069090.4054319186,1069090.4054319186
2021-01-27,1069090.4054319186,1069090.4054319186
2021-01-28,1069090.4054319186,1069090.4054319186
2021-01-29,1069090.4054319186,1069090.4054319186
2021-01-30,1069090.4054319186,1069090.4054319186
2021-01-31,1069090.4054319186,1069090.4054319186
2021-02-01,1069090.4054319186,1069090.4054319186
2021-02-02,1069090.4054319186,1069090.4054319186
2021-02-03,1069090.4054319186,1069090.4054319186
2021-02-04,1069090.4054319186,1069090.4054319186
2021-02-05,1069090.4054319186,1069090.4054319186
2021-02-06,1069090.4054319186,1069090.4054319186
2021-02-07,1069090.4054319186,1069090.4054319186
2021-02-08,1069090.4054319186,1069090.4054319186
2021-02-09,1069090.4054319186,1069090.4054319186
2021-02-10,1069090.4054319186,1069090.4054319186
2021-02-11,1069090.4054319186,1069090.4054319186
2021-02-12,1069090.4054319186,1069090.4054319186
2021-02-13,1069090.4054319186,1069090.4054319186
2021-02-14,1069090.4054319186,1069090.4054319186
2021-02-15,1069090.4054319186,1069090.4054319186
2021-02-16,1069090.4054319186,1069090.4054319186
2021-02-17,1069090.4054319186,1069090.4054319186
2021-02-18,1069090.4054319186,1069090.4054319186
2021-02-19,1069090.4054319186,1069090.4054319186
2021-02-20,1069090.4054319186,1069090.4054319186
2021-02-21,1069090.4054319186,1069090.4054319186
2021-02-22,1069090.4054319186,1069090.4054319186
2021-02-23,1069090.4054319186,1069090.4054319186
2021-02-24,1069090.4054319186,1069090.4054319186
2021-02-25,1069090.4054319186,1069090.4054319186
2021-02-26,1069090.4054319186,1069090.4054319186
2021-02-27,1069090.4054319186,1069090.4054319186
2021-02-28,1069090.4054319186,1069090.4054319186
2021-03-01,1069090.4054319186,1069090.4054319186
2021-03-02,1069090.4054319186,1069090.4054319186
2021-03-03,1069090.4054319186,1069090.4054319186
2021-03-04,1069090.4054319186,1069090.4054319186
2021-03-05,1069090.4054319186,1069090.4054319186
2021-03-06,1069090.4054319186,1069090.4054319186
2021-03-07,1069090.4054319186,1069090.4054319186
2021-03-08,1069090.4054319186,1069090.4054319186
2021-03-09,1069090.4054319186,1069090.4054319186
2021-03-10,1069090.4054319186,1069090.4054319186
2021-03-11,1069090.4054319186,1069090.4054319186
2021-03-12,1069090.4054319186,1069090.4054319186
2021-03-13,1069090.4054319186,1069090.4054319186
2021-03-14,1069090.4054319186,1069090.4054319186
2021-03-15,1069090.4054319186,1069090.4054319186
2021-03-16,1069090.4054319186,1069090.4054319186
2021-03-17,1069090.4054319186,1069090.4054319186
2021-03-18,1069090.4054319186,1069090.4054319186
2021-03-19,1069090.4054319186,1069090.4054319186
2021-03-20,1069090.4054319186,1069090.4054319186
2021-03-21,1069090.4054319186,1069090.4054319186
2021-03-22,1069090.4054319186,1069090.4054319186
2021-03-23,1069090.4054319186,1069090.4054319186
2021-03-24,1069090.4054319186,1069090.4054319186
2021-03-25,1069090.4054319186,1069090.4054319186
2021-03-26,1069090.4054319186,1069090.4054319186
2021-03-27,1069090.4054319186,1069090.4054319186
2021-03-28,1069090.4054319186,1069090.4054319186
2021-03-29,1069090.4054319186,1069090.4054319186
2021-03-30,1069090.4054319186,1069090.4054319186
2021-03-31,1069090.4054319186,1069090.4054319186
2021-04-01,1069090.4054319186,1069090.4054319186
2021-04-02,1069090.4054319186,1069090.4054319186
2021-04-03,1069090.4054319186,1069090.4054319186
2021-04-04,1069090.4054319186,1069090.4054319186
2021-04-05,1069090.4054319186,1069090.4054319186
2021-04-06,1069090.4054319186,1069090.4054319186
2021-04-07,1069090.4054319186,1069090.4054319186
2021-04-08,1069090.4054319186,1069090.4054319186
2021-04-09,1069090.4054319186,1069090.4054319186
2021-04-10,1069090.4054319186,1069090.4054319186
2021-04-11,1069090.4054319186,1069090.4054319186
2021-04-12,1069090.4054319186,1069090.4054319186
2021-04-13,1069090.4054319186,1069090.4054319186
2021-04-14,1069090.4054319186,1069090.4054319186
2021-04-15,1069090.4054319186,1069090.4054319186
2021-04-16,1069090.4054319186,1069090.4054319186
2021-04-17,1069090.4054319186,1069090.4054319186
2021-04-18,1069090.4054319186,1069090.4054319186
2021-04-19,1069090.4054319186,1069090.4054319186
2021-04-20,1069090.4054319186,1069090.4054319186
2021-04-21,1069090.4054319186,1069090.4054319186
2021-04-22,1069090.4054319186,1069090.4054319186
2021-04-23,1069090.4054319186,1069090.4054319186
2021-04-24,1069090.4054319186,1069090.4054319186
2021-04-25,1069090.4054319186,1069090.4054319186
2021-04-26,1069090.4054319186,1069090.4054319186
2021-04-27,1069090.4054319186,1069090.4054319186
2021-04-28,1069090.4054319186,1069090.4054319186
2021-04-29,1069090.4054319186,1069090.4054319186
2021-04-30,1069090.4054319186,1069090.4054319186
2021-05-01,1069090.4054319186,1069090.4054319186
2021-05-02,1069090.4054319186,1069090.4054319186
2021-05-03,1069090.4054319186,1069090.4054319186
2021-05-04,1069090.4054319186,1069090.4054319186
2021-05-05,1069090.4054319186,1069090.4054319186
2021-05-06,1069090.4054319186,1069090.4054319186
2021-05-07,1069090.4054319186,1069090.4054319186
2021-05-08,1069090.4054319186,1069090.4054319186
2021-05-09,1069090.4054319186,1069090.4054319186
2021-05-10,1069090.4054319186,1069090.4054319186
2021-05-11,1069090.4054319186,1069090.4054319186
2021-05-12,1069090.4054319186,1069090.4054319186
2021-05-13,1069090.4054319186,1069090.4054319186
2021-05-14,1069090.4054319186,1069090.4054319186
2021-05-15,1069090.4054319186,1069090.4054319186
2021-05-16,1069090.4054319186,1069090.4054319186
2021-05-17,1069090.4054319186,1069090.4054319186
2021-05-18,1067949.8410611448,944495.7444271593
2021-05-19,1025878.0228257147,944495.7444271593
2021-05-20,1032779.4701805578,972080.7870808762
2021-05-21,1011414.933080848,897591.3763414817
2021-05-22,1008327.2689091343,959558.6392116962
2021-05-23,993840.7375981944,908215.175352619
2021-05-24,1034393.4350908757,856075.554971971
2021-05-25,1034931.294090644,856075.554971971
2021-05-26,1049919.2616280895,856075.554971971
2021-05-27,1043427.9166930731,856075.554971971
2021-05-28,1030296.8909285318,919296.2871847064
2021-05-29,1026924.0735049484,970312.3132240397
2021-05-30,1029588.2849430785,970312.3132240397
2021-05-31,1037542.4119119905,970312.3132240397
2021-06-01,1035764.1178543501,970312.3132240397
2021-06-02,1037544.1509533993,970312.3132240397
2021-06-03,1041296.2570099154,970312.3132240397
2021-06-04,1041225.2908121154,1041225.2908121154
2021-06-05,1041225.2908121154,1041225.2908121154
2021-06-06,1041225.2908121154,1041225.2908121154
2021-06-07,1041225.2908121154,1041225.2908121154
2021-06-08,1041225.2908121154,1041225.2908121154
2021-06-09,1041225.2908121154,1041225.2908121154
2021-06-10,1041225.2908121154,1041225.2908121154
2021-06-11,1041225.2908121154,1041225.2908121154
2021-06-12,1041225.2908121154,1041225.2908121154
2021-06-13,1041225.2908121154,1041225.2908121154
2021-06-14,1041225.2908121154,1041225.2908121154
2021-06-15,1041225.2908121154,1041225.2908121154
2021-06-16,1041225.2908121154,1041225.2908121154
2021-06-17,1041225.2908121154,1041225.2908121154
2021-06-18,1041225.2908121154,1041225.2908121154
2021-06-19,1041225.2908121154,1041225.2908121154
2021-06-20,1041225.2908121154,1041225.2908121154
2021-06-21,1041225.2908121154,1041225.2908121154
2021-06-22,1041225.2908121154,1041225.2908121154
2021-06-23,1041225.2908121154,1041225.2908121154
2021-06-24,1041225.2908121154,1041225.2908121154
2021-06-25,1041225.2908121154,1041225.2908121154
2021-06-26,1041225.2908121154,1041225.2908121154
2021-06-27,1041225.2908121154,1041225.2908121154
2021-06-28,1041225.2908121154,1041225.2908121154
2021-06-29,1041225.2908121154,1041225.2908121154
2021-06-30,1041225.2908121154,1041225.2908121154
2021-07-01,1041225.2908121154,1041225.2908121154
2021-07-02,1041225.2908121154,1041225.2908121154
2021-07-03,1041225.2908121154,1041225.2908121154
2021-07-04,1041225.2908121154,1041225.2908121154
2021-07-05,1041225.2908121154,1041225.2908121154
2021-07-06,1041225.2908121154,1041225.2908121154
2021-07-07,1041225.2908121154,1041225.2908121154
2021-07-08,1041225.2908121154,1041225.2908121154
2021-07-09,1041225.2908121154,1041225.2908121154
2021-07-10,1041225.2908121154,1041225.2908121154
2021-07-11,1041225.2908121154,1041225.2908121154
2021-07-12,1041225.2908121154,1041225.2908121154
2021-07-13,1041225.2908121154,1041225.2908121154
2021-07-14,1041225.2908121154,1041225.2908121154
2021-07-15,1041225.2908121154,1041225.2908121154
2021-07-16,1041225.2908121154,1041225.2908121154
2021-07-17,1041225.2908121154,1041225.2908121154
2021-07-18,1041225.2908121154,1041225.2908121154
2021-07-19,1041225.2908121154,1041225.2908121154
2021-07-20,1041225.2908121154,1041225.2908121154
2021-07-21,1041225.2908121154,1041225.2908121154
2021-07-22,1041225.2908121154,1041225.2908121154
2021-07-23,1041225.2908121154,1041225.2908121154
2021-07-24,1041225.2908121154,1041225.2908121154
2021-07-25,1041225.2908121154,1041225.2908121154
2021-07-26,1041225.2908121154,1041225.2908121154
2021-07-27,1041225.2908121154,1041225.2908121154
2021-07-28,1041225.2908121154,1041225.2908121154
2021-07-29,1041225.2908121154,1041225.2908121154
2021-07-30,1039980.6737350367,1271189.8680721468
2021-07-31,1046791.6664470693,1567503.841091437
2021-08-01,1064852.7664800861,1567503.841091437
2021-08-02,1065513.008333641,1567503.841091437
2021-08-03,1072745.579570019,1292119.1749415942
2021-08-04,1067396.5036739071,1292119.1749415942
2021-08-05,1066873.892810494,1292119.1749415942
2021-08-06,1066648.5912170422,1066648.5912170422
2021-08-07,1066648.5912170422,1066648.5912170422
2021-08-08,1066648.5912170422,1066648.5912170422
2021-08-09,1066648.5912170422,1066648.5912170422
2021-08-10,1066648.5912170422,1066648.5912170422
2021-08-11,1066648.5912170422,1066648.5912170422
2021-08-12,1066648.5912170422,1066648.5912170422
2021-08-13,1066648.5912170422,1066648.5912170422
2021-08-14,1066648.5912170422,1066648.5912170422
2021-08-15,1066648.5912170422,1066648.5912170422
2021-08-16,1066648.5912170422,1066648.5912170422
2021-08-17,1066648.5912170422,1066648.5912170422
2021-08-18,1066648.5912170422,1066648.5912170422
2021-08-19,1066648.5912170422,1066648.5912170422
2021-08-20,1066648.5912170422,1066648.5912170422
2021-08-21,1066648.5912170422,1066648.5912170422
2021-08-22,1066648.5912170422,1066648.5912170422
2021-08-23,1066648.5912170422,1066648.5912170422
2021-08-24,1066648.5912170422,1066648.5912170422
2021-08-25,1066648.5912170422,1066648.5912170422
2021-08-26,1066648.5912170422,1066648.5912170422
2021-08-27,1066648.5912170422,1066648.5912170422
2021-08-28,1066648.5912170422,1066648.5912170422
2021-08-29,1066648.5912170422,1066648.5912170422
2021-08-30,1066648.5912170422,1066648.5912170422
2021-08-31,1066648.5912170422,1066648.5912170422
2021-09-01,1066648.5912170422,1066648.5912170422
2021-09-02,1066648.5912170422,1066648.5912170422
2021-09-03,1066648.5912170422,1066648.5912170422
2021-09-04,1066648.5912170422,1066648.5912170422
2021-09-05,1066648.5912170422,1066648.5912170422
2021-09-06,1066648.5912170422,1066648.5912170422
2021-09-07,1066648.5912170422,1066648.5912170422
2021-09-08,1066648.5912170422,1066648.5912170422
2021-09-09,1066648.5912170422,1066648.5912170422
2021-09-10,1066648.5912170422,1066648.5912170422
2021-09-11,1066648.5912170422,1066648.5912170422
2021-09-12,1066648.5912170422,1066648.5912170422
2021-09-13,1066648.5912170422,1066648.5912170422
2021-09-14,1066648.5912170422,1066648.5912170422
2021-09-15,1066648.5912170422,1066648.5912170422
2021-09-16,1066648.5912170422,1066648.5912170422
2021-09-17,1066648.5912170422,1066648.5912170422
2021-09-18,1066648.5912170422,1066648.5912170422
2021-09-19,1066648.5912170422,1066648.5912170422
2021-09-20,1066648.5912170422,1066648.5912170422
2021-09-21,1066648.5912170422,1066648.5912170422
2021-09-22,1066648.5912170422,1066648.5912170422
2021-09-23,1066648.5912170422,1066648.5912170422
2021-09-24,1066648.5912170422,1066648.5912170422
2021-09-25,1066648.5912170422,1066648.5912170422
2021-09-26,1066648.5912170422,1066648.5912170422
2021-09-27,1066648.5912170422,1066648.5912170422
2021-09-28,1066648.5912170422,1066648.5912170422
2021-09-29,1066648.5912170422,1066648.5912170422
2021-09-30,1066648.5912170422,1066648.5912170422
2021-10-01,1066648.5912170422,1066648.5912170422
2021-10-02,1066648.5912170422,1066648.5912170422
2021-10-03,1066648.5912170422,1066648.5912170422
2021-10-04,1066648.5912170422,1066648.5912170422
2021-10-05,1066648.5912170422,1066648.5912170422
2021-10-06,1066648.5912170422,1066648.5912170422
2021-10-07,1074147.0688895783,1347672.3738438454
2021-10-08,1073301.8061773232,1347672.3738438454
2021-10-09,1068224.9918279015,1347672.3738438454
2021-10-10,1069703.451461539,1347672.3738438454
2021-10-11,1055401.215802967,1347672.3738438454
2021-10-12,1055108.8715771367,1055108.8715771367
2021-10-13,1055108.8715771367,1055108.8715771367
2021-10-14,1055108.8715771367,1055108.8715771367
2021-10-15,1055108.8715771367,1055108.8715771367
2021-10-16,1055108.8715771367,1055108.8715771367
2021-10-17,1055108.8715771367,1055108.8715771367
2021-10-18,1055108.8715771367,1055108.8715771367
2021-10-19,1055108.8715771367,1055108.8715771367
2021-10-20,1055108.8715771367,1055108.8715771367
2021-10-21,1055108.8715771367,1055108.8715771367
2021-10-22,1055108.8715771367,1055108.8715771367
2021-10-23,1055108.8715771367,1055108.8715771367
2021-10-24,1055108.8715771367,1055108.8715771367
2021-10-25,1055108.8715771367,1055108.8715771367
2021-10-26,1055108.8715771367,1055108.8715771367
2021-10-27,1055108.8715771367,1055108.8715771367
2021-10-28,1055108.8715771367,1055108.8715771367
2021-10-29,1055108.8715771367,1055108.8715771367
2021-10-30,1055108.8715771367,1055108.8715771367
2021-10-31,1055108.8715771367,1055108.8715771367
2021-11-01,1055108.8715771367,1055108.8715771367
2021-11-02,1055108.8715771367,1055108.8715771367
2021-11-03,1055108.8715771367,1055108.8715771367
2021-11-04,1055108.8715771367,1055108.8715771367
2021-11-05,1055108.8715771367,1055108.8715771367
2021-11-06,1055108.8715771367,1055108.8715771367
2021-11-07,1055108.8715771367,1055108.8715771367
2021-11-08,1055108.8715771367,1055108.8715771367
2021-11-09,1055108.8715771367,1055108.8715771367
2021-11-10,1055108.8715771367,1055108.8715771367
2021-11-11,1055108.8715771367,1055108.8715771367
2021-11-12,1055108.8715771367,1055108.8715771367
2021-11-13,1055108.8715771367,1055108.8715771367
2021-11-14,1055108.8715771367,1055108.8715771367
2021-11-15,1055108.8715771367,1055108.8715771367
2021-11-16,1055108.8715771367,1055108.8715771367
2021-11-17,1055108.8715771367,1055108.8715771367
2021-11-18,1055108.8715771367,1055108.8715771367
2021-11-19,1055108.8715771367,1055108.8715771367
2021-11-20,1055108.8715771367,1055108.8715771367
2021-11-21,1055108.8715771367,1055108.8715771367
2021-11-22,1055108.8715771367,1055108.8715771367
2021-11-23,1055108.8715771367,1055108.8715771367
2021-11-24,1055108.8715771367,1055108.8715771367
2021-11-25,1055108.8715771367,1055108.8715771367
2021-11-26,1055108.8715771367,1055108.8715771367
2021-11-27,1055108.8715771367,1055108.8715771367
2021-11-28,1055108.8715771367,1055108.8715771367
2021-11-29,1055108.8715771367,1055108.8715771367
2021-11-30,1055108.8715771367,1055108.8715771367
2021-12-01,1055108.8715771367,1055108.8715771367
2021-12-02,1055108.8715771367,1055108.8715771367
2021-12-03,1055108.8715771367,1055108.8715771367
2021-12-04,1055108.8715771367,1055108.8715771367
2021-12-05,1055108.8715771367,1055108.8715771367
2021-12-06,1055108.8715771367,1055108.8715771367
2021-12-07,1055108.8715771367,1055108.8715771367
2021-12-08,1055108.8715771367,1055108.8715771367
2021-12-09,1055108.8715771367,1055108.8715771367
2021-12-10,1055108.8715771367,1055108.8715771367
2021-12-11,1055108.8715771367,1055108.8715771367
2021-12-12,1055108.8715771367,1055108.8715771367
2021-12-13,1055108.8715771367,1055108.8715771367
2021-12-14,1055108.8715771367,1055108.8715771367
2021-12-15,1055108.8715771367,1055108.8715771367
2021-12-16,1055108.8715771367,1055108.8715771367
2021-12-17,1055108.8715771367,1055108.8715771367
2021-12-18,1055108.8715771367,1055108.8715771367
2021-12-19,1055108.8715771367,1055108.8715771367
2021-12-20,1055108.8715771367,1055108.8715771367
2021-12-21,1055108.8715771367,1055108.8715771367
2021-12-22,1055108.8715771367,1055108.8715771367
2021-12-23,1055108.8715771367,1055108.8715771367
2021-12-24,1069300.6627935644,1227815.8963584837
2021-12-25,1066918.1518776682,1227815.8963584837
2021-12-26,1067822.4625902711,1227815.8963584837
2021-12-27,1066622.5118370096,1227815.8963584837
2021-12-28,1082169.4776582527,1274261.0057588236
2021-12-29,1091499.6375945662,1274261.0057588236
2021-12-30,1087795.0152669123,1274261.0057588236
2021-12-31,1087608.5026599227,1087608.5026599227
2022-01-01,1087608.5026599227,1087608.5026599227
2022-01-02,1087608.5026599227,1087608.5026599227
2022-01-03,1087608.5026599227,1087608.5026599227
2022-01-04,1087608.5026599227,1087608.5026599227
2022-01-05,1087608.5026599227,1087608.5026599227
2022-01-06,1087608.5026599227,1087608.5026599227
2022-01-07,1087608.5026599227,1087608.5026599227
2022-01-08,1087608.5026599227,1087608.5026599227
2022-01-09,1087608.5026599227,1087608.5026599227
2022-01-10,1087608.5026599227,1087608.5026599227
2022-01-11,1087608.5026599227,1087608.5026599227
2022-01-12,1087608.5026599227,1087608.5026599227
2022-01-13,1087608.5026599227,1087608.5026599227
2022-01-14,1087608.5026599227,1087608.5026599227
2022-01-15,1087608.5026599227,1087608.5026599227
2022-01-16,1087608.5026599227,1087608.5026599227
2022-01-17,1087608.5026599227,1087608.5026599227
2022-01-18,1087608.5026599227,1087608.5026599227
2022-01-19,1087608.5026599227,1087608.5026599227
2022-01-20,1087608.5026599227,1087608.5026599227
2022-01-21,1087608.5026599227,1087608.5026599227
2022-01-22,1087608.5026599227,1087608.5026599227
2022-01-23,1087608.5026599227,1087608.5026599227
2022-01-24,1087608.5026599227,1087608.5026599227
2022-01-25,1087608.5026599227,1087608.5026599227
2022-01-26,1087608.5026599227,1087608.5026599227
2022-01-27,1087608.5026599227,1087608.5026599227
2022-01-28,1087608.5026599227,1087608.5026599227
2022-01-29,1087608.5026599227,1087608.5026599227
2022-01-30,1087608.5026599227,1087608.5026599227
2022-01-31,1087608.5026599227,1087608.5026599227
2022-02-01,1087608.5026599227,1087608.5026599227
2022-02-02,1087608.5026599227,1087608.5026599227
2022-02-03,1087608.5026599227,1087608.5026599227
2022-02-04,1087608.5026599227,1087608.5026599227
2022-02-05,1087608.5026599227,1087608.5026599227
2022-02-06,1087608.5026599227,1087608.5026599227
2022-02-07,1087608.5026599227,1087608.5026599227
2022-02-08,1078368.475077958,1795648.7189485221
2022-02-09,1060169.229876406,1694954.0133131843
2022-02-10,1082691.3258204432,1911722.2510443106
2022-02-11,1135517.130573345,1911722.2510443106
2022-02-12,1119850.5448154209,1911722.2510443106
2022-02-13,1126520.041340824,1772215.0973607006
2022-02-14,1124477.9733236614,1587118.2909811037
2022-02-15,1099519.9798503034,1587118.2909811037
2022-02-16,1107383.951094158,1587118.2909811037
2022-02-17,1144991.094850878,1587118.2909811037
2022-02-18,1140999.1065576042,1336557.6445784506
2022-02-19,1131645.2224048213,1336557.6445784506
2022-02-20,1142770.1086238644,1336557.6445784506
2022-02-21,1142576.272641026,1142576.272641026
2022-02-22,1142576.272641026,1142576.272641026
2022-02-23,1142576.272641026,1142576.272641026
2022-02-24,1142576.272641026,1142576.272641026
2022-02-25,1142576.272641026,1142576.272641026
2022-02-26,1142576.272641026,1142576.272641026
2022-02-27,1142576.272641026,1142576.272641026
2022-02-28,1142576.272641026,1142576.272641026
2022-03-01,1142576.272641026,1142576.272641026
2022-03-02,1142576.272641026,1142576.272641026
2022-03-03,1142576.272641026,1142576.272641026
2022-03-04,1142576.272641026,1142576.272641026
2022-03-05,1142576.272641026,1142576.272641026
2022-03-06,1142576.272641026,1142576.272641026
2022-03-07,1142576.272641026,1142576.272641026
2022-03-08,1142576.272641026,1142576.272641026
2022-03-09,1142576.272641026,1142576.272641026
2022-03-10,1142576.272641026,1142576.272641026
2022-03-11,1142576.272641026,1142576.272641026
2022-03-12,1142576.272641026,1142576.272641026
2022-03-13,1142576.272641026,1142576.272641026
2022-03-14,1142576.272641026,1142576.272641026
2022-03-15,1142576.272641026,1142576.272641026
2022-03-16,1142576.272641026,1142576.272641026
2022-03-17,1142576.272641026,1142576.272641026
2022-03-18,1142576.272641026,1142576.272641026
2022-03-19,1142576.272641026,1142576.272641026
2022-03-20,1142576.272641026,1142576.272641026
2022-03-21,1142576.272641026,1142576.272641026
2022-03-22,1142576.272641026,1142576.272641026
2022-03-23,1142576.272641026,1142576.272641026
2022-03-24,1142576.272641026,1142576.272641026
2022-03-25,1142576.272641026,1142576.272641026
2022-03-26,1142576.272641026,1142576.272641026
2022-03-27,1142576.272641026,1142576.272641026
2022-03-28,1142576.272641026,1142576.272641026
2022-03-29,1142576.272641026,1142576.272641026
2022-03-30,1142576.272641026,1142576.272641026
2022-03-31,1142576.272641026,1142576.272641026
2022-04-01,1142576.272641026,1142576.272641026
2022-04-02,1142576.272641026,1142576.272641026
2022-04-03,1142576.272641026,1142576.272641026
2022-04-04,1142576.272641026,1142576.272641026
2022-04-05,1142576.272641026,1142576.272641026
2022-04-06,1142576.272641026,1142576.272641026
2022-04-07,1142576.272641026,1142576.272641026
2022-04-08,1142576.272641026,1142576.272641026
2022-04-09,1142576.272641026,1142576.272641026
2022-04-10,1142576.272641026,1142576.272641026
2022-04-11,1142576.272641026,1142576.272641026
2022-04-12,1149166.0721829282,969772.674670034
2022-04-13,1152735.155484232,969772.674670034
2022-04-14,1145033.4494129978,969772.674670034
2022-04-15,1149353.9186724706,969772.674670034
2022-04-16,1148414.686224759,969772.674670034
2022-04-17,1148048.4301836928,1148048.4301836928
2022-04-18,1148048.4301836928,1148048.4301836928
2022-04-19,1148048.4301836928,1148048.4301836928
2022-04-20,1148048.4301836928,1148048.4301836928
2022-04-21,1148048.4301836928,1148048.4301836928
2022-04-22,1148048.4301836928,1148048.4301836928
2022-04-23,1148048.4301836928,1148048.4301836928
2022-04-24,1148048.4301836928,1148048.4301836928
2022-04-25,1148048.4301836928,1148048.4301836928
2022-04-26,1148048.4301836928,1148048.4301836928
2022-04-27,1148048.4301836928,1148048.4301836928
2022-04-28,1148048.4301836928,1148048.4301836928
2022-04-29,1148048.4301836928,1148048.4301836928
2022-04-30,1148048.4301836928,1148048.4301836928
2022-05-01,1148048.4301836928,1148048.4301836928
2022-05-02,1148048.4301836928,1148048.4301836928
2022-05-03,1148048.4301836928,1148048.4301836928
2022-05-04,1148048.4301836928,1148048.4301836928
2022-05-05,1148048.4301836928,1148048.4301836928
2022-05-06,1148048.4301836928,1148048.4301836928
2022-05-07,1148048.4301836928,1148048.4301836928
2022-05-08,1148048.4301836928,1148048.4301836928
2022-05-09,1148048.4301836928,1148048.4301836928
2022-05-10,1148048.4301836928,1148048.4301836928
2022-05-11,1148048.4301836928,1148048.4301836928
2022-05-12,1148048.4301836928,1148048.4301836928
2022-05-13,1148048.4301836928,1148048.4301836928
2022-05-14,1148048.4301836928,1148048.4301836928
2022-05-15,1148048.4301836928,1148048.4301836928
2022-05-16,1148048.4301836928,1148048.4301836928
2022-05-17,1148048.4301836928,1148048.4301836928
2022-05-18,1148048.4301836928,1148048.4301836928
2022-05-19,1148048.4301836928,1148048.4301836928
2022-05-20,1148048.4301836928,1148048.4301836928
2022-05-21,1148048.4301836928,1148048.4301836928
2022-05-22,1148048.4301836928,1148048.4301836928
2022-05-23,1148048.4301836928,1148048.4301836928
2022-05-24,1148048.4301836928,1148048.4301836928
2022-05-25,1148048.4301836928,1148048.4301836928
2022-05-26,1148048.4301836928,1148048.4301836928
2022-05-27,1148048.4301836928,1148048.4301836928
2022-05-28,1148048.4301836928,1148048.4301836928
2022-05-29,1148048.4301836928,1148048.4301836928
2022-05-30,1148048.4301836928,1148048.4301836928
2022-05-31,1148048.4301836928,1148048.4301836928
2022-06-01,1148048.4301836928,1148048.4301836928
2022-06-02,1148048.4301836928,1148048.4301836928
2022-06-03,1148048.4301836928,1148048.4301836928
2022-06-04,1148048.4301836928,1148048.4301836928
2022-06-05,1148048.4301836928,1148048.4301836928
2022-06-06,1148048.4301836928,1148048.4301836928
2022-06-07,1148048.4301836928,1148048.4301836928
2022-06-08,1148048.4301836928,1148048.4301836928
2022-06-09,1148048.4301836928,1148048.4301836928
2022-06-10,1148048.4301836928,1148048.4301836928
2022-06-11,1148048.4301836928,1148048.4301836928
2022-06-12,1148048.4301836928,1148048.4301836928
2022-06-13,1148048.4301836928,1148048.4301836928
2022-06-14,1148048.4301836928,1148048.4301836928
2022-06-15,1148048.4301836928,1148048.4301836928
2022-06-16,1148048.4301836928,1148048.4301836928
2022-06-17,1148048.4301836928,1148048.4301836928
2022-06-18,1148048.4301836928,1148048.4301836928
2022-06-19,1148048.4301836928,1148048.4301836928
2022-06-20,1148048.4301836928,1148048.4301836928
2022-06-21,1148048.4301836928,1148048.4301836928
2022-06-22,1148048.4301836928,1148048.4301836928
2022-06-23,1148048.4301836928,1148048.4301836928
2022-06-24,1148048.4301836928,1148048.4301836928
2022-06-25,1148048.4301836928,1148048.4301836928
2022-06-26,1148048.4301836928,1148048.4301836928
2022-06-27,1148048.4301836928,1148048.4301836928
2022-06-28,1148048.4301836928,1148048.4301836928
2022-06-29,1148048.4301836928,1148048.4301836928
2022-06-30,1148048.4301836928,1148048.4301836928
2022-07-01,1148048.4301836928,1148048.4301836928
2022-07-02,1148048.4301836928,1148048.4301836928
2022-07-03,1148048.4301836928,1148048.4301836928
2022-07-04,1148048.4301836928,1148048.4301836928
2022-07-05,1148048.4301836928,1148048.4301836928
2022-07-06,1148048.4301836928,1148048.4301836928
2022-07-07,1148048.4301836928,1148048.4301836928
2022-07-08,1148048.4301836928,1148048.4301836928
2022-07-09,1148048.4301836928,1148048.4301836928
2022-07-10,1148048.4301836928,1148048.4301836928
2022-07-11,1148048.4301836928,1148048.4301836928
2022-07-12,1148048.4301836928,1148048.4301836928
2022-07-13,1148048.4301836928,1148048.4301836928
2022-07-14,1148048.4301836928,1148048.4301836928
2022-07-15,1148048.4301836928,1148048.4301836928
2022-07-16,1148048.4301836928,1148048.4301836928
2022-07-17,1148048.4301836928,1148048.4301836928
2022-07-18,1107656.668451088,1369673.787312664
2022-07-19,1107396.2447309564,1107396.2447309564
2022-07-20,1110129.12050047,1326615.8489731364
2022-07-21,1102464.6269721491,1326615.8489731364
2022-07-22,1108181.3403556268,1326615.8489731364
2022-07-23,1106274.8207105645,1326615.8489731364
2022-07-24,1099298.9506958332,1326615.8489731364
2022-07-25,1121623.7266291697,1326615.8489731364
2022-07-26,1120438.5543423512,1326615.8489731364
2022-07-27,1093886.711345224,1326615.8489731364
2022-07-28,1081255.3073087595,1326615.8489731364
2022-07-29,1081009.88542696,1081009.88542696
2022-07-30,1081009.88542696,1081009.88542696
2022-07-31,1081009.88542696,1081009.88542696
2022-08-01,1081009.88542696,1081009.88542696
2022-08-02,1081009.88542696,1081009.88542696
2022-08-03,1081009.88542696,1081009.88542696
2022-08-04,1081009.88542696,1081009.88542696
2022-08-05,1081009.88542696,1081009.88542696
2022-08-06,1081009.88542696,1081009.88542696
2022-08-07,1081009.88542696,1081009.88542696
2022-08-08,1081009.88542696,1081009.88542696
2022-08-09,1081009.88542696,1081009.88542696
2022-08-10,1081009.88542696,1081009.88542696
2022-08-11,1081009.88542696,1081009.88542696
2022-08-12,1081009.88542696,1081009.88542696
2022-08-13,1081009.88542696,1081009.88542696
2022-08-14,1081009.88542696,1081009.88542696
2022-08-15,1081009.88542696,1081009.88542696
2022-08-16,1081009.88542696,1081009.88542696
2022-08-17,1081009.88542696,1081009.88542696
2022-08-18,1081009.88542696,1081009.88542696
2022-08-19,1081009.88542696,1081009.88542696
2022-08-20,1081009.88542696,1081009.88542696
2022-08-21,1085421.3454630384,923555.4124300506
2022-08-22,1084768.6602491958,923555.4124300506
2022-08-23,1089772.5802219897,923555.4124300506
2022-08-24,1088032.0863184093,923555.4124300506
2022-08-25,1088467.2097943043,923555.4124300506
2022-08-26,1074325.6968277127,923555.4124300506
2022-08-27,1076718.875945136,923555.4124300506
2022-08-28,1072802.7646620797,923555.4124300506
2022-08-29,1081722.7959179298,923555.4124300506
2022-08-30,1075848.6289933457,923555.4124300506
2022-08-31,1076501.3142071883,923555.4124300506
2022-09-01,1079764.7402764019,923555.4124300506
2022-09-02,1082375.4811317725,923555.4124300506
2022-09-03,1082216.700768088,1082216.700768088
2022-09-04,1082216.700768088,1082216.700768088
2022-09-05,1082216.700768088,1082216.700768088
2022-09-06,1082216.700768088,1082216.700768088
2022-09-07,1082216.700768088,1082216.700768088
2022-09-08,1082216.700768088,1082216.700768088
2022-09-09,1082216.700768088,1082216.700768088
2022-09-10,1082216.700768088,1082216.700768088
2022-09-11,1082216.700768088,1082216.700768088
2022-09-12,1082216.700768088,1082216.700768088
2022-09-13,1082216.700768088,1082216.700768088
2022-09-14,1082216.700768088,1082216.700768088
2022-09-15,1082216.700768088,1082216.700768088
2022-09-16,1082216.700768088,1082216.700768088
2022-09-17,1082216.700768088,1082216.700768088
2022-09-18,1082216.700768088,1082216.700768088
2022-09-19,1082216.700768088,1082216.700768088
2022-09-20,1082216.700768088,1082216.700768088
2022-09-21,1082216.700768088,1082216.700768088
2022-09-22,1082216.700768088,1082216.700768088
2022-09-23,1082216.700768088,1082216.700768088
2022-09-24,1082216.700768088,1082216.700768088
2022-09-25,1082216.700768088,1082216.700768088
2022-09-26,1082216.700768088,1082216.700768088
2022-09-27,1082216.700768088,1082216.700768088
2022-09-28,1082216.700768088,1082216.700768088
2022-09-29,1082216.700768088,1082216.700768088
2022-09-30,1082216.700768088,1082216.700768088
2022-10-01,1082216.700768088,1082216.700768088
2022-10-02,1082216.700768088,1082216.700768088
2022-10-03,1082216.700768088,1082216.700768088
2022-10-04,1082216.700768088,1082216.700768088
2022-10-05,1082216.700768088,1082216.700768088
2022-10-06,1082216.700768088,1082216.700768088
2022-10-07,1082216.700768088,1082216.700768088
2022-10-08,1082216.700768088,1082216.700768088
2022-10-09,1082216.700768088,1082216.700768088
2022-10-10,1082216.700768088,1082216.700768088
2022-10-11,1082216.700768088,1082216.700768088
2022-10-12,1082216.700768088,1082216.700768088
2022-10-13,1082216.700768088,1082216.700768088
2022-10-14,1082216.700768088,1082216.700768088
2022-10-15,1082216.700768088,1082216.700768088
2022-10-16,1082216.700768088,1082216.700768088
2022-10-17,1082216.700768088,1082216.700768088
2022-10-18,1082216.700768088,1082216.700768088
2022-10-19,1082216.700768088,1082216.700768088
2022-10-20,1082216.700768088,1082216.700768088
2022-10-21,1082216.700768088,1082216.700768088
2022-10-22,1082216.700768088,1082216.700768088
2022-10-23,1082216.700768088,1082216.700768088
2022-10-24,1082216.700768088,1082216.700768088
2022-10-25,1082216.700768088,1082216.700768088
2022-10-26,1082216.700768088,1082216.700768088
2022-10-27,1092684.5677065402,1406559.1978373225
2022-10-28,1084317.6180865949,1406559.1978373225
2022-10-29,1070813.5770002904,1406559.1978373225
2022-10-30,1070477.7474430483,1070477.7474430483
2022-10-31,1070477.7474430483,1070477.7474430483
2022-11-01,1070477.7474430483,1070477.7474430483
2022-11-02,1070477.7474430483,1070477.7474430483
2022-11-03,1070477.7474430483,1070477.7474430483
2022-11-04,1070477.7474430483,1070477.7474430483
2022-11-05,1070477.7474430483,1070477.7474430483
2022-11-06,1070477.7474430483,1070477.7474430483
2022-11-07,1070477.7474430483,1070477.7474430483
2022-11-08,1070477.7474430483,1070477.7474430483
2022-11-09,1070477.7474430483,1070477.7474430483
2022-11-10,1070477.7474430483,1070477.7474430483
2022-11-11,1070477.7474430483,1070477.7474430483
2022-11-12,1070477.7474430483,1070477.7474430483
2022-11-13,1070477.7474430483,1070477.7474430483
2022-11-14,1070477.7474430483,1070477.7474430483
2022-11-15,1070477.7474430483,1070477.7474430483
2022-11-16,1070477.7474430483,1070477.7474430483
2022-11-17,1070477.7474430483,1070477.7474430483
2022-11-18,1070477.7474430483,1070477.7474430483
2022-11-19,1070477.7474430483,1070477.7474430483
2022-11-20,1070477.7474430483,1070477.7474430483
2022-11-21,1070477.7474430483,1070477.7474430483
2022-11-22,1070477.7474430483,1070477.7474430483
2022-11-23,1070477.7474430483,1070477.7474430483
2022-11-24,1070477.7474430483,1070477.7474430483
2022-11-25,1070477.7474430483,1070477.7474430483
2022-11-26,1070477.7474430483,1070477.7474430483
2022-11-27,1070477.7474430483,1070477.7474430483
2022-11-28,1070477.7474430483,1070477.7474430483
2022-11-29,1070477.7474430483,1070477.7474430483
2022-11-30,1070477.7474430483,1070477.7474430483
2022-12-01,1070477.7474430483,1070477.7474430483
2022-12-02,1070477.7474430483,1070477.7474430483
2022-12-03,1070477.7474430483,1070477.7474430483
2022-12-04,1070477.7474430483,1070477.7474430483
2022-12-05,1075004.0533483166,1269761.8034283165
2022-12-06,1073507.511758132,1350066.5631646323
2022-12-07,1081397.6383161813,1350066.5631646323
2022-12-08,1079698.289896842,1231208.0787566956
2022-12-09,1079512.435366123,1133709.91867952
2022-12-10,1079458.2243334388,1079458.2243334388
2022-12-11,1079458.2243334388,1079458.2243334388
2022-12-12,1079458.2243334388,1079458.2243334388
2022-12-13,1079458.2243334388,1079458.2243334388
2022-12-14,1079458.2243334388,1079458.2243334388
2022-12-15,1079458.2243334388,1079458.2243334388
2022-12-16,1057906.2935248045,829545.2753246997
2022-12-17,1057643.5544701763,1057643.5544701763
2022-12-18,1055732.6782318763,845437.2518409108
2022-12-19,1052465.699415798,845437.2518409108
2022-12-20,1059587.7132348488,845437.2518409108
2022-12-21,1059406.2534376103,1059406.2534376103
2022-12-22,1059406.2534376103,1059406.2534376103
2022-12-23,1059406.2534376103,1059406.2534376103
2022-12-24,1059406.2534376103,1059406.2534376103
2022-12-25,1059406.2534376103,1059406.2534376103
2022-12-26,1059406.2534376103,1059406.2534376103
2022-12-27,1059406.2534376103,1059406.2534376103
2022-12-28,1059406.2534376103,1059406.2534376103
2022-12-29,1059406.2534376103,1059406.2534376103
2022-12-30,1059406.2534376103,1059406.2534376103
2022-12-31,1059406.2534376103,1059406.2534376103
2023-01-01,1059406.2534376103,1059406.2534376103
2023-01-02,1059406.2534376103,1059406.2534376103
2023-01-03,1059406.2534376103,1059406.2534376103
2023-01-04,1059406.2534376103,1059406.2534376103
2023-01-05,1059406.2534376103,1059406.2534376103
2023-01-06,1059406.2534376103,1059406.2534376103
2023-01-07,1057494.9074288923,1358389.0954388925
2023-01-08,1040845.3470008469,1377010.1551333228
2023-01-09,1015813.7835888847,1654248.6316597075
2023-01-10,1009147.29294591,1685825.6115607028
2023-01-11,997077.6396221926,1811199.5647614882
2023-01-12,972613.7521599453,1791210.7216096525
2023-01-13,922651.5154923503,2059799.8435218688
2023-01-14,901931.8059633393,1531915.70907876
2023-01-15,901419.1457007956,914022.2246894685
2023-01-16,901667.8487268834,914022.2246894685
2023-01-17,901361.7526947754,914022.2246894685
2023-01-18,902005.8297623361,914022.2246894685
2023-01-19,901689.1053957798,914022.2246894685
2023-01-20,901676.7691932063,901676.7691932063
2023-01-21,901676.7691932063,901676.7691932063
2023-01-22,901676.7691932063,901676.7691932063
2023-01-23,901676.7691932063,901676.7691932063
2023-01-24,901676.7691932063,901676.7691932063
2023-01-25,901676.7691932063,901676.7691932063
2023-01-26,901676.7691932063,901676.7691932063
2023-01-27,901676.7691932063,901676.7691932063
2023-01-28,901676.7691932063,901676.7691932063
2023-01-29,901676.7691932063,901676.7691932063
2023-01-30,901676.7691932063,901676.7691932063
2023-01-31,901676.7691932063,901676.7691932063
2023-02-01,901676.7691932063,901676.7691932063
2023-02-02,901676.7691932063,901676.7691932063
2023-02-03,901676.7691932063,901676.7691932063
2023-02-04,901676.7691932063,901676.7691932063
2023-02-05,901676.7691932063,901676.7691932063
2023-02-06,901676.7691932063,901676.7691932063
2023-02-07,901676.7691932063,901676.7691932063
2023-02-08,901676.7691932063,901676.7691932063
2023-02-09,901676.7691932063,901676.7691932063
2023-02-10,899287.6844677127,776249.7212549875
2023-02-11,906261.8025441477,506193.5624328133
2023-02-12,909436.5172347418,506193.5624328133
2023-02-13,904911.9877334163,506193.5624328133
2023-02-14,910097.9092425671,633142.524954295
2023-02-15,936598.6136106612,633142.524954295
2023-02-16,936280.5269454487,936280.5269454487
2023-02-17,936280.5269454487,936280.5269454487
2023-02-18,936280.5269454487,936280.5269454487
2023-02-19,936280.5269454487,936280.5269454487
2023-02-20,936280.5269454487,936280.5269454487
2023-02-21,936280.5269454487,936280.5269454487
2023-02-22,936280.5269454487,936280.5269454487
2023-02-23,936280.5269454487,936280.5269454487
2023-02-24,936280.5269454487,936280.5269454487
2023-02-25,936280.5269454487,936280.5269454487
2023-02-26,936280.5269454487,936280.5269454487
2023-02-27,936280.5269454487,936280.5269454487
2023-02-28,936280.5269454487,936280.5269454487
2023-03-01,936280.5269454487,936280.5269454487
2023-03-02,936280.5269454487,936280.5269454487
2023-03-03,936280.5269454487,936280.5269454487
2023-03-04,936280.5269454487,936280.5269454487
2023-03-05,936280.5269454487,936280.5269454487
2023-03-06,936280.5269454487,936280.5269454487
2023-03-07,936280.5269454487,936280.5269454487
2023-03-08,936280.5269454487,936280.5269454487
2023-03-09,936280.5269454487,936280.5269454487
2023-03-10,936280.5269454487,936280.5269454487
2023-03-11,936280.5269454487,936280.5269454487
2023-03-12,936280.5269454487,936280.5269454487
2023-03-13,936280.5269454487,936280.5269454487
2023-03-14,936280.5269454487,936280.5269454487
2023-03-15,936280.5269454487,936280.5269454487
2023-03-16,936280.5269454487,936280.5269454487
2023-03-17,936280.5269454487,936280.5269454487
2023-03-18,936280.5269454487,936280.5269454487
2023-03-19,936280.5269454487,936280.5269454487
2023-03-20,936280.5269454487,936280.5269454487
2023-03-21,936280.5269454487,936280.5269454487
2023-03-22,936280.5269454487,936280.5269454487
2023-03-23,936280.5269454487,936280.5269454487
2023-03-24,936280.5269454487,936280.5269454487
2023-03-25,936280.5269454487,936280.5269454487
2023-03-26,936280.5269454487,936280.5269454487
2023-03-27,936280.5269454487,936280.5269454487
2023-03-28,936280.5269454487,936280.5269454487
2023-03-29,936280.5269454487,936280.5269454487
2023-03-30,936280.5269454487,936280.5269454487
2023-03-31,936280.5269454487,936280.5269454487
2023-04-01,936280.5269454487,936280.5269454487
2023-04-02,936280.5269454487,936280.5269454487
2023-04-03,936280.5269454487,936280.5269454487
2023-04-04,936280.5269454487,936280.5269454487
2023-04-05,936280.5269454487,936280.5269454487
2023-04-06,936280.5269454487,936280.5269454487
2023-04-07,936280.5269454487,936280.5269454487
2023-04-08,936280.5269454487,936280.5269454487
2023-04-09,936280.5269454487,936280.5269454487
2023-04-10,936280.5269454487,936280.5269454487
2023-04-11,936280.5269454487,936280.5269454487
2023-04-12,936280.5269454487,936280.5269454487
2023-04-13,936280.5269454487,936280.5269454487
2023-04-14,936280.5269454487,936280.5269454487
2023-04-15,936280.5269454487,936280.5269454487
2023-04-16,936280.5269454487,936280.5269454487
2023-04-17,942220.0409209119,1216883.8708114359
2023-04-18,939715.7530601453,1216883.8708114359
2023-04-19,956437.9332917156,1216883.8708114359
2023-04-20,959911.6229050369,1216883.8708114359
2023-04-21,959735.4506971234,959735.4506971234
2023-04-22,971433.252104452,724453.4788616586
2023-04-23,967664.965672267,724453.4788616586
2023-04-24,965780.8224561745,724453.4788616586
2023-04-25,970177.156627057,724453.4788616586
2023-04-26,966147.1836370814,724453.4788616586
2023-04-27,968711.7119034295,724453.4788616586
2023-04-28,975463.2250944277,724453.4788616586
2023-04-29,974625.8281094977,724453.4788616586
2023-04-30,974323.4333160062,974323.4333160062
2023-05-01,974323.4333160062,974323.4333160062
2023-05-02,974323.4333160062,974323.4333160062
2023-05-03,974323.4333160062,974323.4333160062
2023-05-04,974323.4333160062,974323.4333160062
2023-05-05,974323.4333160062,974323.4333160062
2023-05-06,974323.4333160062,974323.4333160062
2023-05-07,974323.4333160062,974323.4333160062
2023-05-08,974323.4333160062,974323.4333160062
2023-05-09,974323.4333160062,974323.4333160062
2023-05-10,974323.4333160062,974323.4333160062
2023-05-11,974323.4333160062,974323.4333160062
2023-05-12,974323.4333160062,974323.4333160062
2023-05-13,974323.4333160062,974323.4333160062
2023-05-14,974323.4333160062,974323.4333160062
2023-05-15,974323.4333160062,974323.4333160062
2023-05-16,974323.4333160062,974323.4333160062
2023-05-17,974323.4333160062,974323.4333160062
2023-05-18,974323.4333160062,974323.4333160062
2023-05-19,974323.4333160062,974323.4333160062
2023-05-20,974323.4333160062,974323.4333160062
2023-05-21,974323.4333160062,974323.4333160062
2023-05-22,974323.4333160062,974323.4333160062
2023-05-23,974323.4333160062,974323.4333160062
2023-05-24,974323.4333160062,974323.4333160062
2023-05-25,974323.4333160062,974323.4333160062
2023-05-26,974323.4333160062,974323.4333160062
2023-05-27,974323.4333160062,974323.4333160062
2023-05-28,974323.4333160062,974323.4333160062
2023-05-29,974323.4333160062,974323.4333160062
2023-05-30,974323.4333160062,974323.4333160062
2023-05-31,974323.4333160062,974323.4333160062
2023-06-01,974323.4333160062,974323.4333160062
2023-06-02,974323.4333160062,974323.4333160062
2023-06-03,974323.4333160062,974323.4333160062
2023-06-04,974323.4333160062,974323.4333160062
2023-06-05,974323.4333160062,974323.4333160062
2023-06-06,978464.4987040656,681628.3674207707
2023-06-07,955346.7487925999,681628.3674207707
2023-06-08,955073.0988408234,955073.0988408234
2023-06-09,955073.0988408234,955073.0988408234
2023-06-10,955073.0988408234,955073.0988408234
2023-06-11,955073.0988408234,955073.0988408234
2023-06-12,955073.0988408234,955073.0988408234
2023-06-13,955073.0988408234,955073.0988408234
2023-06-14,955073.0988408234,955073.0988408234
2023-06-15,955073.0988408234,955073.0988408234
2023-06-16,955073.0988408234,955073.0988408234
2023-06-17,955073.0988408234,955073.0988408234
2023-06-18,955073.0988408234,955073.0988408234
2023-06-19,955073.0988408234,955073.0988408234
2023-06-20,955073.0988408234,955073.0988408234
2023-06-21,955073.0988408234,955073.0988408234
2023-06-22,955073.0988408234,955073.0988408234
2023-06-23,955073.0988408234,955073.0988408234
2023-06-24,955073.0988408234,955073.0988408234
2023-06-25,955073.0988408234,955073.0988408234
2023-06-26,955073.0988408234,955073.0988408234
2023-06-27,955073.0988408234,955073.0988408234
2023-06-28,955073.0988408234,955073.0988408234
2023-06-29,955073.0988408234,955073.0988408234
2023-06-30,955073.0988408234,955073.0988408234
2023-07-01,955073.0988408234,955073.0988408234
2023-07-02,955073.0988408234,955073.0988408234
2023-07-03,955073.0988408234,955073.0988408234
2023-07-04,955073.0988408234,955073.0988408234
2023-07-05,955073.0988408234,955073.0988408234
2023-07-06,955073.0988408234,955073.0988408234
2023-07-07,955073.0988408234,955073.0988408234
2023-07-08,951950.1858878336,1163800.115058628
2023-07-09,956709.7670567327,1163800.115058628
2023-07-10,956904.0356758714,1163800.115058628
2023-07-11,949424.6938390299,1163800.115058628
2023-07-12,950687.4398634317,1163800.115058628
2023-07-13,950571.5053782302,950571.5053782302
2023-07-14,950571.5053782302,950571.5053782302
2023-07-15,950571.5053782302,950571.5053782302
2023-07-16,950571.5053782302,950571.5053782302
2023-07-17,950571.5053782302,950571.5053782302
2023-07-18,950571.5053782302,950571.5053782302
2023-07-19,950571.5053782302,950571.5053782302
2023-07-20,950571.5053782302,950571.5053782302
2023-07-21,950571.5053782302,950571.5053782302
2023-07-22,950571.5053782302,950571.5053782302
2023-07-23,950571.5053782302,950571.5053782302
2023-07-24,950571.5053782302,950571.5053782302
2023-07-25,950571.5053782302,950571.5053782302
2023-07-26,950571.5053782302,950571.5053782302
2023-07-27,950571.5053782302,950571.5053782302
2023-07-28,950571.5053782302,950571.5053782302
2023-07-29,950571.5053782302,950571.5053782302
2023-07-30,950571.5053782302,950571.5053782302
2023-07-31,950571.5053782302,950571.5053782302
2023-08-01,950571.5053782302,950571.5053782302
2023-08-02,950571.5053782302,950571.5053782302
2023-08-03,950571.5053782302,950571.5053782302
2023-08-04,950571.5053782302,950571.5053782302
2023-08-05,948533.5998659363,776199.4772344934
2023-08-06,947218.0722122611,776199.4772344934
2023-08-07,947108.4449077882,776199.4772344934
2023-08-08,952096.4872613065,776199.4772344934
2023-08-09,952507.5896530799,776199.4772344934
2023-08-10,949712.0933890203,776199.4772344934
2023-08-11,949355.8046494833,776199.4772344934
2023-08-12,948204.7179525176,776199.4772344934
2023-08-13,948032.7557131096,948032.7557131096
2023-08-14,948032.7557131096,948032.7557131096
2023-08-15,948032.7557131096,948032.7557131096
2023-08-16,948032.7557131096,948032.7557131096
2023-08-17,948032.7557131096,948032.7557131096
2023-08-18,935122.4933717388,93949.8336378822
2023-08-19,935477.7758729749,652763.193709194
2023-08-20,935773.3723706754,371839.1477346305
2023-08-21,927140.5972982878,371839.1477346305
2023-08-22,926585.4346740865,926585.4346740865
2023-08-23,926585.4346740865,926585.4346740865
2023-08-24,926585.4346740865,926585.4346740865
2023-08-25,926585.4346740865,926585.4346740865
2023-08-26,926585.4346740865,926585.4346740865
2023-08-27,926585.4346740865,926585.4346740865
2023-08-28,926585.4346740865,926585.4346740865
2023-08-29,926585.4346740865,926585.4346740865
2023-08-30,926585.4346740865,926585.4346740865
2023-08-31,926585.4346740865,926585.4346740865
2023-09-01,926585.4346740865,926585.4346740865
2023-09-02,926585.4346740865,926585.4346740865
2023-09-03,926585.4346740865,926585.4346740865
2023-09-04,926585.4346740865,926585.4346740865
2023-09-05,926585.4346740865,926585.4346740865
2023-09-06,926585.4346740865,926585.4346740865
2023-09-07,926585.4346740865,926585.4346740865
2023-09-08,926585.4346740865,926585.4346740865
2023-09-09,926585.4346740865,926585.4346740865
2023-09-10,926585.4346740865,926585.4346740865
2023-09-11,926585.4346740865,926585.4346740865
2023-09-12,926585.4346740865,926585.4346740865
2023-09-13,926585.4346740865,926585.4346740865
2023-09-14,926585.4346740865,926585.4346740865
2023-09-15,926585.4346740865,926585.4346740865
2023-09-16,926585.4346740865,926585.4346740865
2023-09-17,926585.4346740865,926585.4346740865
2023-09-18,926585.4346740865,926585.4346740865
2023-09-19,926585.4346740865,926585.4346740865
2023-09-20,926585.4346740865,926585.4346740865
2023-09-21,926585.4346740865,926585.4346740865
2023-09-22,926585.4346740865,926585.4346740865
2023-09-23,926585.4346740865,926585.4346740865
2023-09-24,926585.4346740865,926585.4346740865
2023-09-25,926585.4346740865,926585.4346740865
2023-09-26,926585.4346740865,926585.4346740865
2023-09-27,926585.4346740865,926585.4346740865
2023-09-28,926585.4346740865,926585.4346740865
2023-09-29,926585.4346740865,926585.4346740865
2023-09-30,926585.4346740865,926585.4346740865
2023-10-01,926585.4346740865,926585.4346740865
2023-10-02,937754.9686614198,1204284.7603423926
2023-10-03,938639.9809629591,1204284.7603423926
2023-10-04,940291.3626125706,1204284.7603423926
2023-10-05,945869.1847086853,1204284.7603423926
2023-10-06,930775.1811178668,1229087.7698430626
2023-10-07,930476.7939509945,930476.7939509945
2023-10-08,930476.7939509945,930476.7939509945
2023-10-09,930476.7939509945,930476.7939509945
2023-10-10,930476.7939509945,930476.7939509945
2023-10-11,930476.7939509945,930476.7939509945
2023-10-12,930476.7939509945,930476.7939509945
2023-10-13,930476.7939509945,930476.7939509945
2023-10-14,930476.7939509945,930476.7939509945
2023-10-15,930476.7939509945,930476.7939509945
2023-10-16,930476.7939509945,930476.7939509945
2023-10-17,930476.7939509945,930476.7939509945
2023-10-18,930476.7939509945,930476.7939509945
2023-10-19,930476.7939509945,930476.7939509945
2023-10-20,930476.7939509945,930476.7939509945
2023-10-21,930476.7939509945,930476.7939509945
2023-10-22,930476.7939509945,930476.7939509945
2023-10-23,930476.7939509945,930476.7939509945
2023-10-24,930987.2802626397,1488328.3439355353
2023-10-25,930429.799863701,930429.799863701
2023-10-26,930429.799863701,930429.799863701
2023-10-27,930429.799863701,930429.799863701
2023-10-28,930429.799863701,930429.799863701
2023-10-29,930429.799863701,930429.799863701
2023-10-30,930429.799863701,930429.799863701
2023-10-31,930429.799863701,930429.799863701
2023-11-01,930429.799863701,930429.799863701
2023-11-02,935860.622732567,1202524.7845509443
2023-11-03,935724.8960657462,971036.4498017745
2023-11-04,935681.9082493891,935681.9082493891
2023-11-05,935681.9082493891,935681.9082493891
2023-11-06,935681.9082493891,935681.9082493891
2023-11-07,935681.9082493891,935681.9082493891
2023-11-08,935681.9082493891,935681.9082493891
2023-11-09,935681.9082493891,935681.9082493891
2023-11-10,935681.9082493891,935681.9082493891
2023-11-11,935681.9082493891,935681.9082493891
2023-11-12,935681.9082493891,935681.9082493891
2023-11-13,935681.9082493891,935681.9082493891
2023-11-14,935681.9082493891,935681.9082493891
2023-11-15,935681.9082493891,935681.9082493891
2023-11-16,935681.9082493891,935681.9082493891
2023-11-17,935681.9082493891,935681.9082493891
2023-11-18,935681.9082493891,935681.9082493891
2023-11-19,935681.9082493891,935681.9082493891
2023-11-20,935681.9082493891,935681.9082493891
2023-11-21,935681.9082493891,935681.9082493891
2023-11-22,935681.9082493891,935681.9082493891
2023-11-23,935681.9082493891,935681.9082493891
2023-11-24,935681.9082493891,935681.9082493891
2023-11-25,935681.9082493891,935681.9082493891
2023-11-26,935681.9082493891,935681.9082493891
2023-11-27,935681.9082493891,935681.9082493891
2023-11-28,935681.9082493891,935681.9082493891
2023-11-29,935681.9082493891,935681.9082493891
2023-11-30,935681.9082493891,935681.9082493891
2023-12-01,935681.9082493891,935681.9082493891
2023-12-02,935681.9082493891,935681.9082493891
2023-12-03,935681.9082493891,935681.9082493891
2023-12-04,935681.9082493891,935681.9082493891
2023-12-05,935681.9082493891,935681.9082493891
2023-12-06,935681.9082493891,935681.9082493891
2023-12-07,935681.9082493891,935681.9082493891
2023-12-08,935681.9082493891,935681.9082493891
2023-12-09,935681.9082493891,935681.9082493891
2023-12-10,935681.9082493891,935681.9082493891
2023-12-11,935681.9082493891,935681.9082493891
2023-12-12,935681.9082493891,935681.9082493891
2023-12-13,935681.9082493891,935681.9082493891
2023-12-14,935681.9082493891,935681.9082493891
2023-12-15,935681.9082493891,935681.9082493891
2023-12-16,935681.9082493891,935681.9082493891
2023-12-17,935681.9082493891,935681.9082493891
2023-12-18,935681.9082493891,935681.9082493891
2023-12-19,935681.9082493891,935681.9082493891
2023-12-20,935681.9082493891,935681.9082493891
2023-12-21,935681.9082493891,935681.9082493891
2023-12-22,935681.9082493891,935681.9082493891
2023-12-23,935681.9082493891,935681.9082493891
2023-12-24,935681.9082493891,935681.9082493891
2023-12-25,935681.9082493891,935681.9082493891
2023-12-26,935681.9082493891,935681.9082493891
2023-12-27,935681.9082493891,935681.9082493891
2023-12-28,935681.9082493891,935681.9082493891
2023-12-29,935681.9082493891,935681.9082493891
2023-12-30,935681.9082493891,935681.9082493891
2023-12-31,935681.9082493891,935681.9082493891
2024-01-01,935681.9082493891,935681.9082493891
2024-01-02,935681.9082493891,935681.9082493891
2024-01-03,935681.9082493891,935681.9082493891
2024-01-04,935681.9082493891,935681.9082493891
2024-01-05,935681.9082493891,935681.9082493891
2024-01-06,935681.9082493891,935681.9082493891
2024-01-07,935681.9082493891,935681.9082493891
2024-01-08,947957.1878456246,804177.7872935039
2024-01-09,940305.9558871969,804177.7872935039
2024-01-10,954545.7486987151,804177.7872935039
2024-01-11,958796.433120064,804177.7872935039
2024-01-12,958641.8531288989,958641.8531288989
2024-01-13,958641.8531288989,958641.8531288989
2024-01-14,958641.8531288989,958641.8531288989
2024-01-15,958641.8531288989,958641.8531288989
2024-01-16,958641.8531288989,958641.8531288989
2024-01-17,958641.8531288989,958641.8531288989
2024-01-18,958641.8531288989,958641.8531288989
2024-01-19,958641.8531288989,958641.8531288989
2024-01-20,958641.8531288989,958641.8531288989
2024-01-21,958641.8531288989,958641.8531288989
2024-01-22,958641.8531288989,958641.8531288989
2024-01-23,958641.8531288989,958641.8531288989
2024-01-24,958641.8531288989,958641.8531288989
2024-01-25,958641.8531288989,958641.8531288989
2024-01-26,958641.8531288989,958641.8531288989
2024-01-27,958641.8531288989,958641.8531288989
2024-01-28,958641.8531288989,958641.8531288989
2024-01-29,958641.8531288989,958641.8531288989
2024-01-30,958641.8531288989,958641.8531288989
2024-01-31,958641.8531288989,958641.8531288989
2024-02-01,958641.8531288989,958641.8531288989
2024-02-02,958641.8531288989,958641.8531288989
2024-02-03,958641.8531288989,958641.8531288989
2024-02-04,958641.8531288989,958641.8531288989
2024-02-05,958641.8531288989,958641.8531288989
2024-02-06,958641.8531288989,958641.8531288989
2024-02-07,958641.8531288989,958641.8531288989
2024-02-08,958641.8531288989,958641.8531288989
2024-02-09,958641.8531288989,958641.8531288989
2024-02-10,958641.8531288989,958641.8531288989
2024-02-11,958641.8531288989,958641.8531288989
2024-02-12,958641.8531288989,958641.8531288989
2024-02-13,958641.8531288989,958641.8531288989
2024-02-14,958641.8531288989,958641.8531288989
2024-02-15,958641.8531288989,958641.8531288989
2024-02-16,957280.080662658,1245946.8881224638
2024-02-17,964799.8433237588,1245946.8881224638
2024-02-18,960963.2297211564,1245946.8881224638
2024-02-19,958149.7130792479,1245946.8881224638
2024-02-20,957861.8439549109,957861.8439549109
2024-02-21,957861.8439549109,957861.8439549109
2024-02-22,957861.8439549109,957861.8439549109
2024-02-23,957861.8439549109,957861.8439549109
2024-02-24,957861.8439549109,957861.8439549109
2024-02-25,957861.8439549109,957861.8439549109
2024-02-26,957861.8439549109,957861.8439549109
2024-02-27,957861.8439549109,957861.8439549109
2024-02-28,957861.8439549109,957861.8439549109
2024-02-29,957861.8439549109,957861.8439549109
2024-03-01,957861.8439549109,957861.8439549109
2024-03-02,957861.8439549109,957861.8439549109
2024-03-03,957861.8439549109,957861.8439549109
2024-03-04,957861.8439549109,957861.8439549109
2024-03-05,957861.8439549109,957861.8439549109
2024-03-06,957861.8439549109,957861.8439549109
2024-03-07,957861.8439549109,957861.8439549109
2024-03-08,957861.8439549109,957861.8439549109
2024-03-09,957861.8439549109,957861.8439549109
2024-03-10,957861.8439549109,957861.8439549109
2024-03-11,957861.8439549109,957861.8439549109
2024-03-12,957861.8439549109,957861.8439549109
2024-03-13,957861.8439549109,957861.8439549109
2024-03-14,957861.8439549109,957861.8439549109
2024-03-15,957861.8439549109,957861.8439549109
2024-03-16,957861.8439549109,957861.8439549109
2024-03-17,957861.8439549109,957861.8439549109
2024-03-18,957861.8439549109,957861.8439549109
2024-03-19,957861.8439549109,957861.8439549109
2024-03-20,957861.8439549109,957861.8439549109
2024-03-21,957861.8439549109,957861.8439549109
2024-03-22,957861.8439549109,957861.8439549109
2024-03-23,957861.8439549109,957861.8439549109
2024-03-24,957861.8439549109,957861.8439549109
2024-03-25,957861.8439549109,957861.8439549109
2024-03-26,957861.8439549109,957861.8439549109
2024-03-27,957861.8439549109,957861.8439549109
2024-03-28,957861.8439549109,957861.8439549109
2024-03-29,957861.8439549109,957861.8439549109
2024-03-30,957861.8439549109,957861.8439549109
2024-03-31,957861.8439549109,957861.8439549109
2024-04-01,957861.8439549109,957861.8439549109
2024-04-02,957861.8439549109,957861.8439549109
2024-04-03,957861.8439549109,957861.8439549109
2024-04-04,957861.8439549109,957861.8439549109
2024-04-05,957861.8439549109,957861.8439549109
2024-04-06,957861.8439549109,957861.8439549109
2024-04-07,957861.8439549109,957861.8439549109
2024-04-08,957861.8439549109,957861.8439549109
2024-04-09,957861.8439549109,957861.8439549109
2024-04-10,957861.8439549109,957861.8439549109
2024-04-11,957861.8439549109,957861.8439549109
2024-04-12,957861.8439549109,957861.8439549109
2024-04-13,957861.8439549109,957861.8439549109
2024-04-14,957861.8439549109,957861.8439549109
2024-04-15,955531.7614509756,848468.6511801248
2024-04-16,958054.1189784834,848468.6511801248
2024-04-17,958396.8305990688,848468.6511801248
2024-04-18,959164.5046291798,848468.6511801248
2024-04-19,959329.0062070608,848468.6511801248
2024-04-20,965045.4360384238,848468.6511801248
2024-04-21,963839.0911339634,848468.6511801248
2024-04-22,963723.7495366195,963723.7495366195
2024-04-23,963723.7495366195,963723.7495366195
2024-04-24,963723.7495366195,963723.7495366195
2024-04-25,963723.7495366195,963723.7495366195
2024-04-26,963723.7495366195,963723.7495366195
2024-04-27,963723.7495366195,963723.7495366195
2024-04-28,963723.7495366195,963723.7495366195
2024-04-29,963723.7495366195,963723.7495366195
2024-04-30,963723.7495366195,963723.7495366195
2024-05-01,963723.7495366195,963723.7495366195
2024-05-02,963723.7495366195,963723.7495366195
2024-05-03,963723.7495366195,963723.7495366195
2024-05-04,963723.7495366195,963723.7495366195
2024-05-05,963723.7495366195,963723.7495366195
2024-05-06,963723.7495366195,963723.7495366195
2024-05-07,963723.7495366195,963723.7495366195
2024-05-08,963723.7495366195,963723.7495366195
2024-05-09,963723.7495366195,963723.7495366195
2024-05-10,963723.7495366195,963723.7495366195
2024-05-11,963723.7495366195,963723.7495366195
2024-05-12,963723.7495366195,963723.7495366195
2024-05-13,963723.7495366195,963723.7495366195
2024-05-14,963723.7495366195,963723.7495366195
2024-05-15,963723.7495366195,963723.7495366195
2024-05-16,963723.7495366195,963723.7495366195
2024-05-17,963723.7495366195,963723.7495366195
2024-05-18,963723.7495366195,963723.7495366195
2024-05-19,963723.7495366195,963723.7495366195
2024-05-20,963723.7495366195,963723.7495366195
2024-05-21,963723.7495366195,963723.7495366195
2024-05-22,963723.7495366195,963723.7495366195
2024-05-23,963723.7495366195,963723.7495366195
2024-05-24,963723.7495366195,963723.7495366195
2024-05-25,963723.7495366195,963723.7495366195
2024-05-26,963723.7495366195,963723.7495366195
2024-05-27,963723.7495366195,963723.7495366195
2024-05-28,963723.7495366195,963723.7495366195
2024-05-29,963723.7495366195,963723.7495366195
2024-05-30,963723.7495366195,963723.7495366195
2024-05-31,963723.7495366195,963723.7495366195
2024-06-01,963723.7495366195,963723.7495366195
2024-06-02,963723.7495366195,963723.7495366195
2024-06-03,963723.7495366195,963723.7495366195
2024-06-04,963723.7495366195,963723.7495366195
2024-06-05,963723.7495366195,963723.7495366195
2024-06-06,963723.7495366195,963723.7495366195
2024-06-07,963723.7495366195,963723.7495366195
2024-06-08,963723.7495366195,963723.7495366195
2024-06-09,963723.7495366195,963723.7495366195
2024-06-10,963723.7495366195,963723.7495366195
2024-06-11,963723.7495366195,963723.7495366195
2024-06-12,963723.7495366195,963723.7495366195
2024-06-13,963723.7495366195,963723.7495366195
2024-06-14,963723.7495366195,963723.7495366195
2024-06-15,963723.7495366195,963723.7495366195
2024-06-16,963723.7495366195,963723.7495366195
2024-06-17,963723.7495366195,963723.7495366195
2024-06-18,963723.7495366195,963723.7495366195
2024-06-19,963723.7495366195,963723.7495366195
2024-06-20,963723.7495366195,963723.7495366195
2024-06-21,963723.7495366195,963723.7495366195
2024-06-22,963723.7495366195,963723.7495366195
2024-06-23,963723.7495366195,963723.7495366195
2024-06-24,963723.7495366195,963723.7495366195
2024-06-25,963723.7495366195,963723.7495366195
2024-06-26,963723.7495366195,963723.7495366195
2024-06-27,963723.7495366195,963723.7495366195
2024-06-28,963723.7495366195,963723.7495366195
2024-06-29,963723.7495366195,963723.7495366195
2024-06-30,963723.7495366195,963723.7495366195
2024-07-01,963723.7495366195,963723.7495366195
2024-07-02,963723.7495366195,963723.7495366195
2024-07-03,963723.7495366195,963723.7495366195
2024-07-04,963723.7495366195,963723.7495366195
2024-07-05,963723.7495366195,963723.7495366195
2024-07-06,963723.7495366195,963723.7495366195
2024-07-07,963723.7495366195,963723.7495366195
2024-07-08,963723.7495366195,963723.7495366195
2024-07-09,963723.7495366195,963723.7495366195
2024-07-10,963723.7495366195,963723.7495366195
2024-07-11,963723.7495366195,963723.7495366195
2024-07-12,963723.7495366195,963723.7495366195
2024-07-13,963723.7495366195,963723.7495366195
2024-07-14,968611.6863193632,1191704.1416715765
2024-07-15,968388.5380908973,968388.5380908973
2024-07-16,968388.5380908973,968388.5380908973
2024-07-17,946331.5299778003,1237761.720396598
2024-07-18,946040.0269298339,946040.0269298339
2024-07-19,946040.0269298339,946040.0269298339
2024-07-20,946040.0269298339,946040.0269298339
2024-07-21,936483.1987284842,1153939.0725029488
2024-07-22,940359.1411528117,1153939.0725029488
2024-07-23,951909.4495773073,1153939.0725029488
2024-07-24,955568.3392258724,1153939.0725029488
2024-07-25,959738.8532744487,1153939.0725029488
2024-07-26,945893.9869347512,1153939.0725029488
2024-07-27,945685.8898379116,945685.8898379116
2024-07-28,945685.8898379116,945685.8898379116
2024-07-29,945685.8898379116,945685.8898379116
2024-07-30,945685.8898379116,945685.8898379116
2024-07-31,945685.8898379116,945685.8898379116
2024-08-01,945685.8898379116,945685.8898379116
2024-08-02,945685.8898379116,945685.8898379116
2024-08-03,945685.8898379116,945685.8898379116
2024-08-04,945685.8898379116,945685.8898379116
2024-08-05,936470.239427136,798655.2770070989
2024-08-06,941118.0083949398,797338.4405459813
2024-08-07,967817.4935348097,797338.4405459813
2024-08-08,967675.432412573,967675.432412573
2024-08-09,967675.432412573,967675.432412573
2024-08-10,967675.432412573,967675.432412573
2024-08-11,967675.432412573,967675.432412573
2024-08-12,967675.432412573,967675.432412573
2024-08-13,967675.432412573,967675.432412573
2024-08-14,967675.432412573,967675.432412573
2024-08-15,967675.432412573,967675.432412573
2024-08-16,967675.432412573,967675.432412573
2024-08-17,967675.432412573,967675.432412573
2024-08-18,967675.432412573,967675.432412573
2024-08-19,967675.432412573,967675.432412573
2024-08-20,967675.432412573,967675.432412573
2024-08-21,967675.432412573,967675.432412573
2024-08-22,967675.432412573,967675.432412573
2024-08-23,967675.432412573,967675.432412573
2024-08-24,961184.4273116945,1397644.63159074
2024-08-25,967594.9545655258,1397644.63159074
2024-08-26,985997.4127612043,1397644.63159074
2024-08-27,1009440.8634407533,1397644.63159074
2024-08-28,1014214.2445954458,1196479.2156000629
2024-08-29,1014109.7367368944,1014109.7367368944
2024-08-30,1014109.7367368944,1014109.7367368944
2024-08-31,1014109.7367368944,1014109.7367368944
2024-09-01,1014109.7367368944,1014109.7367368944
2024-09-02,1014109.7367368944,1014109.7367368944
2024-09-03,1014109.7367368944,1014109.7367368944
2024-09-04,1014109.7367368944,1014109.7367368944
2024-09-05,1014109.7367368944,1014109.7367368944
2024-09-06,1014109.7367368944,1014109.7367368944
2024-09-07,1014109.7367368944,1014109.7367368944
2024-09-08,1014109.7367368944,1014109.7367368944
2024-09-09,1014109.7367368944,1014109.7367368944
2024-09-10,1014109.7367368944,1014109.7367368944
2024-09-11,1014109.7367368944,1014109.7367368944
2024-09-12,1014109.7367368944,1014109.7367368944
2024-09-13,1014109.7367368944,1014109.7367368944
2024-09-14,1014109.7367368944,1014109.7367368944
2024-09-15,1014109.7367368944,1014109.7367368944
2024-09-16,1014109.7367368944,1014109.7367368944
2024-09-17,1014109.7367368944,1014109.7367368944
2024-09-18,1014109.7367368944,1014109.7367368944
2024-09-19,1014109.7367368944,1014109.7367368944
2024-09-20,1014109.7367368944,1014109.7367368944
2024-09-21,1014109.7367368944,1014109.7367368944
2024-09-22,1014109.7367368944,1014109.7367368944
2024-09-23,1014109.7367368944,1014109.7367368944
2024-09-24,1013107.3194787079,1313075.512919188
2024-09-25,1021388.8927372316,1313075.512919188
2024-09-26,1015474.7753699499,1313075.512919188
2024-09-27,1008445.8960596097,1313075.512919188
2024-09-28,1010618.8904354299,1313075.512919188
2024-09-29,1010316.3581987905,1010316.3581987905
2024-09-30,1010316.3581987905,1010316.3581987905
2024-10-01,1010316.3581987905,1010316.3581987905
2024-10-02,1010316.3581987905,1010316.3581987905
2024-10-03,1010316.3581987905,1010316.3581987905
2024-10-04,1010316.3581987905,1010316.3581987905
2024-10-05,1010316.3581987905,1010316.3581987905
2024-10-06,1010316.3581987905,1010316.3581987905
2024-10-07,1010316.3581987905,1010316.3581987905
2024-10-08,1010316.3581987905,1010316.3581987905
2024-10-09,1010316.3581987905,1010316.3581987905
2024-10-10,1010316.3581987905,1010316.3581987905
2024-10-11,1010316.3581987905,1010316.3581987905
2024-10-12,1010316.3581987905,1010316.3581987905
2024-10-13,1010316.3581987905,1010316.3581987905
2024-10-14,1010316.3581987905,1010316.3581987905
2024-10-15,1010316.3581987905,1010316.3581987905
2024-10-16,1010316.3581987905,1010316.3581987905
2024-10-17,1010316.3581987905,1010316.3581987905
2024-10-18,1010316.3581987905,1010316.3581987905
2024-10-19,1010316.3581987905,1010316.3581987905
2024-10-20,1010316.3581987905,1010316.3581987905
2024-10-21,1010316.3581987905,1010316.3581987905
2024-10-22,1010316.3581987905,1010316.3581987905
2024-10-23,1010316.3581987905,1010316.3581987905
2024-10-24,1010316.3581987905,1010316.3581987905
2024-10-25,1010316.3581987905,1010316.3581987905
2024-10-26,1010316.3581987905,1010316.3581987905
2024-10-27,1010316.3581987905,1010316.3581987905
2024-10-28,1010316.3581987905,1010316.3581987905
2024-10-29,1010316.3581987905,1010316.3581987905
2024-10-30,1011645.4400859526,1313108.2045932543
2024-10-31,1020199.2293536599,1313108.2045932543
2024-11-01,1023516.1859222758,1313108.2045932543
2024-11-02,1024021.5217552859,1313108.2045932543
2024-11-03,1026516.5314857617,1313108.2045932543
2024-11-04,1030375.1187262228,1313108.2045932543
2024-11-05,1030092.3149570844,1030092.3149570844
2024-11-06,1030092.3149570844,1030092.3149570844
2024-11-07,1030092.3149570844,1030092.3149570844
2024-11-08,1030092.3149570844,1030092.3149570844
2024-11-09,1030092.3149570844,1030092.3149570844
2024-11-10,1030092.3149570844,1030092.3149570844
2024-11-11,1030092.3149570844,1030092.3149570844
2024-11-12,1030092.3149570844,1030092.3149570844
2024-11-13,1030092.3149570844,1030092.3149570844
2024-11-14,1030092.3149570844,1030092.3149570844
2024-11-15,1030092.3149570844,1030092.3149570844
2024-11-16,1030092.3149570844,1030092.3149570844
2024-11-17,1030092.3149570844,1030092.3149570844
2024-11-18,1030092.3149570844,1030092.3149570844
2024-11-19,1030092.3149570844,1030092.3149570844
2024-11-20,1030092.3149570844,1030092.3149570844
2024-11-21,1030092.3149570844,1030092.3149570844
2024-11-22,1030092.3149570844,1030092.3149570844
2024-11-23,1030092.3149570844,1030092.3149570844
2024-11-24,1030092.3149570844,1030092.3149570844
2024-11-25,1030092.3149570844,1030092.3149570844
2024-11-26,1030092.3149570844,1030092.3149570844
2024-11-27,1030092.3149570844,1030092.3149570844
2024-11-28,1030092.3149570844,1030092.3149570844
2024-11-29,1030092.3149570844,1030092.3149570844
2024-11-30,1030092.3149570844,1030092.3149570844
2024-12-01,1030092.3149570844,1030092.3149570844
2024-12-02,1030092.3149570844,1030092.3149570844
2024-12-03,1030092.3149570844,1030092.3149570844
2024-12-04,1030092.3149570844,1030092.3149570844
2024-12-05,1030092.3149570844,1030092.3149570844
2024-12-06,1030092.3149570844,1030092.3149570844
2024-12-07,1030092.3149570844,1030092.3149570844
2024-12-08,1030092.3149570844,1030092.3149570844
2024-12-09,1030092.3149570844,1030092.3149570844
2024-12-10,1030092.3149570844,1030092.3149570844
2024-12-11,1030092.3149570844,1030092.3149570844
2024-12-12,1030092.3149570844,1030092.3149570844
2024-12-13,1030092.3149570844,1030092.3149570844
2024-12-14,1030092.3149570844,1030092.3149570844
2024-12-15,1030092.3149570844,1030092.3149570844
2024-12-16,1030092.3149570844,1030092.3149570844
2024-12-17,1030092.3149570844,1030092.3149570844
2024-12-18,1030092.3149570844,1030092.3149570844
2024-12-19,1030092.3149570844,1030092.3149570844
2024-12-20,1035638.0564329555,829748.5001607446
2024-12-21,1032448.4467657006,829748.5001607446
2024-12-22,1025736.1095392143,733708.6050656786
2024-12-23,1051046.171494937,590197.0160333609
2024-12-24,1068504.9603227787,590197.0160333609
2024-12-25,1064598.5897333967,590197.0160333609
2024-12-26,1042019.2932245093,746845.4797688761
2024-12-27,1039451.76210375,746845.4797688761
2024-12-28,1049509.3785193765,746845.4797688761
2024-12-29,1037907.6571627636,746845.4797688761
2024-12-30,1035636.932627004,838672.0714198429
2024-12-31,1035574.5382309654,838672.0714198429
2025-01-01,1040700.2870680604,950189.1303129173
2025-01-02,1042317.7038530763,950189.1303129173
2025-01-03,1049724.4457971577,950189.1303129173
2025-01-04,1049612.1115577836,1049612.1115577836
2025-01-05,1049612.1115577836,1049612.1115577836
2025-01-06,1049612.1115577836,1049612.1115577836
2025-01-07,1049612.1115577836,1049612.1115577836
2025-01-08,1049612.1115577836,1049612.1115577836
2025-01-09,1049612.1115577836,1049612.1115577836
2025-01-10,1049612.1115577836,1049612.1115577836
2025-01-11,1049612.1115577836,1049612.1115577836
2025-01-12,1049612.1115577836,1049612.1115577836
2025-01-13,1049612.1115577836,1049612.1115577836
2025-01-14,1049612.1115577836,1049612.1115577836
2025-01-15,1049612.1115577836,1049612.1115577836
2025-01-16,1049612.1115577836,1049612.1115577836
2025-01-17,1049612.1115577836,1049612.1115577836
2025-01-18,1049612.1115577836,1049612.1115577836
2025-01-19,1049612.1115577836,1049612.1115577836
2025-01-20,1049612.1115577836,1049612.1115577836
2025-01-21,1049612.1115577836,1049612.1115577836
2025-01-22,1049612.1115577836,1049612.1115577836
2025-01-23,1049612.1115577836,1049612.1115577836
2025-01-24,1049612.1115577836,1049612.1115577836
2025-01-25,1049612.1115577836,1049612.1115577836
2025-01-26,1049612.1115577836,1049612.1115577836
2025-01-27,1049612.1115577836,1049612.1115577836
2025-01-28,1049612.1115577836,1049612.1115577836
2025-01-29,1049612.1115577836,1049612.1115577836
2025-01-30,1049612.1115577836,1049612.1115577836
2025-01-31,1049612.1115577836,1049612.1115577836
2025-02-01,1049612.1115577836,1049612.1115577836
2025-02-02,1049612.1115577836,1049612.1115577836
2025-02-03,1049612.1115577836,1049612.1115577836
2025-02-04,1049612.1115577836,1049612.1115577836
2025-02-05,1049612.1115577836,1049612.1115577836
2025-02-06,1049612.1115577836,1049612.1115577836
2025-02-07,1049612.1115577836,1049612.1115577836
2025-02-08,1049612.1115577836,1049612.1115577836
2025-02-09,1049612.1115577836,1049612.1115577836
2025-02-10,1049612.1115577836,1049612.1115577836
2025-02-11,1049612.1115577836,1049612.1115577836
2025-02-12,1049612.1115577836,1049612.1115577836
2025-02-13,1049612.1115577836,1049612.1115577836
2025-02-14,1049612.1115577836,1049612.1115577836
2025-02-15,1049612.1115577836,1049612.1115577836
2025-02-16,1049612.1115577836,1049612.1115577836
2025-02-17,1049612.1115577836,1049612.1115577836
2025-02-18,1049612.1115577836,1049612.1115577836
2025-02-19,1049612.1115577836,1049612.1115577836
2025-02-20,1049612.1115577836,1049612.1115577836
2025-02-21,1049612.1115577836,1049612.1115577836
2025-02-22,1049612.1115577836,1049612.1115577836
2025-02-23,1049612.1115577836,1049612.1115577836
2025-02-24,1049612.1115577836,1049612.1115577836
2025-02-25,1049612.1115577836,1049612.1115577836
2025-02-26,1049612.1115577836,1049612.1115577836
2025-02-27,1049612.1115577836,1049612.1115577836
2025-02-28,1049612.1115577836,1049612.1115577836
2025-03-01,1049612.1115577836,1049612.1115577836
2025-03-02,1049612.1115577836,1049612.1115577836
2025-03-03,1049612.1115577836,1049612.1115577836
2025-03-04,1049612.1115577836,1049612.1115577836
2025-03-05,1049612.1115577836,1049612.1115577836
2025-03-06,1049612.1115577836,1049612.1115577836
2025-03-07,1049612.1115577836,1049612.1115577836
2025-03-08,1049612.1115577836,1049612.1115577836
2025-03-09,1049612.1115577836,1049612.1115577836
2025-03-10,1049612.1115577836,1049612.1115577836
2025-03-11,1049612.1115577836,1049612.1115577836
2025-03-12,1049612.1115577836,1049612.1115577836
2025-03-13,1049612.1115577836,1049612.1115577836
2025-03-14,1049612.1115577836,1049612.1115577836
2025-03-15,1049612.1115577836,1049612.1115577836
2025-03-16,1049612.1115577836,1049612.1115577836
2025-03-17,1049612.1115577836,1049612.1115577836
2025-03-18,1049612.1115577836,1049612.1115577836
2025-03-19,1049612.1115577836,1049612.1115577836
2025-03-20,1049612.1115577836,1049612.1115577836
2025-03-21,1049612.1115577836,1049612.1115577836
2025-03-22,1049612.1115577836,1049612.1115577836
2025-03-23,1049612.1115577836,1049612.1115577836
2025-03-24,1049612.1115577836,1049612.1115577836
2025-03-25,1049612.1115577836,1049612.1115577836
2025-03-26,1049612.1115577836,1049612.1115577836
2025-03-27,1049612.1115577836,1049612.1115577836
2025-03-28,1049612.1115577836,1049612.1115577836
2025-03-29,1049612.1115577836,1049612.1115577836
2025-03-30,1049612.1115577836,1049612.1115577836
2025-03-31,1049612.1115577836,1049612.1115577836
2025-04-01,1049612.1115577836,1049612.1115577836
2025-04-02,1049612.1115577836,1049612.1115577836
2025-04-03,1049612.1115577836,1049612.1115577836
2025-04-04,1049612.1115577836,1049612.1115577836
2025-04-05,1049612.1115577836,1049612.1115577836
2025-04-06,1049612.1115577836,1049612.1115577836
2025-04-07,1049612.1115577836,1049612.1115577836
2025-04-08,1049612.1115577836,1049612.1115577836
2025-04-09,1049612.1115577836,1049612.1115577836
2025-04-10,1049612.1115577836,1049612.1115577836
2025-04-11,1049612.1115577836,1049612.1115577836
2025-04-12,1049612.1115577836,1049612.1115577836
2025-04-13,1049612.1115577836,1049612.1115577836
2025-04-14,1049612.1115577836,1049612.1115577836
2025-04-15,1049612.1115577836,1049612.1115577836
2025-04-16,1049612.1115577836,1049612.1115577836
2025-04-17,1049612.1115577836,1049612.1115577836
2025-04-18,1049612.1115577836,1049612.1115577836
2025-04-19,1049612.1115577836,1049612.1115577836
2025-04-20,1049612.1115577836,1049612.1115577836
2025-04-21,1049612.1115577836,1049612.1115577836
2025-04-22,1049612.1115577836,1049612.1115577836
2025-04-23,1049612.1115577836,1049612.1115577836
2025-04-24,1049612.1115577836,1049612.1115577836
2025-04-25,1049612.1115577836,1049612.1115577836
2025-04-26,1049612.1115577836,1049612.1115577836
2025-04-27,1049612.1115577836,1049612.1115577836
2025-04-28,1049612.1115577836,1049612.1115577836
2025-04-29,1049612.1115577836,1049612.1115577836
2025-04-30,1049612.1115577836,1049612.1115577836
2025-05-01,1049612.1115577836,1049612.1115577836
2025-05-02,1049612.1115577836,1049612.1115577836
2025-05-03,1049612.1115577836,1049612.1115577836
2025-05-04,1049612.1115577836,1049612.1115577836
2025-05-05,1049612.1115577836,1049612.1115577836
2025-05-06,1049612.1115577836,1049612.1115577836
2025-05-07,1049612.1115577836,1049612.1115577836
2025-05-08,1049612.1115577836,1049612.1115577836
2025-05-09,1049612.1115577836,1049612.1115577836
2025-05-10,1050426.8026356255,1364180.939797991
2025-05-11,1056452.3565576319,1364180.939797991
2025-05-12,1052236.8317745496,1364180.939797991
2025-05-13,1051920.0790287484,1051920.0790287484
2025-05-14,1051920.0790287484,1051920.0790287484
2025-05-15,1051920.0790287484,1051920.0790287484
2025-05-16,1051920.0790287484,1051920.0790287484
2025-05-17,1051920.0790287484,1051920.0790287484
2025-05-18,1051920.0790287484,1051920.0790287484
2025-05-19,1051920.0790287484,1051920.0790287484
2025-05-20,1051920.0790287484,1051920.0790287484
2025-05-21,1051920.0790287484,1051920.0790287484
2025-05-22,1051920.0790287484,1051920.0790287484
2025-05-23,1051920.0790287484,1051920.0790287484
2025-05-24,1051920.0790287484,1051920.0790287484
2025-05-25,1051920.0790287484,1051920.0790287484
2025-05-26,1051920.0790287484,1051920.0790287484
2025-05-27,1051920.0790287484,1051920.0790287484
2025-05-28,1051920.0790287484,1051920.0790287484
2025-05-29,1051920.0790287484,1051920.0790287484
2025-05-30,1051920.0790287484,1051920.0790287484
2025-05-31,1050962.3816469037,905060.0548960667
2025-06-01,1053309.2995470557,686516.9703249928
2025-06-02,1053214.4999485225,686516.9703249928
2025-06-03,1050778.0876816302,834211.7021711215
2025-06-04,1050561.575437716,1050561.575437716
2025-06-05,1050561.575437716,1050561.575437716
2025-06-06,1050561.575437716,1050561.575437716
2025-06-07,1050561.575437716,1050561.575437716
2025-06-08,1050561.575437716,1050561.575437716
2025-06-09,1050561.575437716,1050561.575437716
2025-06-10,1050561.575437716,1050561.575437716
2025-06-11,1050561.575437716,1050561.575437716
2025-06-12,1050561.575437716,1050561.575437716
2025-06-13,1050561.575437716,1050561.575437716
2025-06-14,1050561.575437716,1050561.575437716
2025-06-15,1050561.575437716,1050561.575437716
2025-06-16,1050561.575437716,1050561.575437716
2025-06-17,1050561.575437716,1050561.575437716
2025-06-18,1050561.575437716,1050561.575437716
2025-06-19,1050561.575437716,1050561.575437716
2025-06-20,1050561.575437716,1050561.575437716
2025-06-21,1050561.575437716,1050561.575437716
2025-06-22,1050561.575437716,1050561.575437716
2025-06-23,1050561.575437716,1050561.575437716
2025-06-24,1050561.575437716,1050561.575437716
2025-06-25,1050561.575437716,1050561.575437716
2025-06-26,1050561.575437716,1050561.575437716
2025-06-27,1050561.575437716,1050561.575437716
2025-06-28,1050561.575437716,1050561.575437716
2025-06-29,1050561.575437716,1050561.575437716
2025-06-30,1050561.575437716,1050561.575437716
2025-07-01,1050561.575437716,1050561.575437716
2025-07-02,1050561.575437716,1050561.575437716
2025-07-03,1050561.575437716,1050561.575437716
2025-07-04,1050561.575437716,1050561.575437716
2025-07-05,1050561.575437716,1050561.575437716
2025-07-06,1050561.575437716,1050561.575437716
2025-07-07,1050561.575437716,1050561.575437716
2025-07-08,1050561.575437716,1050561.575437716
2025-07-09,1050561.575437716,1050561.575437716
2025-07-10,1050561.575437716,1050561.575437716
2025-07-11,1046123.4322693575,1365414.9852138576
2025-07-12,1045804.0608935249,1045804.0608935249
2025-07-13,1041037.2073129583,1359231.6160651913
2025-07-14,1039021.1087045847,1359231.6160651913
2025-07-15,1038700.8448908958,1038700.8448908958
2025-07-16,1038700.8448908958,1038700.8448908958
2025-07-17,1033094.7394352187,1349999.565695962
2025-07-18,1034339.8694909543,1289588.3838748278
2025-07-19,1028266.5073349968,1266444.4819322773
2025-07-20,1028038.1449851937,1028038.1449851937
2025-07-21,1028038.1449851937,1028038.1449851937
2025-07-22,1028038.1449851937,1028038.1449851937
2025-07-23,1028038.1449851937,1028038.1449851937
2025-07-24,1028038.1449851937,1028038.1449851937
2025-07-25,1028038.1449851937,1028038.1449851937
2025-07-26,1028038.1449851937,1028038.1449851937
2025-07-27,1028038.1449851937,1028038.1449851937
2025-07-28,1028038.1449851937,1028038.1449851937
2025-07-29,1028038.1449851937,1028038.1449851937
2025-07-30,1028038.1449851937,1028038.1449851937
2025-07-31,1028038.1449851937,1028038.1449851937
2025-08-01,1028038.1449851937,1028038.1449851937
2025-08-02,1028038.1449851937,1028038.1449851937
2025-08-03,1028038.1449851937,1028038.1449851937
2025-08-04,1028038.1449851937,1028038.1449851937
2025-08-05,1028038.1449851937,1028038.1449851937
2025-08-06,1028038.1449851937,1028038.1449851937
2025-08-07,1028038.1449851937,1028038.1449851937
2025-08-08,1028038.1449851937,1028038.1449851937
2025-08-09,1028038.1449851937,1028038.1449851937
2025-08-10,1028038.1449851937,1028038.1449851937
2025-08-11,1028038.1449851937,1028038.1449851937
2025-08-12,1028038.1449851937,1028038.1449851937
2025-08-13,1028038.1449851937,1028038.1449851937
2025-08-14,1028038.1449851937,1028038.1449851937
2025-08-15,1028038.1449851937,1028038.1449851937
2025-08-16,1028038.1449851937,1028038.1449851937
2025-08-17,1028038.1449851937,1028038.1449851937
2025-08-18,1028038.1449851937,1028038.1449851937
2025-08-19,1028038.1449851937,1028038.1449851937
2025-08-20,1028038.1449851937,1028038.1449851937
2025-08-21,1028038.1449851937,1028038.1449851937
2025-08-22,1028038.1449851937,1028038.1449851937
2025-08-23,1028038.1449851937,1028038.1449851937
2025-08-24,1028038.1449851937,1028038.1449851937
2025-08-25,1028038.1449851937,1028038.1449851937
2025-08-26,1028038.1449851937,1028038.1449851937
2025-08-27,1028038.1449851937,1028038.1449851937
2025-08-28,1028038.1449851937,1028038.1449851937
2025-08-29,1028038.1449851937,1028038.1449851937
2025-08-30,1028038.1449851937,1028038.1449851937
2025-08-31,1028038.1449851937,1028038.1449851937
2025-09-01,1028038.1449851937,1028038.1449851937
2025-09-02,1028038.1449851937,1028038.1449851937
2025-09-03,1028038.1449851937,1028038.1449851937
2025-09-04,1028038.1449851937,1028038.1449851937
2025-09-05,1028038.1449851937,1028038.1449851937
2025-09-06,1028038.1449851937,1028038.1449851937
2025-09-07,1028038.1449851937,1028038.1449851937
2025-09-08,1028038.1449851937,1028038.1449851937
2025-09-09,1028038.1449851937,1028038.1449851937
2025-09-10,1028038.1449851937,1028038.1449851937
2025-09-11,1028038.1449851937,1028038.1449851937
2025-09-12,1028038.1449851937,1028038.1449851937
2025-09-13,1028038.1449851937,1028038.1449851937
2025-09-14,1028038.1449851937,1028038.1449851937
2025-09-15,1028038.1449851937,1028038.1449851937
2025-09-16,1028038.1449851937,1028038.1449851937
2025-09-17,1028038.1449851937,1028038.1449851937
2025-09-18,1028038.1449851937,1028038.1449851937
2025-09-19,1028038.1449851937,1028038.1449851937
2025-09-20,1028038.1449851937,1028038.1449851937
2025-09-21,1028038.1449851937,1028038.1449851937
2025-09-22,1028038.1449851937,1028038.1449851937
2025-09-23,1028038.1449851937,1028038.1449851937
2025-09-24,1028038.1449851937,1028038.1449851937
2025-09-25,1028038.1449851937,1028038.1449851937
2025-09-26,1043008.9227066722,792212.9045659046
2025-09-27,1040918.6502934506,792212.9045659046
2025-09-28,1049927.6021562836,792212.9045659046
2025-09-29,1052274.5746904274,792212.9045659046
2025-09-30,1047299.4818706538,792212.9045659046
2025-10-01,1063630.499087404,792212.9045659046
2025-10-02,1063359.149347281,1063359.149347281
2025-10-03,1063359.149347281,1063359.149347281
2025-10-04,1063359.149347281,1063359.149347281
2025-10-05,1063359.149347281,1063359.149347281
2025-10-06,1063359.149347281,1063359.149347281
2025-10-07,1063359.149347281,1063359.149347281
2025-10-08,1063359.149347281,1063359.149347281
2025-10-09,1063359.149347281,1063359.149347281
2025-10-10,1063359.149347281,1063359.149347281
2025-10-11,1063359.149347281,1063359.149347281
2025-10-12,1063359.149347281,1063359.149347281
2025-10-13,1063359.149347281,1063359.149347281
2025-10-14,1063359.149347281,1063359.149347281
2025-10-15,1063359.149347281,1063359.149347281
2025-10-16,1063359.149347281,1063359.149347281
2025-10-17,1063359.149347281,1063359.149347281
2025-10-18,1063359.149347281,1063359.149347281
2025-10-19,1063359.149347281,1063359.149347281
2025-10-20,1063359.149347281,1063359.149347281
2025-10-21,1063359.149347281,1063359.149347281
2025-10-22,1063359.149347281,1063359.149347281
2025-10-23,1063359.149347281,1063359.149347281
2025-10-24,1063359.149347281,1063359.149347281
2025-10-25,1063359.149347281,1063359.149347281
2025-10-26,1063359.149347281,1063359.149347281
2025-10-27,1063359.149347281,1063359.149347281
2025-10-28,1063359.149347281,1063359.149347281
2025-10-29,1063359.149347281,1063359.149347281
2025-10-30,1063359.149347281,1063359.149347281
2025-10-31,1063359.149347281,1063359.149347281
2025-11-01,1063359.149347281,1063359.149347281
2025-11-02,1063359.149347281,1063359.149347281
2025-11-03,1063359.149347281,1063359.149347281
2025-11-04,1063359.149347281,1063359.149347281
2025-11-05,1063359.149347281,1063359.149347281
2025-11-06,1063359.149347281,1063359.149347281
2025-11-07,1063359.149347281,1063359.149347281
2025-11-08,1063359.149347281,1063359.149347281
2025-11-09,1063359.149347281,1063359.149347281
2025-11-10,1063359.149347281,1063359.149347281
2025-11-11,1063359.149347281,1063359.149347281
2025-11-12,1063359.149347281,1063359.149347281
2025-11-13,1063359.149347281,1063359.149347281
2025-11-14,1063359.149347281,1063359.149347281
2025-11-15,1063359.149347281,1063359.149347281
2025-11-16,1063359.149347281,1063359.149347281
2025-11-17,1063359.149347281,1063359.149347281
2025-11-18,1063359.149347281,1063359.149347281
2025-11-19,1063359.149347281,1063359.149347281
2025-11-20,1063359.149347281,1063359.149347281
2025-11-21,1063359.149347281,1063359.149347281
2025-11-22,1063359.149347281,1063359.149347281
2025-11-23,1063359.149347281,1063359.149347281
2025-11-24,1063359.149347281,1063359.149347281
2025-11-25,1063359.149347281,1063359.149347281
2025-11-26,1063359.149347281,1063359.149347281
2025-11-27,1063359.149347281,1063359.149347281
2025-11-28,1063359.149347281,1063359.149347281
2025-11-29,1063359.149347281,1063359.149347281
2025-11-30,1063359.149347281,1063359.149347281
2025-12-01,1063359.149347281,1063359.149347281
2025-12-02,1063359.149347281,1063359.149347281
2025-12-03,1063359.149347281,1063359.149347281
2025-12-04,1063359.149347281,1063359.149347281
2025-12-05,1063359.149347281,1063359.149347281
2025-12-06,1063359.149347281,1063359.149347281
2025-12-07,1063359.149347281,1063359.149347281
2025-12-08,1063359.149347281,1063359.149347281
2025-12-09,1063359.149347281,1063359.149347281
2025-12-10,1063359.149347281,1063359.149347281
2025-12-11,1063359.149347281,1063359.149347281
2025-12-12,1063359.149347281,1063359.149347281
2025-12-13,1063359.149347281,1063359.149347281
2025-12-14,1063359.149347281,1063359.149347281
2025-12-15,1063359.149347281,1063359.149347281
2025-12-16,1063359.149347281,1063359.149347281
2025-12-17,1063359.149347281,1063359.149347281
2025-12-18,1063359.149347281,1063359.149347281
2025-12-19,1063359.149347281,1063359.149347281
2025-12-20,1063359.149347281,1063359.149347281
2025-12-21,1063359.149347281,1063359.149347281
2025-12-22,1063359.149347281,1063359.149347281
2025-12-23,1063359.149347281,1063359.149347281
2025-12-24,1063359.149347281,1063359.149347281
2025-12-25,1063359.149347281,1063359.149347281
2025-12-26,1063359.149347281,1063359.149347281
2025-12-27,1063359.149347281,1063359.149347281
2025-12-28,1063359.149347281,1063359.149347281
2025-12-29,1063359.149347281,1063359.149347281
2025-12-30,1063359.149347281,1063359.149347281
2025-12-31,1063359.149347281,1063359.149347281
2026-01-01,1063359.149347281,1063359.149347281
2026-01-02,1063359.149347281,1063359.149347281
2026-01-03,1063359.149347281,1063359.149347281
2026-01-04,1063359.149347281,1063359.149347281
2026-01-05,1063359.149347281,1063359.149347281
2026-01-06,1063422.525746867,1811098.0622258051
2026-01-07,1092825.68423497,1884207.6176375535
2026-01-08,1109685.6951892793,1884207.6176375535
2026-01-09,1118050.8173481748,1884207.6176375535
2026-01-10,1119420.2918772015,1737714.2859728867
2026-01-11,1125289.9052044402,1643475.61693097
2026-01-12,1126842.8597757218,1376188.5225238218
2026-01-13,1099299.5675889486,1376188.5225238218
2026-01-14,1106094.3885689455,1376188.5225238218
2026-01-15,1119320.0222621537,1376188.5225238218
2026-01-16,1119077.3500842967,1376188.5225238218
2026-01-17,1111797.1847485858,1376188.5225238218
2026-01-18,1119716.6092875223,1264265.2898114074
2026-01-19,1119572.0244698282,1119572.0244698282
2026-01-20,1119572.0244698282,1119572.0244698282
2026-01-21,1119572.0244698282,1119572.0244698282
2026-01-22,1119572.0244698282,1119572.0244698282
2026-01-23,1119572.0244698282,1119572.0244698282
2026-01-24,1119572.0244698282,1119572.0244698282
2026-01-25,1119572.0244698282,1119572.0244698282
2026-01-26,1132455.4166084565,828794.6097968717
2026-01-27,1139665.6498674243,828794.6097968717
2026-01-28,1135168.4196313224,828794.6097968717
2026-01-29,1116763.9937194483,828794.6097968717
2026-01-30,1116201.8399399356,828794.6097968717
2026-01-31,1086847.6360619,828794.6097968717
2026-02-01,1086589.6475488916,1086589.6475488916
2026-02-02,1086589.6475488916,1086589.6475488916
2026-02-03,1086589.6475488916,1086589.6475488916
2026-02-04,1086589.6475488916,1086589.6475488916
2026-02-05,1086589.6475488916,1086589.6475488916
2026-02-06,1086589.6475488916,1086589.6475488916
2026-02-07,1086589.6475488916,1086589.6475488916
2026-02-08,1086589.6475488916,1086589.6475488916
2026-02-09,1086589.6475488916,1086589.6475488916
2026-02-10,1086589.6475488916,1086589.6475488916
2026-02-11,1086589.6475488916,1086589.6475488916
2026-02-12,1086589.6475488916,1086589.6475488916
2026-02-13,1086589.6475488916,1086589.6475488916
2026-02-14,1086589.6475488916,1086589.6475488916
2026-02-15,1086589.6475488916,1086589.6475488916
2026-02-16,1086589.6475488916,1086589.6475488916
2026-02-17,1086589.6475488916,1086589.6475488916
2026-02-18,1086589.6475488916,1086589.6475488916
2026-02-19,1086589.6475488916,1086589.6475488916
2026-02-20,1086589.6475488916,1086589.6475488916
2026-02-21,1086589.6475488916,1086589.6475488916
2026-02-22,1086589.6475488916,1086589.6475488916
2026-02-23,1086589.6475488916,1086589.6475488916
2026-02-24,1086589.6475488916,1086589.6475488916
2026-02-25,1086589.6475488916,1086589.6475488916
2026-02-26,1086589.6475488916,1086589.6475488916
2026-02-27,1086589.6475488916,1086589.6475488916
2026-02-28,1086589.6475488916,1086589.6475488916
2026-03-01,1086589.6475488916,1086589.6475488916
2026-03-02,1086589.6475488916,1086589.6475488916
2026-03-03,1086589.6475488916,1086589.6475488916
2026-03-04,1086589.6475488916,1086589.6475488916
2026-03-05,1091292.1905973651,1412245.5952664039
2026-03-06,1101467.9765538399,1412245.5952664039
2026-03-07,1104960.639211734,1412245.5952664039
2026-03-08,1104648.3183476408,1104648.3183476408
2026-03-09,1104648.3183476408,1104648.3183476408
2026-03-10,1104648.3183476408,1104648.3183476408
2026-03-11,1104648.3183476408,1104648.3183476408
2026-03-12,1104648.3183476408,1104648.3183476408
2026-03-13,1104648.3183476408,1104648.3183476408
2026-03-14,1104648.3183476408,1104648.3183476408
2026-03-15,1104648.3183476408,1104648.3183476408
2026-03-16,1104648.3183476408,1104648.3183476408
2026-03-17,1113708.7954449942,1766769.8147469196
2026-03-18,1133459.4469903198,1766769.8147469196
2026-03-19,1138962.6849804693,1448430.79170299
2026-03-20,1138653.0952084716,1138653.0952084716
2026-03-21,1138653.0952084716,1138653.0952084716
2026-03-22,1138653.0952084716,1138653.0952084716
2026-03-23,1138653.0952084716,1138653.0952084716
2026-03-24,1138653.0952084716,1138653.0952084716
2026-03-25,1138653.0952084716,1138653.0952084716
2026-03-26,1138653.0952084716,1138653.0952084716
2026-03-27,1138653.0952084716,1138653.0952084716
2026-03-28,1138653.0952084716,1138653.0952084716
2026-03-29,1138653.0952084716,1138653.0952084716
2026-03-30,1138653.0952084716,1138653.0952084716
2026-03-31,1138653.0952084716,1138653.0952084716
2026-04-01,1138653.0952084716,1138653.0952084716
2026-04-02,1138653.0952084716,1138653.0952084716
2026-04-03,1138653.0952084716,1138653.0952084716
2026-04-04,1138653.0952084716,1138653.0952084716
2026-04-05,1138653.0952084716,1138653.0952084716
2026-04-06,1138653.0952084716,1138653.0952084716
2026-04-07,1138653.0952084716,1138653.0952084716
2026-04-08,1138653.0952084716,1138653.0952084716
2026-04-09,1138653.0952084716,1138653.0952084716
2026-04-10,1138653.0952084716,1138653.0952084716
2026-04-11,1138653.0952084716,1138653.0952084716
2026-04-12,1138653.0952084716,1138653.0952084716
2026-04-13,1138653.0952084716,1138653.0952084716
2026-04-14,1138653.0952084716,1138653.0952084716
2026-04-15,1138653.0952084716,1138653.0952084716
2026-04-16,1138653.0952084716,1138653.0952084716
2026-04-17,1138653.0952084716,1138653.0952084716
2026-04-18,1138653.0952084716,1138653.0952084716
2026-04-19,1138653.0952084716,1138653.0952084716
2026-04-20,1138653.0952084716,1138653.0952084716
2026-04-21,1138653.0952084716,1138653.0952084716
2026-04-22,1138653.0952084716,1138653.0952084716
2026-04-23,1138653.0952084716,1138653.0952084716
2026-04-24,1138653.0952084716,1138653.0952084716
2026-04-25,1138653.0952084716,1138653.0952084716
2026-04-26,1138653.0952084716,1138653.0952084716
2026-04-27,1138653.0952084716,1138653.0952084716
2026-04-28,1138653.0952084716,1138653.0952084716
2026-04-29,1138653.0952084716,1138653.0952084716
2026-04-30,1138653.0952084716,1138653.0952084716
2026-05-01,1138653.0952084716,1138653.0952084716
2026-05-02,1138653.0952084716,1138653.0952084716
2026-05-03,1138653.0952084716,1138653.0952084716
2026-05-04,1138653.0952084716,1138653.0952084716
2026-05-05,1138653.0952084716,1138653.0952084716
2026-05-06,1138653.0952084716,1138653.0952084716
2026-05-07,1138653.0952084716,1138653.0952084716
2026-05-08,1138653.0952084716,1138653.0952084716
2026-05-09,1138653.0952084716,1138653.0952084716
2026-05-10,1138653.0952084716,1138653.0952084716
2026-05-11,1144716.7156132336,1337608.6542372336
2026-05-12,1146816.4022184687,1475354.468546474
2026-05-13,1149028.4810736736,1271311.872270988
2026-05-14,1148927.6380299164,1148927.6380299164
2026-05-15,1148927.6380299164,1148927.6380299164
2026-05-16,1148927.6380299164,1148927.6380299164
2026-05-17,1148927.6380299164,1148927.6380299164
2026-05-18,1148927.6380299164,1148927.6380299164
2026-05-19,1148927.6380299164,1148927.6380299164
2026-05-20,1148927.6380299164,1148927.6380299164
2026-05-21,1148927.6380299164,1148927.6380299164
2026-05-22,1148927.6380299164,1148927.6380299164
2026-05-23,1148927.6380299164,1148927.6380299164
2026-05-24,1148927.6380299164,1148927.6380299164
2026-05-25,1148927.6380299164,1148927.6380299164
2026-05-26,1148927.6380299164,1148927.6380299164
2026-05-27,1148927.6380299164,1148927.6380299164
2026-05-28,1148927.6380299164,1148927.6380299164
2026-05-29,1148927.6380299164,1148927.6380299164
2026-05-30,1148927.6380299164,1148927.6380299164
2026-05-31,1148927.6380299164,1148927.6380299164
2026-06-01,1148927.6380299164,1148927.6380299164
2026-06-02,1148927.6380299164,1148927.6380299164
2026-06-03,1148927.6380299164,1148927.6380299164
2026-06-04,1139267.3803762821,844340.1611436808
2026-06-05,1138939.2651632116,1138939.2651632116
2026-06-06,1138939.2651632116,1138939.2651632116
2026-06-07,1138939.2651632116,1138939.2651632116
2026-06-08,1138939.2651632116,1138939.2651632116
2026-06-09,1138939.2651632116,1138939.2651632116
2026-06-10,1138939.2651632116,1138939.2651632116
2026-06-11,1138939.2651632116,1138939.2651632116
2026-06-12,1138939.2651632116,1138939.2651632116
2026-06-13,1138939.2651632116,1138939.2651632116
2026-06-14,1138939.2651632116,1138939.2651632116
2026-06-15,1138939.2651632116,1138939.2651632116
2026-06-16,1138939.2651632116,1138939.2651632116
2026-06-17,1138939.2651632116,1138939.2651632116
2026-06-18,1138939.2651632116,1138939.2651632116
2026-06-19,1138939.2651632116,1138939.2651632116
2026-06-20,1138939.2651632116,1138939.2651632116
2026-06-21,1138939.2651632116,1138939.2651632116
2026-06-22,1138939.2651632116,1138939.2651632116
2026-06-23,1138939.2651632116,1138939.2651632116
2026-06-24,1138939.2651632116,1138939.2651632116
2026-06-25,1138939.2651632116,1138939.2651632116
2026-06-26,1138939.2651632116,1138939.2651632116
2026-06-27,1138939.2651632116,1138939.2651632116
2026-06-28,1138939.2651632116,1138939.2651632116
2026-06-29,1138939.2651632116,1138939.2651632116
2026-06-30,1138939.2651632116,1138939.2651632116
2026-07-01,1138939.2651632116,1138939.2651632116
2026-07-02,1138939.2651632116,1138939.2651632116
2026-07-03,1138939.2651632116,1138939.2651632116
2026-07-04,1138939.2651632116,1138939.2651632116
2026-07-05,1138939.2651632116,1138939.2651632116
2026-07-06,1146264.2336349615,1410278.8476265469
2026-07-07,1160023.9529309398,1410278.8476265469
2026-07-08,1170773.733630923,1410278.8476265469
2026-07-09,1171490.3856775886,1410278.8476265469
2026-07-10,1171347.0552682555,1410278.8476265469
2026-07-11,1172637.0289522533,1410278.8476265469
2026-07-12,1177940.2540975783,1410278.8476265469
2026-07-13,1184390.1225175683,1410278.8476265469
2026-07-14,1182530.2838313603,1219588.3232597876
2026-07-15,1182493.2165274222,1182493.2165274222
2026-07-16,1182493.2165274222,1182493.2165274222
2026-07-17,1182493.2165274222,1182493.2165274222
2026-07-18,1182493.2165274222,1182493.2165274222
2026-07-19,1182493.2165274222,1182493.2165274222
2026-07-20,1182493.2165274222,1182493.2165274222
2026-07-21,1182493.2165274222,1182493.2165274222
2026-07-22,1182493.2165274222,1182493.2165274222
2026-07-23,1182493.2165274222,1182493.2165274222
2026-07-24,1182493.2165274222,1182493.2165274222
2026-07-25,1182493.2165274222,1182493.2165274222
2026-07-26,1182493.2165274222,1182493.2165274222
2026-07-27,1182493.2165274222,1182493.2165274222
2026-07-28,1182493.2165274222,1182493.2165274222
2026-07-29,1182493.2165274222,1182493.2165274222
2026-07-30,1182493.2165274222,1182493.2165274222
2026-07-31,1182493.2165274222,1182493.2165274222
