order_id,signal_time,fill_time,symbol,side,qty,fill_price,commission,slip,slip_dir,costs,strategy_id,exit_reason,is_maker
qt_c69391d7f09ee348daa24ea3,2017-10-20,2017-10-21,BTC-USDT,buy,15.044154593732605,6016.72686,45.25828451505168,3.006859999999506,positive,"{'commission': np.float64(45.25828451505168), 'slippage': np.float64(45.235666681703385), 'impact': np.float64(0.0), 'funding': None, 'borrow': None, 'funding_status': 'not_modeled', 'borrow_status': 'not_modeled', 'modeled_total': np.float64(90.49395119675506)}",TrendBreakout,signal,False
qt_cc164492307749765185c258,2017-10-25,2017-10-26,BTC-USDT,sell,15.044154593732605,5667.264950000001,42.62960501572115,2.8350499999996828,negative,"{'commission': np.float64(42.62960501572115), 'slippage': np.float64(42.65093048095685), 'impact': np.float64(0.0), 'funding': None, 'borrow': None, 'funding_status': 'not_modeled', 'borrow_status': 'not_modeled', 'modeled_total': np.float64(85.280535496678)}",Router,StateSwitch,False
qt_25093263a015d62a93dda851,2017-11-19,2017-11-20,BTC-USDT,buy,7.3325353437484715,8061.1385549999995,29.55429168269549,4.028554999999869,positive,"{'commission': np.float64(29.55429168269549), 'slippage': np.float64(29.539521921733666), 'impact': np.float64(0.0), 'funding': None, 'borrow': None, 'funding_status': 'not_modeled', 'borrow_status': 'not_modeled', 'modeled_total': np.float64(59.09381360442916)}",TrendBreakout,signal,False
qt_49a84a27aafb44a67806b210,2017-12-14,2017-12-15,BNB-USDT,short,9195.741800000002,3.1502241000000004,14.484323717868694,0.0015758999999997414,negative,"{'commission': 14.484323717868694, 'slippage': 14.491569502617624, 'impact': 0.0, 'funding': None, 'borrow': None, 'funding_status': 'not_modeled', 'borrow_status': 'not_modeled', 'modeled_total': 28.97589322048632}",VolatilityReversion,signal,False
qt_49a84a27aafb44a67806b210,2017-12-14,2017-12-16,BNB-USDT,short,7756.067900000001,4.157920000000001,16.124554921384004,0.0020799999999994156,negative,"{'commission': 16.124554921384004, 'slippage': 16.13262123199547, 'impact': 0.0, 'funding': None, 'borrow': None, 'funding_status': 'not_modeled', 'borrow_status': 'not_modeled', 'modeled_total': 32.257176153379476}",VolatilityReversion,signal,False
qt_49a84a27aafb44a67806b210,2017-12-14,2017-12-17,BNB-USDT,short,15556.6204,4.6276850000000005,35.995569437887006,0.002314999999999401,negative,"{'commission': 35.995569437887006, 'slippage': 36.013576225990676, 'impact': 0.0, 'funding': None, 'borrow': None, 'funding_status': 'not_modeled', 'borrow_status': 'not_modeled', 'modeled_total': 72.00914566387769}",VolatilityReversion,signal,False
qt_49a84a27aafb44a67806b210,2017-12-14,2017-12-18,BNB-USDT,short,6715.976443419528,5.9960005,20.134499056365854,0.0029994999999995997,negative,"{'commission': np.float64(20.134499056365854), 'slippage': np.float64(20.144571342034183), 'impact': np.float64(0.0), 'funding': None, 'borrow': None, 'funding_status': 'not_modeled', 'borrow_status': 'not_modeled', 'modeled_total': np.float64(40.27907039840004)}",VolatilityReversion,signal,False
qt_3f12221e35f39300f576da68,2017-12-15,2017-12-18,BNB-USDT,cover,7585.734256580474,6.001999499999999,22.764786607564435,0.0029994999999995997,positive,"{'commission': np.float64(22.764786607564435), 'slippage': np.float64(22.753409902610095), 'impact': np.float64(0.0), 'funding': None, 'borrow': None, 'funding_status': 'not_modeled', 'borrow_status': 'not_modeled', 'modeled_total': np.float64(45.51819651017453)}",VolatilityReversion,hard_stop,False
qt_3f12221e35f39300f576da68,2017-12-15,2017-12-19,BNB-USDT,cover,1610.0075434195278,5.98299,4.816329516101801,0.002989999999999604,positive,"{'commission': np.float64(4.816329516101801), 'slippage': np.float64(4.81392255482375), 'impact': np.float64(0.0), 'funding': None, 'borrow': None, 'funding_status': 'not_modeled', 'borrow_status': 'not_modeled', 'modeled_total': np.float64(9.63025207092555)}",VolatilityReversion,hard_stop,False
qt_a71b38b496dc411b453b94dd,2017-12-18,2017-12-19,ETH-USDT,buy,51.35977251915728,784.3919999999999,20.143097342923408,0.39199999999993906,positive,"{'commission': np.float64(20.143097342923408), 'slippage': np.float64(20.133030827506524), 'impact': np.float64(0.0), 'funding': None, 'borrow': None, 'funding_status': 'not_modeled', 'borrow_status': 'not_modeled', 'modeled_total': np.float64(40.27612817042993)}",TrendBreakout,signal,False
qt_e388245e9b999d41cb566c73,2017-12-21,2017-12-22,BTC-USDT,sell,7.3325353437484715,15506.272985000001,56.85014735616232,7.757014999999228,negative,"{'commission': np.float64(56.85014735616232), 'slippage': np.float64(56.87858664948139), 'impact': np.float64(0.0), 'funding': None, 'borrow': None, 'funding_status': 'not_modeled', 'borrow_status': 'not_modeled', 'modeled_total': np.float64(113.7287340056437)}",Router,StateSwitch,False
qt_9ead2605d6757067ad661b5a,2017-12-28,2017-12-29,ETH-USDT,sell,51.35977251915728,709.14525,18.210769361520462,0.35474999999996726,negative,"{'commission': np.float64(18.210769361520462), 'slippage': np.float64(18.219879301169364), 'impact': np.float64(0.0), 'funding': None, 'borrow': None, 'funding_status': 'not_modeled', 'borrow_status': 'not_modeled', 'modeled_total': np.float64(36.430648662689826)}",Router,StateSwitch,False
qt_a7a39fe95bee2a5b093d3b84,2018-01-04,2018-01-05,BNB-USDT,cover,27649.7704,9.1395675,126.353471465151,0.00456750000000028,positive,"{'commission': 126.353471465151, 'slippage': 126.29032630200774, 'impact': 0.0, 'funding': None, 'borrow': None, 'funding_status': 'not_modeled', 'borrow_status': 'not_modeled', 'modeled_total': 252.64379776715873}",Router,StateSwitch,False
qt_a7a39fe95bee2a5b093d3b84,2018-01-04,2018-01-06,BNB-USDT,cover,2378.894343419528,14.8982454,17.720675854468002,0.007445399999999935,positive,"{'commission': np.float64(17.720675854468002), 'slippage': np.float64(17.711819944495602), 'impact': np.float64(0.0), 'funding': None, 'borrow': None, 'funding_status': 'not_modeled', 'borrow_status': 'not_modeled', 'modeled_total': np.float64(35.4324957989636)}",Router,StateSwitch,False
qt_58bf0f077a8e9afbeafb83a1,2018-02-02,2018-02-03,LTC-USDT,buy,393.85966555734365,132.055995,26.00576501277112,0.0659949999999867,positive,"{'commission': np.float64(26.00576501277112), 'slippage': np.float64(25.992768628451657), 'impact': np.float64(0.0), 'funding': None, 'borrow': None, 'funding_status': 'not_modeled', 'borrow_status': 'not_modeled', 'modeled_total': np.float64(51.99853364122278)}",VolatilityReversion,signal,False
qt_61f487ceaac341081bb65137,2018-02-05,2018-02-06,BTC-USDT,short,3.289691768708257,6936.160185000001,11.408914533518223,3.469814999999471,negative,"{'commission': np.float64(11.408914533518223), 'slippage': np.float64(11.4146218444387), 'impact': np.float64(0.0), 'funding': None, 'borrow': None, 'funding_status': 'not_modeled', 'borrow_status': 'not_modeled', 'modeled_total': np.float64(22.823536377956923)}",TrendBreakdown,signal,False
qt_ea7f14033a26ba2b1b113cba,2018-02-09,2018-02-10,LTC-USDT,sell,393.85966555734365,163.65813000000003,32.22916817377014,0.08186999999998079,negative,"{'commission': np.float64(32.22916817377014), 'slippage': np.float64(32.24529081917216), 'impact': np.float64(0.0), 'funding': None, 'borrow': None, 'funding_status': 'not_modeled', 'borrow_status': 'not_modeled', 'modeled_total': np.float64(64.4744589929423)}",VolatilityReversion,Volatility mean reversion complete,False
qt_5c5661f75f7061cb8aa22c32,2018-02-14,2018-02-15,BTC-USDT,cover,3.289691768708257,9454.704989999998,15.551532590583939,4.724989999998797,positive,"{'commission': np.float64(15.551532590583939), 'slippage': np.float64(15.543760710224872), 'impact': np.float64(0.0), 'funding': None, 'borrow': None, 'funding_status': 'not_modeled', 'borrow_status': 'not_modeled', 'modeled_total': np.float64(31.095293300808812)}",Router,StateSwitch,False
qt_e981f474c623e68d53a639ae,2018-02-16,2018-02-17,LTC-USDT,short,431.9619733537767,227.88600000000002,49.21904312984939,0.1139999999999759,negative,"{'commission': np.float64(49.21904312984939), 'slippage': np.float64(49.24366496232014), 'impact': np.float64(0.0), 'funding': None, 'borrow': None, 'funding_status': 'not_modeled', 'borrow_status': 'not_modeled', 'modeled_total': np.float64(98.46270809216952)}",VolatilityReversion,signal,False
qt_372be26ec266782105a55252,2018-02-22,2018-02-23,LTC-USDT,cover,431.9619733537767,192.78634499999998,41.638185010931004,0.09634499999998525,positive,"{'commission': np.float64(41.638185010931004), 'slippage': np.float64(41.61737632276325), 'impact': np.float64(0.0), 'funding': None, 'borrow': None, 'funding_status': 'not_modeled', 'borrow_status': 'not_modeled', 'modeled_total': np.float64(83.25556133369426)}",Router,StateSwitch,False
qt_ed6894f02c4e13a72e64d2a8,2018-03-14,2018-03-15,ETH-USDT,short,68.35950752511434,609.7949500000001,20.842641236650863,0.3050499999999374,negative,"{'commission': np.float64(20.842641236650863), 'slippage': np.float64(20.85306777053185), 'impact': np.float64(0.0), 'funding': None, 'borrow': None, 'funding_status': 'not_modeled', 'borrow_status': 'not_modeled', 'modeled_total': np.float64(41.695709007182714)}",TrendBreakdown,signal,False
qt_55786bd66ddc3b58db1a760d,2018-03-29,2018-03-30,BTC-USDT,short,8.718584733497819,7086.61492,30.892626326844933,3.545079999999871,negative,"{'commission': np.float64(30.892626326844933), 'slippage': np.float64(30.90808036702732), 'impact': np.float64(0.0), 'funding': None, 'borrow': None, 'funding_status': 'not_modeled', 'borrow_status': 'not_modeled', 'modeled_total': np.float64(61.80070669387226)}",TrendBreakdown,signal,False
qt_d64587a4eb9c67fc3fce719d,2018-03-29,2018-03-30,LTC-USDT,short,297.393803903148,114.49272500000001,17.024713503493526,0.05727499999998997,negative,"{'commission': np.float64(17.024713503493526), 'slippage': np.float64(17.03323011854982), 'impact': np.float64(0.0), 'funding': None, 'borrow': None, 'funding_status': 'not_modeled', 'borrow_status': 'not_modeled', 'modeled_total': np.float64(34.05794362204335)}",TrendBreakdown,signal,False
qt_53d49ebfcc306f4772529516,2018-04-11,2018-04-12,ETH-USDT,cover,68.35950752511434,430.11494999999996,14.701223080594588,0.21494999999998754,positive,"{'commission': np.float64(14.701223080594588), 'slippage': np.float64(14.693876142522475), 'impact': np.float64(0.0), 'funding': None, 'borrow': None, 'funding_status': 'not_modeled', 'borrow_status': 'not_modeled', 'modeled_total': np.float64(29.395099223117064)}",Router,StateSwitch,False
qt_caf762cde784b020344bd23e,2018-04-12,2018-04-13,BTC-USDT,cover,8.718584733497819,7926.951494999999,34.55589914374235,3.961494999999559,positive,"{'commission': np.float64(34.55589914374235), 'slippage': np.float64(34.53862982882409), 'impact': np.float64(0.0), 'funding': None, 'borrow': None, 'funding_status': 'not_modeled', 'borrow_status': 'not_modeled', 'modeled_total': np.float64(69.09452897256645)}",Router,StateSwitch,False
qt_8e1325876ab6062adca5534f,2018-04-12,2018-04-13,LTC-USDT,cover,297.393803903148,129.68481,19.283729477178507,0.06480999999999426,positive,"{'commission': np.float64(19.283729477178507), 'slippage': np.float64(19.274092430961314), 'impact': np.float64(0.0), 'funding': None, 'borrow': None, 'funding_status': 'not_modeled', 'borrow_status': 'not_modeled', 'modeled_total': np.float64(38.55782190813982)}",Router,StateSwitch,False
qt_1a4ac7f5a3a7e8c34c1a99dc,2018-04-15,2018-04-16,BTC-USDT,short,23.30837584472759,8350.892465,97.32287010656182,4.1775349999988975,negative,"{'commission': np.float64(97.32287010656182), 'slippage': np.float64(97.37155588447837), 'impact': np.float64(0.0), 'funding': None, 'borrow': None, 'funding_status': 'not_modeled', 'borrow_status': 'not_modeled', 'modeled_total': np.float64(194.6944259910402)}",VolatilityReversion,signal,False
qt_ea17dd2bd7cef483b38e553c,2018-04-15,2018-04-16,ETH-USDT,short,317.85619779376214,533.61306,84.80610917234733,0.26693999999997686,negative,"{'commission': np.float64(84.80610917234733), 'slippage': np.float64(84.84853343905951), 'impact': np.float64(0.0), 'funding': None, 'borrow': None, 'funding_status': 'not_modeled', 'borrow_status': 'not_modeled', 'modeled_total': np.float64(169.65464261140684)}",VolatilityReversion,signal,False
qt_d7ab9a3b627184554e4a2ea7,2018-04-18,2018-04-19,BTC-USDT,cover,23.30837584472759,8178.076994999999,95.30884614329018,4.086994999999661,positive,"{'commission': np.float64(95.30884614329018), 'slippage': np.float64(95.26121553551452), 'impact': np.float64(0.0), 'funding': None, 'borrow': None, 'funding_status': 'not_modeled', 'borrow_status': 'not_modeled', 'modeled_total': np.float64(190.5700616788047)}",Router,StateSwitch,False
qt_431a20870504ed2ca6a5724f,2018-04-20,2018-04-21,ETH-USDT,cover,317.85619779376214,617.1084,98.07586482529604,0.308400000000006,positive,"{'commission': np.float64(98.07586482529604), 'slippage': np.float64(98.02685139959814), 'impact': np.float64(0.0), 'funding': None, 'borrow': None, 'funding_status': 'not_modeled', 'borrow_status': 'not_modeled', 'modeled_total': np.float64(196.10271622489418)}",VolatilityReversion,hard_stop,False
qt_1ae8178308745fd93efafe6b,2018-04-24,2018-04-25,LTC-USDT,short,1215.9252892923043,164.147885,99.79578227767246,0.0821149999999875,negative,"{'commission': np.float64(99.79578227767246), 'slippage': np.float64(99.84570513022237), 'impact': np.float64(0.0), 'funding': None, 'borrow': None, 'funding_status': 'not_modeled', 'borrow_status': 'not_modeled', 'modeled_total': np.float64(199.64148740789483)}",VolatilityReversion,signal,False
qt_d642d1e05edeb1fe323e26f2,2018-05-01,2018-05-02,LTC-USDT,cover,764.8625106,148.35414,56.73525998915194,0.07413999999999987,positive,"{'commission': 56.73525998915194, 'slippage': 56.706906535883896, 'impact': 0.0, 'funding': None, 'borrow': None, 'funding_status': 'not_modeled', 'borrow_status': 'not_modeled', 'modeled_total': 113.44216652503584}",Router,StateSwitch,False
qt_d642d1e05edeb1fe323e26f2,2018-05-01,2018-05-03,LTC-USDT,cover,451.0627786923044,151.65579,34.2031410210883,0.07578999999998359,positive,"{'commission': np.float64(34.2031410210883), 'slippage': np.float64(34.18604799708235), 'impact': np.float64(0.0), 'funding': None, 'borrow': None, 'funding_status': 'not_modeled', 'borrow_status': 'not_modeled', 'modeled_total': np.float64(68.38918901817064)}",Router,StateSwitch,False
qt_2b11c60723b689e7e993df28,2018-05-03,2018-05-04,ETH-USDT,buy,96.04701262380112,779.3895,37.429016572679025,0.3894999999999982,positive,"{'commission': np.float64(37.429016572679025), 'slippage': np.float64(37.410311416970366), 'impact': np.float64(0.0), 'funding': None, 'borrow': None, 'funding_status': 'not_modeled', 'borrow_status': 'not_modeled', 'modeled_total': np.float64(74.83932798964939)}",TrendBreakout,signal,False
qt_4fa75960159378836eebe229,2018-05-05,2018-05-06,BTC-USDT,buy,14.7324490846226,9868.921994999999,72.69669540572478,4.931994999999006,positive,"{'commission': np.float64(72.69669540572478), 'slippage': np.float64(72.6603652230986), 'impact': np.float64(0.0), 'funding': None, 'borrow': None, 'funding_status': 'not_modeled', 'borrow_status': 'not_modeled', 'modeled_total': np.float64(145.35706062882338)}",TrendBreakout,signal,False
qt_6cf8e70a23c96b4f501e5d31,2018-05-08,2018-05-09,BTC-USDT,sell,14.7324490846226,9173.411,67.57340524490844,4.588999999999942,negative,"{'commission': np.float64(67.57340524490844), 'slippage': np.float64(67.60720884933225), 'impact': np.float64(0.0), 'funding': None, 'borrow': None, 'funding_status': 'not_modeled', 'borrow_status': 'not_modeled', 'modeled_total': np.float64(135.1806140942407)}",Router,StateSwitch,False
qt_fbb996a32e118716d8e9ed0b,2018-05-11,2018-05-12,ETH-USDT,sell,96.04701262380112,676.62152,32.49373783648775,0.3384800000000041,negative,"{'commission': np.float64(32.49373783648775), 'slippage': np.float64(32.5099928329046), 'impact': np.float64(0.0), 'funding': None, 'borrow': None, 'funding_status': 'not_modeled', 'borrow_status': 'not_modeled', 'modeled_total': np.float64(65.00373066939235)}",Router,StateSwitch,False
qt_e6acef4b8389b7c5ba7225e1,2018-06-12,2018-06-13,ADA-USDT,buy,646719.2763615227,0.163171545,52.76309175259582,8.154499999998843e-05,positive,"{'commission': np.float64(52.76309175259582), 'slippage': np.float64(52.73672339089289), 'impact': np.float64(0.0), 'funding': None, 'borrow': None, 'funding_status': 'not_modeled', 'borrow_status': 'not_modeled', 'modeled_total': np.float64(105.49981514348872)}",VolatilityReversion,signal,False
qt_38737e32b209f8cc5afe0c7d,2018-06-13,2018-06-14,BTC-USDT,short,11.586620747724982,6289.63361,36.43779964060719,3.146389999999883,negative,"{'commission': np.float64(36.43779964060719), 'slippage': np.float64(36.45602765443305), 'impact': np.float64(0.0), 'funding': None, 'borrow': None, 'funding_status': 'not_modeled', 'borrow_status': 'not_modeled', 'modeled_total': np.float64(72.89382729504024)}",TrendBreakdown,signal,False
qt_9e31b239fb6fd4b8915190c7,2018-06-13,2018-06-14,ETH-USDT,short,112.88227860462916,475.23226500000004,26.822650469819482,0.23773499999998648,negative,"{'commission': np.float64(26.822650469819482), 'slippage': np.float64(26.83606850406999), 'impact': np.float64(0.0), 'funding': None, 'borrow': None, 'funding_status': 'not_modeled', 'borrow_status': 'not_modeled', 'modeled_total': np.float64(53.65871897388947)}",TrendBreakdown,signal,False
qt_29f7f2f0c1f6b2a4b7d9427e,2018-06-15,2018-06-16,ADA-USDT,sell,646719.2763615227,0.16089951000000002,52.02840733706181,8.048999999998863e-05,negative,"{'commission': np.float64(52.02840733706181), 'slippage': np.float64(52.05443455433161), 'impact': np.float64(0.0), 'funding': None, 'borrow': None, 'funding_status': 'not_modeled', 'borrow_status': 'not_modeled', 'modeled_total': np.float64(104.08284189139341)}",Router,StateSwitch,False
qt_9b28cfb754d1dad4cc9614e8,2018-06-22,2018-06-23,ADA-USDT,short,406626.7882568521,0.13779107000000002,28.014770122287544,6.892999999999483e-05,negative,"{'commission': np.float64(28.014770122287544), 'slippage': np.float64(28.02878451454271), 'impact': np.float64(0.0), 'funding': None, 'borrow': None, 'funding_status': 'not_modeled', 'borrow_status': 'not_modeled', 'modeled_total': np.float64(56.04355463683025)}",TrendBreakdown,signal,False
qt_0533f851b200350ef28d3576,2018-06-22,2018-06-23,LTC-USDT,short,495.2298412662285,84.70762500000001,20.97487184139461,0.042374999999992724,negative,"{'commission': np.float64(20.97487184139461), 'slippage': np.float64(20.98536452365283), 'impact': np.float64(0.0), 'funding': None, 'borrow': None, 'funding_status': 'not_modeled', 'borrow_status': 'not_modeled', 'modeled_total': np.float64(41.960236365047436)}",TrendBreakdown,signal,False
qt_8812d7b08750777f8b32eb6d,2018-07-02,2018-07-03,BTC-USDT,cover,11.586620747724982,6618.597645,38.34359039720035,3.307644999999866,positive,"{'commission': np.float64(38.34359039720035), 'slippage': np.float64(38.324428183107244), 'impact': np.float64(0.0), 'funding': None, 'borrow': None, 'funding_status': 'not_modeled', 'borrow_status': 'not_modeled', 'modeled_total': np.float64(76.6680185803076)}",Router,StateSwitch,False
qt_30178342488b93a5973faf7f,2018-07-02,2018-07-03,ADA-USDT,cover,406626.7882568521,0.15455723999999998,31.42355705152173,7.723999999997844e-05,positive,"{'commission': np.float64(31.42355705152173), 'slippage': np.float64(31.407853124950485), 'impact': np.float64(0.0), 'funding': None, 'borrow': None, 'funding_status': 'not_modeled', 'borrow_status': 'not_modeled', 'modeled_total': np.float64(62.83141017647222)}",Router,StateSwitch,False
qt_138f6f4907f18c54e3b649b6,2018-07-07,2018-07-08,ETH-USDT,cover,112.88227860462916,485.81278499999996,27.419827073030405,0.2427849999999694,positive,"{'commission': np.float64(27.419827073030405), 'slippage': np.float64(27.406124011021436), 'impact': np.float64(0.0), 'funding': None, 'borrow': None, 'funding_status': 'not_modeled', 'borrow_status': 'not_modeled', 'modeled_total': np.float64(54.82595108405184)}",Router,StateSwitch,False
qt_6f68e2ebcac846230fd152dd,2018-07-16,2018-07-17,LTC-USDT,cover,495.2298412662285,83.691825,20.723344605015487,0.04182499999998868,positive,"{'commission': np.float64(20.723344605015487), 'slippage': np.float64(20.7129881109544), 'impact': np.float64(0.0), 'funding': None, 'borrow': None, 'funding_status': 'not_modeled', 'borrow_status': 'not_modeled', 'modeled_total': np.float64(41.43633271596988)}",Router,StateSwitch,False
qt_3e248f821d88788903627e24,2018-07-18,2018-07-19,ADA-USDT,short,821205.8638663404,0.180519695,74.12191603868165,9.030499999998498e-05,negative,"{'commission': np.float64(74.12191603868165), 'slippage': np.float64(74.15899553643753), 'impact': np.float64(0.0), 'funding': None, 'borrow': None, 'funding_status': 'not_modeled', 'borrow_status': 'not_modeled', 'modeled_total': np.float64(148.28091157511918)}",VolatilityReversion,signal,False
qt_2fa30e463d17ffd0afd8a534,2018-07-19,2018-07-20,BTC-USDT,short,34.338036761323046,7465.12557,128.16887812527634,3.73442999999952,negative,"{'commission': np.float64(128.16887812527634), 'slippage': np.float64(128.23299462257114), 'impact': np.float64(0.0), 'funding': None, 'borrow': None, 'funding_status': 'not_modeled', 'borrow_status': 'not_modeled', 'modeled_total': np.float64(256.4018727478475)}",VolatilityReversion,signal,False
qt_ff4c4fafe0fcd1d10d1563d7,2018-07-24,2018-07-25,BTC-USDT,cover,34.338036761323046,8401.438619999999,144.24445409077956,4.1986199999992095,positive,"{'commission': np.float64(144.24445409077956), 'slippage': np.float64(144.17236790679902), 'impact': np.float64(0.0), 'funding': None, 'borrow': None, 'funding_status': 'not_modeled', 'borrow_status': 'not_modeled', 'modeled_total': np.float64(288.4168219975786)}",Router,StateSwitch,False
qt_0392371e5a6127d4df5c00ed,2018-07-27,2018-07-28,ADA-USDT,cover,821205.8638663404,0.16594293,68.13665359158082,8.292999999998107e-05,positive,"{'commission': np.float64(68.13665359158082), 'slippage': np.float64(68.10260229042007), 'impact': np.float64(0.0), 'funding': None, 'borrow': None, 'funding_status': 'not_modeled', 'borrow_status': 'not_modeled', 'modeled_total': np.float64(136.2392558820009)}",Router,StateSwitch,False
qt_97f580a892ab4ed326fe4e9e,2018-08-08,2018-08-09,BTC-USDT,buy,28.208567888772567,6286.411635,88.66533469133363,3.141634999999951,positive,"{'commission': np.float64(88.66533469133363), 'slippage': np.float64(88.62102417924262), 'impact': np.float64(0.0), 'funding': None, 'borrow': None, 'funding_status': 'not_modeled', 'borrow_status': 'not_modeled', 'modeled_total': np.float64(177.28635887057624)}",VolatilityReversion,signal,False
qt_8844470a6b594503dfea19b3,2018-08-10,2018-08-11,ETH-USDT,short,132.45649062395384,331.71406,21.968840139111833,0.16593999999997777,negative,"{'commission': np.float64(21.968840139111833), 'slippage': np.float64(21.979830054135956), 'impact': np.float64(0.0), 'funding': None, 'borrow': None, 'funding_status': 'not_modeled', 'borrow_status': 'not_modeled', 'modeled_total': np.float64(43.94867019324779)}",TrendBreakdown,signal,False
qt_36065ab005b5b49f4d20d723,2018-08-13,2018-08-14,XRP-USDT,short,97772.80238429645,0.27416285,13.402835077082756,0.0001371499999999748,negative,"{'commission': np.float64(13.402835077082756), 'slippage': np.float64(13.409539847003794), 'impact': np.float64(0.0), 'funding': None, 'borrow': None, 'funding_status': 'not_modeled', 'borrow_status': 'not_modeled', 'modeled_total': np.float64(26.812374924086548)}",TrendBreakdown,signal,False
qt_a064124ca6a87fe3d513172b,2018-08-13,2018-08-14,ADA-USDT,short,478263.1474626272,0.10096949000000001,24.144993042548133,5.050999999998973e-05,negative,"{'commission': np.float64(24.144993042548133), 'slippage': np.float64(24.15707157833239), 'impact': np.float64(0.0), 'funding': None, 'borrow': None, 'funding_status': 'not_modeled', 'borrow_status': 'not_modeled', 'modeled_total': np.float64(48.30206462088052)}",TrendBreakdown,signal,False
qt_3050573c5e4a2d99bb43d54d,2018-08-14,2018-08-15,LTC-USDT,short,705.2089647544891,54.23287,19.122753054182393,0.027129999999999654,negative,"{'commission': np.float64(19.122753054182393), 'slippage': np.float64(19.132319213789046), 'impact': np.float64(0.0), 'funding': None, 'borrow': None, 'funding_status': 'not_modeled', 'borrow_status': 'not_modeled', 'modeled_total': np.float64(38.25507226797144)}",TrendBreakdown,signal,False
qt_cbf60278c6239224d19772d2,2018-08-18,2018-08-19,BTC-USDT,sell,28.208567888772567,6384.76602,90.05255286454911,3.1939800000000105,negative,"{'commission': np.float64(90.05255286454911), 'slippage': np.float64(90.0976016653821), 'impact': np.float64(0.0), 'funding': None, 'borrow': None, 'funding_status': 'not_modeled', 'borrow_status': 'not_modeled', 'modeled_total': np.float64(180.15015452993123)}",Router,StateSwitch,False
qt_b0d5bbfe768209ee1cde5d75,2018-08-25,2018-08-26,XRP-USDT,cover,97772.80238429645,0.32775379499999996,16.022703514619103,0.0001637949999999666,positive,"{'commission': np.float64(16.022703514619103), 'slippage': np.float64(16.01469616653257), 'impact': np.float64(0.0), 'funding': None, 'borrow': None, 'funding_status': 'not_modeled', 'borrow_status': 'not_modeled', 'modeled_total': np.float64(32.03739968115167)}",Router,StateSwitch,False
qt_c1db7001274f0af79da609c6,2018-08-27,2018-08-28,LTC-USDT,cover,705.2089647544891,60.720344999999995,21.410265818492707,0.030344999999996958,positive,"{'commission': np.float64(21.410265818492707), 'slippage': np.float64(21.399566035472827), 'impact': np.float64(0.0), 'funding': None, 'borrow': None, 'funding_status': 'not_modeled', 'borrow_status': 'not_modeled', 'modeled_total': np.float64(42.809831853965534)}",Router,StateSwitch,False
qt_1dc81218ba543d378cc269c1,2018-08-28,2018-08-29,ETH-USDT,cover,132.45649062395384,295.58772,19.576256031367947,0.14771999999999252,positive,"{'commission': np.float64(19.576256031367947), 'slippage': np.float64(19.56647279496947), 'impact': np.float64(0.0), 'funding': None, 'borrow': None, 'funding_status': 'not_modeled', 'borrow_status': 'not_modeled', 'modeled_total': np.float64(39.14272882633742)}",Router,StateSwitch,False
qt_0a6efce9a7cebe86ef2f51bc,2018-08-28,2018-08-29,ADA-USDT,cover,478263.1474626272,0.105602775,25.25295777614382,5.2774999999991024e-05,positive,"{'commission': np.float64(25.25295777614382), 'slippage': np.float64(25.240337607335857), 'impact': np.float64(0.0), 'funding': None, 'borrow': None, 'funding_status': 'not_modeled', 'borrow_status': 'not_modeled', 'modeled_total': np.float64(50.493295383479676)}",Router,StateSwitch,False
qt_aafe1f340968da614e7816ad,2018-10-11,2018-10-12,XRP-USDT,buy,189899.64213823737,0.38338159499999996,36.402013846443324,0.00019159499999998886,positive,"{'commission': np.float64(36.402013846443324), 'slippage': np.float64(36.38382193547347), 'impact': np.float64(0.0), 'funding': None, 'borrow': None, 'funding_status': 'not_modeled', 'borrow_status': 'not_modeled', 'modeled_total': np.float64(72.7858357819168)}",VolatilityReversion,signal,False
qt_dc30f3db8f3c96ef7dab1b23,2018-10-18,2018-10-19,XRP-USDT,sell,189899.64213823737,0.46824576,44.459851128373494,0.00023423999999999667,negative,"{'commission': np.float64(44.459851128373494), 'slippage': np.float64(44.48209217446009), 'impact': np.float64(0.0), 'funding': None, 'borrow': None, 'funding_status': 'not_modeled', 'borrow_status': 'not_modeled', 'modeled_total': np.float64(88.94194330283358)}",Router,StateSwitch,False
qt_09a26bf74da2b2a201232c18,2018-11-14,2018-11-15,BTC-USDT,buy,42.87585460958672,5920.1586,126.91592969964722,2.958599999999933,positive,"{'commission': np.float64(126.91592969964722), 'slippage': np.float64(126.8525034479204), 'impact': np.float64(0.0), 'funding': None, 'borrow': None, 'funding_status': 'not_modeled', 'borrow_status': 'not_modeled', 'modeled_total': np.float64(253.76843314756763)}",RangeMeanReversion,signal,False
qt_c3b41faf1f1be24c8c099a06,2018-11-15,2018-11-16,BTC-USDT,sell,42.87585460958672,5754.211455000001,123.35836686869924,2.8785449999995762,negative,"{'commission': np.float64(123.35836686869924), 'slippage': np.float64(123.42007690713463), 'impact': np.float64(0.0), 'funding': None, 'borrow': None, 'funding_status': 'not_modeled', 'borrow_status': 'not_modeled', 'modeled_total': np.float64(246.77844377583386)}",RangeMeanReversion,hard_stop,False
qt_dce6ee47d6e651fa42ad0424,2018-11-20,2018-11-21,BNB-USDT,short,4451.732639444531,5.9389290500000005,13.21926214761515,0.0029709499999999167,negative,"{'commission': np.float64(13.21926214761515), 'slippage': np.float64(13.225875085157359), 'impact': np.float64(0.0), 'funding': None, 'borrow': None, 'funding_status': 'not_modeled', 'borrow_status': 'not_modeled', 'modeled_total': np.float64(26.44513723277251)}",TrendBreakdown,signal,False
qt_af8fd8bd5b10e95c6cd65659,2018-11-23,2018-11-24,ETH-USDT,short,189.29627602397574,124.9375,11.825101742872734,0.0625,negative,"{'commission': np.float64(11.825101742872734), 'slippage': np.float64(11.831017251498483), 'impact': np.float64(0.0), 'funding': None, 'borrow': None, 'funding_status': 'not_modeled', 'borrow_status': 'not_modeled', 'modeled_total': np.float64(23.65611899437122)}",TrendBreakdown,signal,False
qt_9b38e11b067a7c3475fdfc4b,2018-11-24,2018-11-25,BTC-USDT,short,6.620609743966126,3931.7131600000002,13.015169228787926,1.9668399999995927,negative,"{'commission': np.float64(13.015169228787926), 'slippage': np.float64(13.021680068819638), 'impact': np.float64(0.0), 'funding': None, 'borrow': None, 'funding_status': 'not_modeled', 'borrow_status': 'not_modeled', 'modeled_total': np.float64(26.036849297607564)}",TrendBreakdown,signal,False
qt_bdbdbbbfd73b93c05d609578,2018-11-24,2018-11-25,ADA-USDT,short,472974.87649891333,0.0389805,9.218398586682946,1.9499999999998685e-05,negative,"{'commission': np.float64(9.218398586682946), 'slippage': np.float64(9.223010091728188), 'impact': np.float64(0.0), 'funding': None, 'borrow': None, 'funding_status': 'not_modeled', 'borrow_status': 'not_modeled', 'modeled_total': np.float64(18.441408678411136)}",TrendBreakdown,signal,False
qt_54d5176e011fcf1149509710,2018-11-24,2018-11-25,LTC-USDT,short,790.8760229981831,29.70514,11.746541492902125,0.014859999999998763,negative,"{'commission': np.float64(11.746541492902125), 'slippage': np.float64(11.752417701752023), 'impact': np.float64(0.0), 'funding': None, 'borrow': None, 'funding_status': 'not_modeled', 'borrow_status': 'not_modeled', 'modeled_total': np.float64(23.498959194654148)}",TrendBreakdown,signal,False
qt_a9ba5d14e861a4c44575c103,2018-12-04,2018-12-05,BNB-USDT,cover,4451.732639444531,5.904951,13.14363155051031,0.002950999999999482,positive,"{'commission': np.float64(13.14363155051031), 'slippage': np.float64(13.137063018998504), 'impact': np.float64(0.0), 'funding': None, 'borrow': None, 'funding_status': 'not_modeled', 'borrow_status': 'not_modeled', 'modeled_total': np.float64(26.280694569508814)}",TrendBreakdown,Breakdown Exit (Above High10),False
qt_0952b92176585ee98f4530cf,2018-12-06,2018-12-07,XRP-USDT,short,181826.93817344608,0.309435205,28.131827944111304,0.00015479499999998536,negative,"{'commission': np.float64(28.131827944111304), 'slippage': np.float64(28.145900894555922), 'impact': np.float64(0.0), 'funding': None, 'borrow': None, 'funding_status': 'not_modeled', 'borrow_status': 'not_modeled', 'modeled_total': np.float64(56.27772883866723)}",TrendBreakdown,signal,False
qt_b9cb99bae00d3a522b8f4dde,2018-12-17,2018-12-18,XRP-USDT,cover,181826.93817344608,0.32737360499999996,29.762670117976572,0.0001636049999999556,positive,"{'commission': np.float64(29.762670117976572), 'slippage': np.float64(29.74779621985857), 'impact': np.float64(0.0), 'funding': None, 'borrow': None, 'funding_status': 'not_modeled', 'borrow_status': 'not_modeled', 'modeled_total': np.float64(59.51046633783514)}",Router,StateSwitch,False
qt_1dd912a368df87ff0232723e,2018-12-17,2018-12-18,LTC-USDT,cover,790.8760229981831,28.984484999999996,11.461567112725245,0.014484999999996973,positive,"{'commission': np.float64(11.461567112725245), 'slippage': np.float64(11.455839193126288), 'impact': np.float64(0.0), 'funding': None, 'borrow': None, 'funding_status': 'not_modeled', 'borrow_status': 'not_modeled', 'modeled_total': np.float64(22.917406305851532)}",Router,StateSwitch,False
qt_e83ac279f6fb6e72205c8765,2018-12-18,2018-12-19,BTC-USDT,cover,6.620609743966126,3654.8264999999997,12.098589969202806,1.826499999999669,positive,"{'commission': np.float64(12.098589969202806), 'slippage': np.float64(12.092543697351937), 'impact': np.float64(0.0), 'funding': None, 'borrow': None, 'funding_status': 'not_modeled', 'borrow_status': 'not_modeled', 'modeled_total': np.float64(24.19113366655474)}",Router,StateSwitch,False
qt_bbf23f4bb66cc80e7884e49f,2018-12-18,2018-12-19,ETH-USDT,cover,189.29627602397574,100.44019499999999,9.506477438310974,0.050194999999988,positive,"{'commission': np.float64(9.506477438310974), 'slippage': np.float64(9.501726575021191), 'impact': np.float64(0.0), 'funding': None, 'borrow': None, 'funding_status': 'not_modeled', 'borrow_status': 'not_modeled', 'modeled_total': np.float64(19.008204013332165)}",Router,StateSwitch,False
qt_8b84171d3056caa40c087e4c,2018-12-18,2018-12-19,ADA-USDT,cover,472974.87649891333,0.03431715,8.115574891522341,1.7150000000000498e-05,positive,"{'commission': np.float64(8.115574891522341), 'slippage': np.float64(8.1115191319566), 'impact': np.float64(0.0), 'funding': None, 'borrow': None, 'funding_status': 'not_modeled', 'borrow_status': 'not_modeled', 'modeled_total': np.float64(16.22709402347894)}",Router,StateSwitch,False
qt_efdb8caa546e18a389c31a6f,2018-12-22,2018-12-23,ADA-USDT,short,2401300.797,0.04154921500000001,49.886081547112184,2.078499999999539e-05,negative,"{'commission': 49.886081547112184, 'slippage': 49.91103706563393, 'impact': 0.0, 'funding': None, 'borrow': None, 'funding_status': 'not_modeled', 'borrow_status': 'not_modeled', 'modeled_total': 99.79711861274612}",VolatilityReversion,signal,False
qt_efdb8caa546e18a389c31a6f,2018-12-22,2018-12-24,ADA-USDT,short,785976.5370715884,0.043668155,17.161072623602685,2.1844999999999504e-05,negative,"{'commission': np.float64(17.161072623602685), 'slippage': np.float64(17.169657452328458), 'impact': np.float64(0.0), 'funding': None, 'borrow': None, 'funding_status': 'not_modeled', 'borrow_status': 'not_modeled', 'modeled_total': np.float64(34.33073007593114)}",VolatilityReversion,signal,False
qt_bfd64dc9e1d4684e30202c17,2018-12-23,2018-12-24,ETH-USDT,short,1149.2603251911219,128.965485,74.10745761476538,0.0645150000000001,negative,"{'commission': np.float64(74.10745761476538), 'slippage': np.float64(74.14452987970535), 'impact': np.float64(0.0), 'funding': None, 'borrow': None, 'funding_status': 'not_modeled', 'borrow_status': 'not_modeled', 'modeled_total': np.float64(148.2519874944707)}",VolatilityReversion,signal,False
qt_90d9255b5a78455ba3dab78c,2018-12-24,2018-12-25,ETH-USDT,cover,1149.2603251911219,138.079005,79.34436109418327,0.0690050000000042,positive,"{'commission': np.float64(79.34436109418327), 'slippage': np.float64(79.3047087398182), 'impact': np.float64(0.0), 'funding': None, 'borrow': None, 'funding_status': 'not_modeled', 'borrow_status': 'not_modeled', 'modeled_total': np.float64(158.64906983400147)}",VolatilityReversion,hard_stop,False
qt_05dfaf750f0e7304d320e899,2018-12-24,2018-12-25,ADA-USDT,cover,2689280.199,0.04502249999999999,60.53905887973874,2.2499999999994746e-05,positive,"{'commission': 60.53905887973874, 'slippage': 60.508804477485874, 'impact': 0.0, 'funding': None, 'borrow': None, 'funding_status': 'not_modeled', 'borrow_status': 'not_modeled', 'modeled_total': 121.04786335722461}",VolatilityReversion,hard_stop,False
qt_05dfaf750f0e7304d320e899,2018-12-24,2018-12-26,ADA-USDT,cover,497997.1350715882,0.041060519999999996,10.224010662274825,2.0519999999996097e-05,positive,"{'commission': np.float64(10.224010662274825), 'slippage': np.float64(10.218901211667047), 'impact': np.float64(0.0), 'funding': None, 'borrow': None, 'funding_status': 'not_modeled', 'borrow_status': 'not_modeled', 'modeled_total': np.float64(20.442911873941874)}",VolatilityReversion,hard_stop,False
qt_72838f64fe979e77030b7fc6,2019-02-10,2019-02-11,BNB-USDT,buy,5130.9690244926915,9.174084749999999,23.535972340160384,0.00458474999999936,positive,"{'commission': np.float64(23.535972340160384), 'slippage': np.float64(23.524210235039583), 'impact': np.float64(0.0), 'funding': None, 'borrow': None, 'funding_status': 'not_modeled', 'borrow_status': 'not_modeled', 'modeled_total': np.float64(47.06018257519997)}",TrendBreakout,signal,False
qt_1753e366d54771e94ebfac50,2019-02-18,2019-02-19,BTC-USDT,short,63.79651576811404,3895.4013250000003,124.25651602674743,1.9486749999996391,negative,"{'commission': np.float64(124.25651602674743), 'slippage': np.float64(124.3186753644066), 'impact': np.float64(0.0), 'funding': None, 'borrow': None, 'funding_status': 'not_modeled', 'borrow_status': 'not_modeled', 'modeled_total': np.float64(248.57519139115402)}",RangeMeanReversion,signal,False
qt_cfacf6c09d7377e88216370a,2019-02-18,2019-02-19,LTC-USDT,buy,1098.8164198024583,47.833905,26.280340118635458,0.023904999999999177,positive,"{'commission': np.float64(26.280340118635458), 'slippage': np.float64(26.267206515376863), 'impact': np.float64(0.0), 'funding': None, 'borrow': None, 'funding_status': 'not_modeled', 'borrow_status': 'not_modeled', 'modeled_total': np.float64(52.54754663401232)}",TrendBreakout,signal,False
qt_010db0d8d83692a53037cb9b,2019-02-21,2019-02-22,BTC-USDT,cover,63.79651576811404,3939.2786549999996,125.65612641435126,1.9686549999996714,positive,"{'commission': np.float64(125.65612641435126), 'slippage': np.float64(125.59332974945559), 'impact': np.float64(0.0), 'funding': None, 'borrow': None, 'funding_status': 'not_modeled', 'borrow_status': 'not_modeled', 'modeled_total': np.float64(251.24945616380685)}",Router,StateSwitch,False
qt_7110b59b1b3df504fd4e512e,2019-02-26,2019-02-27,BNB-USDT,sell,5130.9690244926915,9.4190881,24.164524640033857,0.004711900000000213,negative,"{'commission': np.float64(24.164524640033857), 'slippage': np.float64(24.176612946508207), 'impact': np.float64(0.0), 'funding': None, 'borrow': None, 'funding_status': 'not_modeled', 'borrow_status': 'not_modeled', 'modeled_total': np.float64(48.34113758654206)}",Router,StateSwitch,False
qt_815454a657ec948d9a63db3c,2019-02-26,2019-02-27,LTC-USDT,sell,1098.8164198024583,44.747615,24.584707054499393,0.022384999999999877,negative,"{'commission': np.float64(24.584707054499393), 'slippage': np.float64(24.597005557277896), 'impact': np.float64(0.0), 'funding': None, 'borrow': None, 'funding_status': 'not_modeled', 'borrow_status': 'not_modeled', 'modeled_total': np.float64(49.181712611777286)}",Router,StateSwitch,False
qt_94f2e5ee211807bb7e8ac24a,2019-03-05,2019-03-06,BNB-USDT,buy,3773.41605255166,13.629811499999999,25.71547475367661,0.006811499999999526,positive,"{'commission': np.float64(25.71547475367661), 'slippage': np.float64(25.702623441953843), 'impact': np.float64(0.0), 'funding': None, 'borrow': None, 'funding_status': 'not_modeled', 'borrow_status': 'not_modeled', 'modeled_total': np.float64(51.41809819563045)}",TrendBreakout,signal,False
qt_8346e0d8d41d6221ef9e90f8,2019-03-16,2019-03-17,LTC-USDT,buy,1644.1802919217967,61.250609999999995,50.35352291509406,0.030609999999995807,positive,"{'commission': np.float64(50.35352291509406), 'slippage': np.float64(50.3283587357193), 'impact': np.float64(0.0), 'funding': None, 'borrow': None, 'funding_status': 'not_modeled', 'borrow_status': 'not_modeled', 'modeled_total': np.float64(100.68188165081335)}",TrendBreakout,signal,False
qt_4e63e327e12c4850a97375dc,2019-03-21,2019-03-22,BNB-USDT,sell,3773.41605255166,14.349521650000002,27.073357670273797,0.007178349999998446,negative,"{'commission': np.float64(27.073357670273797), 'slippage': np.float64(27.086901120828344), 'impact': np.float64(0.0), 'funding': None, 'borrow': None, 'funding_status': 'not_modeled', 'borrow_status': 'not_modeled', 'modeled_total': np.float64(54.16025879110214)}",Router,StateSwitch,False
qt_ca880ca4177820f3afe047a9,2019-03-22,2019-03-23,ADA-USDT,buy,1353483.6681096463,0.057808889999999995,39.121694243273524,2.8889999999996696e-05,positive,"{'commission': np.float64(39.121694243273524), 'slippage': np.float64(39.10214317168321), 'impact': np.float64(0.0), 'funding': None, 'borrow': None, 'funding_status': 'not_modeled', 'borrow_status': 'not_modeled', 'modeled_total': np.float64(78.22383741495673)}",TrendBreakout,signal,False
qt_3a7090f14c746d24181cdd9f,2019-04-02,2019-04-03,BTC-USDT,short,54.78690897342439,4854.761405,132.98868559171447,2.4285949999994045,negative,"{'commission': np.float64(132.98868559171447), 'slippage': np.float64(133.05521319828097), 'impact': np.float64(0.0), 'funding': None, 'borrow': None, 'funding_status': 'not_modeled', 'borrow_status': 'not_modeled', 'modeled_total': np.float64(266.0438987899954)}",RangeMeanReversion,signal,False
qt_535530bf4c7471945d3daa10,2019-04-02,2019-04-03,BNB-USDT,buy,3509.2592932270536,19.725357749999997,34.61069749820789,0.009857749999998333,positive,"{'commission': np.float64(34.61069749820789), 'slippage': np.float64(34.59340079780314), 'impact': np.float64(0.0), 'funding': None, 'borrow': None, 'funding_status': 'not_modeled', 'borrow_status': 'not_modeled', 'modeled_total': np.float64(69.20409829601104)}",TrendBreakout,signal,False
qt_0ea20f8fa5f7578882db65dc,2019-04-03,2019-04-04,BTC-USDT,cover,54.78690897342439,4935.056295,135.188240006445,2.466295000000173,positive,"{'commission': np.float64(135.188240006445), 'slippage': np.float64(135.12067966662119), 'impact': np.float64(0.0), 'funding': None, 'borrow': None, 'funding_status': 'not_modeled', 'borrow_status': 'not_modeled', 'modeled_total': np.float64(270.30891967306616)}",RangeMeanReversion,hard_stop,False
qt_e7dbb6f612f4b811c84e1e56,2019-04-08,2019-04-09,ETH-USDT,buy,436.21173383696686,178.799355,38.99718832674068,0.08935499999998342,positive,"{'commission': np.float64(38.99718832674068), 'slippage': np.float64(38.97769947699494), 'impact': np.float64(0.0), 'funding': None, 'borrow': None, 'funding_status': 'not_modeled', 'borrow_status': 'not_modeled', 'modeled_total': np.float64(77.97488780373561)}",TrendBreakout,signal,False
qt_9dfa6bc4207af129154a36c2,2019-04-10,2019-04-11,BTC-USDT,buy,14.510088624610738,5310.513929999999,38.528013883264926,2.653929999999491,positive,"{'commission': np.float64(38.528013883264926), 'slippage': np.float64(38.50875950350579), 'impact': np.float64(0.0), 'funding': None, 'borrow': None, 'funding_status': 'not_modeled', 'borrow_status': 'not_modeled', 'modeled_total': np.float64(77.03677338677072)}",TrendBreakout,signal,False
qt_f44789608a429d61dbb7b7e2,2019-04-11,2019-04-12,BNB-USDT,sell,3509.2592932270536,17.54672225,30.787999060743207,0.00877775000000014,negative,"{'commission': np.float64(30.787999060743207), 'slippage': np.float64(30.80340076112426), 'impact': np.float64(0.0), 'funding': None, 'borrow': None, 'funding_status': 'not_modeled', 'borrow_status': 'not_modeled', 'modeled_total': np.float64(61.59139982186747)}",Router,StateSwitch,False
qt_c96af66af49dc2866bedc4fa,2019-04-17,2019-04-18,ADA-USDT,sell,1091907.3120000002,0.08237879,44.975001577356245,4.120999999999986e-05,negative,"{'commission': 44.975001577356245, 'slippage': 44.99750032751985, 'impact': 0.0, 'funding': None, 'borrow': None, 'funding_status': 'not_modeled', 'borrow_status': 'not_modeled', 'modeled_total': 89.9725019048761}",Router,StateSwitch,False
qt_dad6d8cb12b3193f8a3cc87a,2019-04-17,2019-04-18,LTC-USDT,sell,1644.1802919217967,78.78059,64.7647467319857,0.03940999999998951,negative,"{'commission': np.float64(64.7647467319857), 'slippage': np.float64(64.79714530462076), 'impact': np.float64(0.0), 'funding': None, 'borrow': None, 'funding_status': 'not_modeled', 'borrow_status': 'not_modeled', 'modeled_total': np.float64(129.56189203660645)}",Router,StateSwitch,False
qt_c96af66af49dc2866bedc4fa,2019-04-17,2019-04-19,ADA-USDT,sell,261576.35610964615,0.08115939999999999,10.614690058022607,4.0600000000001746e-05,negative,"{'commission': np.float64(10.614690058022607), 'slippage': np.float64(10.62000005805209), 'impact': np.float64(0.0), 'funding': None, 'borrow': None, 'funding_status': 'not_modeled', 'borrow_status': 'not_modeled', 'modeled_total': np.float64(21.234690116074695)}",Router,StateSwitch,False
qt_d2671389802844e2d9e68438,2019-04-18,2019-04-19,BNB-USDT,buy,3086.45161186859,21.8997444,33.79625070144507,0.010944399999999632,positive,"{'commission': np.float64(33.79625070144507), 'slippage': np.float64(33.779361020933464), 'impact': np.float64(0.0), 'funding': None, 'borrow': None, 'funding_status': 'not_modeled', 'borrow_status': 'not_modeled', 'modeled_total': np.float64(67.57561172237854)}",TrendBreakout,signal,False
qt_d59f292d3218b853c98e79dd,2019-04-21,2019-04-22,ADA-USDT,buy,1600237.7869448918,0.073346655,58.68604443850524,3.665499999999655e-05,positive,"{'commission': np.float64(58.68604443850524), 'slippage': np.float64(58.65671608045949), 'impact': np.float64(0.0), 'funding': None, 'borrow': None, 'funding_status': 'not_modeled', 'borrow_status': 'not_modeled', 'modeled_total': np.float64(117.34276051896472)}",VolatilityReversion,signal,False
qt_9947d952e842a0ba55d202bd,2019-04-24,2019-04-25,ETH-USDT,sell,436.21173383696686,164.69761,35.92151500845228,0.08239000000000374,negative,"{'commission': np.float64(35.92151500845228), 'slippage': np.float64(35.93948475082933), 'impact': np.float64(0.0), 'funding': None, 'borrow': None, 'funding_status': 'not_modeled', 'borrow_status': 'not_modeled', 'modeled_total': np.float64(71.86099975928161)}",Router,StateSwitch,False
qt_b09759564dbc6d42d62b7926,2019-04-30,2019-05-01,BNB-USDT,sell,3086.45161186859,22.018985,33.98026587248016,0.011015000000000441,negative,"{'commission': np.float64(33.98026587248016), 'slippage': np.float64(33.997264504733884), 'impact': np.float64(0.0), 'funding': None, 'borrow': None, 'funding_status': 'not_modeled', 'borrow_status': 'not_modeled', 'modeled_total': np.float64(67.97753037721404)}",Router,StateSwitch,False
qt_81f51b839c84b2504f1791bd,2019-05-08,2019-05-09,ADA-USDT,sell,925407.6059999999,0.06466765,29.921967586072945,3.2350000000000434e-05,negative,"{'commission': 29.921967586072945, 'slippage': 29.9369360541004, 'impact': 0.0, 'funding': None, 'borrow': None, 'funding_status': 'not_modeled', 'borrow_status': 'not_modeled', 'modeled_total': 59.858903640173345}",VolatilityReversion,hard_stop,False
qt_97f88ede07ce0809768a81e1,2019-05-09,2019-05-10,ADA-USDT,sell,674830.1809448919,0.06165915500000001,20.80472936277957,3.084499999999463e-05,negative,"{'commission': np.float64(20.80472936277957), 'slippage': np.float64(20.815136931241565), 'impact': np.float64(0.0), 'funding': None, 'borrow': None, 'funding_status': 'not_modeled', 'borrow_status': 'not_modeled', 'modeled_total': np.float64(41.619866294021136)}",Router,StateSwitch,False
qt_0b4f68e29dd9053348364a73,2019-05-11,2019-05-12,ETH-USDT,buy,537.2187171270816,190.2951,51.115044748784854,0.09510000000000218,positive,"{'commission': np.float64(51.115044748784854), 'slippage': np.float64(51.089499998786636), 'impact': np.float64(0.0), 'funding': None, 'borrow': None, 'funding_status': 'not_modeled', 'borrow_status': 'not_modeled', 'modeled_total': np.float64(102.20454474757149)}",TrendBreakout,signal,False
qt_1e9da7de6ad8af4d7a9b19e0,2019-05-15,2019-05-16,ADA-USDT,short,1981567.920450791,0.09385305000000001,92.98809655823207,4.6949999999990055e-05,negative,"{'commission': np.float64(92.98809655823207), 'slippage': np.float64(93.03461386514493), 'impact': np.float64(0.0), 'funding': None, 'borrow': None, 'funding_status': 'not_modeled', 'borrow_status': 'not_modeled', 'modeled_total': np.float64(186.02271042337702)}",VolatilityReversion,signal,False
qt_539094184352a634020a0e53,2019-05-24,2019-05-25,BNB-USDT,buy,1666.7685185262733,34.016999999999996,28.349232347354114,0.016999999999995907,positive,"{'commission': np.float64(28.349232347354114), 'slippage': np.float64(28.335064814939823), 'impact': np.float64(0.0), 'funding': None, 'borrow': None, 'funding_status': 'not_modeled', 'borrow_status': 'not_modeled', 'modeled_total': np.float64(56.68429716229394)}",TrendBreakout,signal,False
qt_1d77a439f40dd00192baf981,2019-05-25,2019-05-26,ADA-USDT,cover,1240663.132,0.08012003999999999,49.700989881182636,4.0039999999991194e-05,positive,"{'commission': 49.700989881182636, 'slippage': 49.67615180526907, 'impact': 0.0, 'funding': None, 'borrow': None, 'funding_status': 'not_modeled', 'borrow_status': 'not_modeled', 'modeled_total': 99.37714168645171}",Router,StateSwitch,False
qt_1d77a439f40dd00192baf981,2019-05-25,2019-05-27,ADA-USDT,cover,740904.788450791,0.08520258,31.563499755180803,4.2580000000000395e-05,positive,"{'commission': np.float64(31.563499755180803), 'slippage': np.float64(31.547725892234975), 'impact': np.float64(0.0), 'funding': None, 'borrow': None, 'funding_status': 'not_modeled', 'borrow_status': 'not_modeled', 'modeled_total': np.float64(63.11122564741578)}",Router,StateSwitch,False
qt_9e2dc79d05d39387d3a61e38,2019-05-26,2019-05-27,LTC-USDT,buy,718.9644729706575,111.085515,39.93326937332454,0.05551499999999976,positive,"{'commission': np.float64(39.93326937332454), 'slippage': np.float64(39.91331271696588), 'impact': np.float64(0.0), 'funding': None, 'borrow': None, 'funding_status': 'not_modeled', 'borrow_status': 'not_modeled', 'modeled_total': np.float64(79.84658209029043)}",TrendBreakout,signal,False
qt_0afe97a8094eb890b9a0b2cd,2019-06-03,2019-06-04,BTC-USDT,sell,14.510088624610738,8111.60217,58.850033187142394,4.05782999999974,negative,"{'commission': np.float64(58.850033187142394), 'slippage': np.float64(58.87947292360042), 'impact': np.float64(0.0), 'funding': None, 'borrow': None, 'funding_status': 'not_modeled', 'borrow_status': 'not_modeled', 'modeled_total': np.float64(117.72950611074282)}",Router,StateSwitch,False
qt_e95ba527dbe54acef53ef4c9,2019-06-03,2019-06-04,ETH-USDT,sell,537.2187171270816,249.89499000000004,67.12413297214246,0.12500999999997475,negative,"{'commission': np.float64(67.12413297214246), 'slippage': np.float64(67.1577118280429), 'impact': np.float64(0.0), 'funding': None, 'borrow': None, 'funding_status': 'not_modeled', 'borrow_status': 'not_modeled', 'modeled_total': np.float64(134.28184480018535)}",Router,StateSwitch,False
qt_10af0e563f09522ce84a324c,2019-06-03,2019-06-04,BNB-USDT,sell,1666.7685185262733,30.720432100000004,25.60192454990199,0.015367899999997547,negative,"{'commission': np.float64(25.60192454990199), 'slippage': np.float64(25.614731915855828), 'impact': np.float64(0.0), 'funding': None, 'borrow': None, 'funding_status': 'not_modeled', 'borrow_status': 'not_modeled', 'modeled_total': np.float64(51.21665646575782)}",Router,StateSwitch,False
qt_67cdd80805bfb3e0671e1a92,2019-06-21,2019-06-22,BTC-USDT,buy,7.789745300591337,10164.93993,39.59114652525537,5.079929999999877,positive,"{'commission': np.float64(39.59114652525537), 'slippage': np.float64(39.571360844831986), 'impact': np.float64(0.0), 'funding': None, 'borrow': None, 'funding_status': 'not_modeled', 'borrow_status': 'not_modeled', 'modeled_total': np.float64(79.16250737008735)}",TrendBreakout,signal,False
qt_69af6e5fb8363696b2b7732c,2019-06-26,2019-06-27,LTC-USDT,sell,718.9644729706575,132.17388000000003,47.51416198734348,0.06611999999998375,negative,"{'commission': np.float64(47.51416198734348), 'slippage': np.float64(47.53793095280819), 'impact': np.float64(0.0), 'funding': None, 'borrow': None, 'funding_status': 'not_modeled', 'borrow_status': 'not_modeled', 'modeled_total': np.float64(95.05209294015167)}",Router,StateSwitch,False
qt_cc05f45eb143d0528ee79b28,2019-07-11,2019-07-12,BTC-USDT,sell,7.789745300591337,11337.20856,44.15698355104194,5.671440000000075,negative,"{'commission': np.float64(44.15698355104194), 'slippage': np.float64(44.17907308758632), 'impact': np.float64(0.0), 'funding': None, 'borrow': None, 'funding_status': 'not_modeled', 'borrow_status': 'not_modeled', 'modeled_total': np.float64(88.33605663862826)}",Router,StateSwitch,False
qt_7528cd79528e21cc58ab6c57,2019-07-16,2019-07-17,BTC-USDT,buy,10.853014753766772,9434.885085,51.198473513799534,4.715084999999817,positive,"{'commission': np.float64(51.198473513799534), 'slippage': np.float64(51.17288707026241), 'impact': np.float64(0.0), 'funding': None, 'borrow': None, 'funding_status': 'not_modeled', 'borrow_status': 'not_modeled', 'modeled_total': np.float64(102.37136058406195)}",VolatilityReversion,signal,False
qt_181c4fc7b9d468451d3e247d,2019-07-18,2019-07-19,BTC-USDT,sell,10.853014753766772,10623.32568,57.647555169554714,5.314319999999498,negative,"{'commission': np.float64(57.647555169554714), 'slippage': np.float64(57.676393366232375), 'impact': np.float64(0.0), 'funding': None, 'borrow': None, 'funding_status': 'not_modeled', 'borrow_status': 'not_modeled', 'modeled_total': np.float64(115.32394853578708)}",Router,StateSwitch,False
qt_bc5702a78968b819571a4f80,2019-08-05,2019-08-06,ETH-USDT,short,987.384221187473,233.41323500000001,115.23427262766182,0.11676499999998668,negative,"{'commission': np.float64(115.23427262766182), 'slippage': np.float64(115.29191858694215), 'impact': np.float64(0.0), 'funding': None, 'borrow': None, 'funding_status': 'not_modeled', 'borrow_status': 'not_modeled', 'modeled_total': np.float64(230.52619121460395)}",VolatilityReversion,signal,False
qt_e3c8d7578b5d0777e9858d67,2019-08-07,2019-08-08,ETH-USDT,cover,987.384221187473,226.223055,111.68453748791293,0.11305499999997437,positive,"{'commission': np.float64(111.68453748791293), 'slippage': np.float64(111.62872312632446), 'impact': np.float64(0.0), 'funding': None, 'borrow': None, 'funding_status': 'not_modeled', 'borrow_status': 'not_modeled', 'modeled_total': np.float64(223.31326061423738)}",Router,StateSwitch,False
qt_d41afed5a70c20f1cdf89a34,2019-08-14,2019-08-15,XRP-USDT,short,292095.0517174843,0.26332827000000003,38.45844232216284,0.00013172999999999657,negative,"{'commission': np.float64(38.45844232216284), 'slippage': np.float64(38.47768116274321), 'impact': np.float64(0.0), 'funding': None, 'borrow': None, 'funding_status': 'not_modeled', 'borrow_status': 'not_modeled', 'modeled_total': np.float64(76.93612348490605)}",TrendBreakdown,signal,False
qt_299ac9f6194136a888f98b33,2019-08-14,2019-08-15,ADA-USDT,short,562703.821,0.0471764,13.273170270512201,2.3599999999998622e-05,negative,"{'commission': 13.273170270512201, 'slippage': 13.279810175599225, 'impact': 0.0, 'funding': None, 'borrow': None, 'funding_status': 'not_modeled', 'borrow_status': 'not_modeled', 'modeled_total': 26.552980446111427}",TrendBreakdown,signal,False
qt_fbe3ead39b9a5e74d11ee197,2019-08-14,2019-08-15,DOGE-USDT,buy,834062.75,0.0027243615,1.1361442223420626,1.3614999999998073e-06,positive,"{'commission': 1.1361442223420626, 'slippage': 1.1355764341248393, 'impact': 0.0, 'funding': None, 'borrow': None, 'funding_status': 'not_modeled', 'borrow_status': 'not_modeled', 'modeled_total': 2.271720656466902}",VolatilityReversion,signal,False
qt_299ac9f6194136a888f98b33,2019-08-14,2019-08-16,ADA-USDT,short,819902.207,0.04734631500000001,19.40967408090861,2.3684999999995515e-05,negative,"{'commission': 19.40967408090861, 'slippage': 19.419383772791324, 'impact': 0.0, 'funding': None, 'borrow': None, 'funding_status': 'not_modeled', 'borrow_status': 'not_modeled', 'modeled_total': 38.829057853699936}",TrendBreakdown,signal,False
qt_fbe3ead39b9a5e74d11ee197,2019-08-14,2019-08-16,DOGE-USDT,buy,714832.83,0.0025825906499999996,0.9230602915355196,1.2906499999997163e-06,positive,"{'commission': 0.9230602915355196, 'slippage': 0.9225989920392972, 'impact': 0.0, 'funding': None, 'borrow': None, 'funding_status': 'not_modeled', 'borrow_status': 'not_modeled', 'modeled_total': 1.845659283574817}",VolatilityReversion,signal,False
qt_299ac9f6194136a888f98b33,2019-08-14,2019-08-17,ADA-USDT,short,386483.12275212584,0.04665666,9.016005826992101,2.3339999999996697e-05,negative,"{'commission': np.float64(9.016005826992101), 'slippage': np.float64(9.020516085033341), 'impact': np.float64(0.0), 'funding': None, 'borrow': None, 'funding_status': 'not_modeled', 'borrow_status': 'not_modeled', 'modeled_total': np.float64(18.036521912025442)}",TrendBreakdown,signal,False
qt_fbe3ead39b9a5e74d11ee197,2019-08-14,2019-08-17,DOGE-USDT,buy,488424.68,0.002649324,0.64699761345816,1.32400000000003e-06,positive,"{'commission': 0.64699761345816, 'slippage': 0.6466742763200146, 'impact': 0.0, 'funding': None, 'borrow': None, 'funding_status': 'not_modeled', 'borrow_status': 'not_modeled', 'modeled_total': 1.2936718897781745}",VolatilityReversion,signal,False
qt_fbe3ead39b9a5e74d11ee197,2019-08-14,2019-08-18,DOGE-USDT,buy,1014325.03,0.0026267126999999996,1.3321702191144404,1.312699999999646e-06,positive,"{'commission': 1.3321702191144404, 'slippage': 1.331504466880641, 'impact': 0.0, 'funding': None, 'borrow': None, 'funding_status': 'not_modeled', 'borrow_status': 'not_modeled', 'modeled_total': 2.6636746859950815}",VolatilityReversion,signal,False
qt_fbe3ead39b9a5e74d11ee197,2019-08-14,2019-08-19,DOGE-USDT,buy,1112026.18,0.0026935461,1.4976468901184488,1.34609999999976e-06,positive,"{'commission': 1.4976468901184488, 'slippage': 1.496898440897733, 'impact': 0.0, 'funding': None, 'borrow': None, 'funding_status': 'not_modeled', 'borrow_status': 'not_modeled', 'modeled_total': 2.994545331016182}",VolatilityReversion,signal,False
qt_fbe3ead39b9a5e74d11ee197,2019-08-14,2019-08-20,DOGE-USDT,buy,298898.24,0.00278008935,0.41548190687887193,1.3893499999999802e-06,positive,"{'commission': 0.41548190687887193, 'slippage': 0.41527426974399406, 'impact': 0.0, 'funding': None, 'borrow': None, 'funding_status': 'not_modeled', 'borrow_status': 'not_modeled', 'modeled_total': 0.8307561766228659}",VolatilityReversion,signal,False
qt_fbe3ead39b9a5e74d11ee197,2019-08-14,2019-08-21,DOGE-USDT,buy,674287.0700000001,0.0027133559999999997,0.9147904335534599,1.3559999999996665e-06,positive,"{'commission': 0.9147904335534599, 'slippage': 0.9143332669197752, 'impact': 0.0, 'funding': None, 'borrow': None, 'funding_status': 'not_modeled', 'borrow_status': 'not_modeled', 'modeled_total': 1.829123700473235}",VolatilityReversion,signal,False
qt_fbe3ead39b9a5e74d11ee197,2019-08-14,2019-08-22,DOGE-USDT,buy,709425.38,0.0026417202000000002,0.9370516783693381,1.3202000000000352e-06,positive,"{'commission': 0.9370516783693381, 'slippage': 0.936583386676025, 'impact': 0.0, 'funding': None, 'borrow': None, 'funding_status': 'not_modeled', 'borrow_status': 'not_modeled', 'modeled_total': 1.873635065045363}",VolatilityReversion,signal,False
qt_fbe3ead39b9a5e74d11ee197,2019-08-14,2019-08-23,DOGE-USDT,buy,496739.49,0.0026499243,0.6581610226603034,1.3242999999996986e-06,positive,"{'commission': 0.6581610226603034, 'slippage': 0.6578321066068503, 'impact': 0.0, 'funding': None, 'borrow': None, 'funding_status': 'not_modeled', 'borrow_status': 'not_modeled', 'modeled_total': 1.3159931292671536}",VolatilityReversion,signal,False
qt_fbe3ead39b9a5e74d11ee197,2019-08-14,2019-08-24,DOGE-USDT,buy,611643.75,0.0026657321999999997,0.815239219651875,1.3321999999997905e-06,positive,"{'commission': 0.815239219651875, 'slippage': 0.8148318037498719, 'impact': 0.0, 'funding': None, 'borrow': None, 'funding_status': 'not_modeled', 'borrow_status': 'not_modeled', 'modeled_total': 1.6300710234017468}",VolatilityReversion,signal,False
qt_fbe3ead39b9a5e74d11ee197,2019-08-14,2019-08-25,DOGE-USDT,buy,599377.36,0.0026287136999999998,0.7877957388509159,1.313699999999987e-06,positive,"{'commission': 0.7877957388509159, 'slippage': 0.7874020378319923, 'impact': 0.0, 'funding': None, 'borrow': None, 'funding_status': 'not_modeled', 'borrow_status': 'not_modeled', 'modeled_total': 1.5751977766829082}",VolatilityReversion,signal,False
qt_fbe3ead39b9a5e74d11ee197,2019-08-14,2019-08-26,DOGE-USDT,buy,753094.3,0.0026205096,0.98674542142764,1.30959999999989e-06,positive,"{'commission': 0.98674542142764, 'slippage': 0.9862522952799172, 'impact': 0.0, 'funding': None, 'borrow': None, 'funding_status': 'not_modeled', 'borrow_status': 'not_modeled', 'modeled_total': 1.9729977167075572}",VolatilityReversion,signal,False
qt_fbe3ead39b9a5e74d11ee197,2019-08-14,2019-08-27,DOGE-USDT,buy,578132.68,0.0026383185,0.76264907254929,1.3184999999998892e-06,positive,"{'commission': 0.76264907254929, 'slippage': 0.762267938579936, 'impact': 0.0, 'funding': None, 'borrow': None, 'funding_status': 'not_modeled', 'borrow_status': 'not_modeled', 'modeled_total': 1.524917011129226}",VolatilityReversion,signal,False
qt_fbe3ead39b9a5e74d11ee197,2019-08-14,2019-08-28,DOGE-USDT,buy,732527.73,0.0026027006999999997,0.9532752178202054,1.3006999999998908e-06,positive,"{'commission': 0.9532752178202054, 'slippage': 0.95279881841092, 'impact': 0.0, 'funding': None, 'borrow': None, 'funding_status': 'not_modeled', 'borrow_status': 'not_modeled', 'modeled_total': 1.9060740362311255}",VolatilityReversion,signal,False
qt_09a4396f55ed8aa7771af8fa,2019-08-27,2019-08-28,ADA-USDT,cover,971008.72,0.049904939999999995,24.2290659555384,2.4939999999994134e-05,positive,"{'commission': 24.2290659555384, 'slippage': 24.216957476794303, 'impact': 0.0, 'funding': None, 'borrow': None, 'funding_status': 'not_modeled', 'borrow_status': 'not_modeled', 'modeled_total': 48.4460234323327}",Router,StateSwitch,False
qt_fbe3ead39b9a5e74d11ee197,2019-08-14,2019-08-29,DOGE-USDT,buy,1011485.51,0.0024968478000000002,1.2627626851876892,1.2478000000000662e-06,positive,"{'commission': 1.2627626851876892, 'slippage': 1.262131619378067, 'impact': 0.0, 'funding': None, 'borrow': None, 'funding_status': 'not_modeled', 'borrow_status': 'not_modeled', 'modeled_total': 2.5248943045657564}",VolatilityReversion,signal,False
qt_09a4396f55ed8aa7771af8fa,2019-08-27,2019-08-29,ADA-USDT,cover,798080.4307521258,0.045892934999999996,18.313126666639654,2.2934999999994765e-05,positive,"{'commission': np.float64(18.313126666639654), 'slippage': np.float64(18.303974679295827), 'impact': np.float64(0.0), 'funding': None, 'borrow': None, 'funding_status': 'not_modeled', 'borrow_status': 'not_modeled', 'modeled_total': np.float64(36.61710134593548)}",Router,StateSwitch,False
qt_00627ffd7042a55c46d221d3,2019-08-28,2019-08-29,ETH-USDT,short,644.0637302457613,172.943485,55.69331303540094,0.08651499999999146,negative,"{'commission': np.float64(55.69331303540094), 'slippage': np.float64(55.72117362220654), 'impact': np.float64(0.0), 'funding': None, 'borrow': None, 'funding_status': 'not_modeled', 'borrow_status': 'not_modeled', 'modeled_total': np.float64(111.41448665760748)}",TrendBreakdown,signal,False
qt_fbe3ead39b9a5e74d11ee197,2019-08-14,2019-08-30,DOGE-USDT,buy,375122.07,0.00244332105,0.45827182497528673,1.2210499999998348e-06,positive,"{'commission': 0.45827182497528673, 'slippage': 0.458042803573438, 'impact': 0.0, 'funding': None, 'borrow': None, 'funding_status': 'not_modeled', 'borrow_status': 'not_modeled', 'modeled_total': 0.9163146285487247}",VolatilityReversion,signal,False
qt_fbe3ead39b9a5e74d11ee197,2019-08-14,2019-08-31,DOGE-USDT,buy,363383.19,0.0024529258499999995,0.4456760101032307,1.2258499999997369e-06,positive,"{'commission': 0.4456760101032307, 'slippage': 0.4454532834614044, 'impact': 0.0, 'funding': None, 'borrow': None, 'funding_status': 'not_modeled', 'borrow_status': 'not_modeled', 'modeled_total': 0.8911292935646351}",VolatilityReversion,signal,False
qt_fbe3ead39b9a5e74d11ee197,2019-08-14,2019-09-01,DOGE-USDT,buy,359561.48,0.002453226,0.44104278566724003,1.2260000000000049e-06,positive,"{'commission': 0.44104278566724003, 'slippage': 0.4408223744800017, 'impact': 0.0, 'funding': None, 'borrow': None, 'funding_status': 'not_modeled', 'borrow_status': 'not_modeled', 'modeled_total': 0.8818651601472418}",VolatilityReversion,signal,False
qt_fbe3ead39b9a5e74d11ee197,2019-08-14,2019-09-02,DOGE-USDT,buy,535720.1,0.00246473175,0.6602031697915874,1.231750000000014e-06,positive,"{'commission': 0.6602031697915874, 'slippage': 0.6598732331750076, 'impact': 0.0, 'funding': None, 'borrow': None, 'funding_status': 'not_modeled', 'borrow_status': 'not_modeled', 'modeled_total': 1.320076402966595}",VolatilityReversion,signal,False
qt_34744b19c8a388ff4d3d2517,2019-09-02,2019-09-03,DOGE-USDT,sell,646798.06,0.0025897045,0.8375079232866351,1.2954999999998523e-06,negative,"{'commission': 0.8375079232866351, 'slippage': 0.8379268867299046, 'impact': 0.0, 'funding': None, 'borrow': None, 'funding_status': 'not_modeled', 'borrow_status': 'not_modeled', 'modeled_total': 1.6754348100165397}",Router,StateSwitch,False
qt_34744b19c8a388ff4d3d2517,2019-09-02,2019-09-04,DOGE-USDT,sell,327898.86,0.00256341765,0.4202708625694395,1.2823499999999217e-06,negative,"{'commission': 0.4202708625694395, 'slippage': 0.4204811031209743, 'impact': 0.0, 'funding': None, 'borrow': None, 'funding_status': 'not_modeled', 'borrow_status': 'not_modeled', 'modeled_total': 0.8407519656904139}",Router,StateSwitch,False
qt_34744b19c8a388ff4d3d2517,2019-09-02,2019-09-05,DOGE-USDT,sell,443182.76,0.00252083895,0.558596181688251,1.261050000000031e-06,negative,"{'commission': 0.558596181688251, 'slippage': 0.5588756194980137, 'impact': 0.0, 'funding': None, 'borrow': None, 'funding_status': 'not_modeled', 'borrow_status': 'not_modeled', 'modeled_total': 1.1174718011862645}",Router,StateSwitch,False
qt_34744b19c8a388ff4d3d2517,2019-09-02,2019-09-06,DOGE-USDT,sell,818365.03,0.0024884551500000004,1.0182323367417023,1.2448499999997108e-06,negative,"{'commission': 1.0182323367417023, 'slippage': 1.0187417075952634, 'impact': 0.0, 'funding': None, 'borrow': None, 'funding_status': 'not_modeled', 'borrow_status': 'not_modeled', 'modeled_total': 2.036974044336966}",Router,StateSwitch,False
qt_34744b19c8a388ff4d3d2517,2019-09-02,2019-09-07,DOGE-USDT,sell,794152.88,0.0024491748000000004,0.9725096105217121,1.225199999999732e-06,negative,"{'commission': 0.9725096105217121, 'slippage': 0.9729961085757872, 'impact': 0.0, 'funding': None, 'borrow': None, 'funding_status': 'not_modeled', 'borrow_status': 'not_modeled', 'modeled_total': 1.9455057190974994}",Router,StateSwitch,False
qt_34744b19c8a388ff4d3d2517,2019-09-02,2019-09-08,DOGE-USDT,sell,895389.6900000001,0.0024637675,1.1030160090285377,1.232500000000053e-06,negative,"{'commission': 1.1030160090285377, 'slippage': 1.1035677929250476, 'impact': 0.0, 'funding': None, 'borrow': None, 'funding_status': 'not_modeled', 'borrow_status': 'not_modeled', 'modeled_total': 2.2065838019535855}",Router,StateSwitch,False
qt_34744b19c8a388ff4d3d2517,2019-09-02,2019-09-09,DOGE-USDT,sell,610003.4400000001,0.00244407735,0.7454477955630421,1.2226499999999467e-06,negative,"{'commission': 0.7454477955630421, 'slippage': 0.7458207059159676, 'impact': 0.0, 'funding': None, 'borrow': None, 'funding_status': 'not_modeled', 'borrow_status': 'not_modeled', 'modeled_total': 1.4912685014790097}",Router,StateSwitch,False
qt_364e2ac6576fec087ff67b29,2019-09-08,2019-09-09,ETH-USDT,cover,644.0637302457613,181.27059,58.374906189625,0.09058999999999173,positive,"{'commission': np.float64(58.374906189625), 'slippage': np.float64(58.345733322958196), 'impact': np.float64(0.0), 'funding': None, 'borrow': None, 'funding_status': 'not_modeled', 'borrow_status': 'not_modeled', 'modeled_total': np.float64(116.7206395125832)}",Router,StateSwitch,False
qt_34744b19c8a388ff4d3d2517,2019-09-02,2019-09-10,DOGE-USDT,sell,332197.68,0.00243388245,0.404265051641358,1.2175499999999423e-06,negative,"{'commission': 0.404265051641358, 'slippage': 0.4044672852839808, 'impact': 0.0, 'funding': None, 'borrow': None, 'funding_status': 'not_modeled', 'borrow_status': 'not_modeled', 'modeled_total': 0.8087323369253387}",Router,StateSwitch,False
qt_34744b19c8a388ff4d3d2517,2019-09-02,2019-09-11,DOGE-USDT,sell,528871.65,0.0024180903500000002,0.6394297166267888,1.2096499999998504e-06,negative,"{'commission': 0.6394297166267888, 'slippage': 0.6397495914224209, 'impact': 0.0, 'funding': None, 'borrow': None, 'funding_status': 'not_modeled', 'borrow_status': 'not_modeled', 'modeled_total': 1.2791793080492098}",Router,StateSwitch,False
qt_34744b19c8a388ff4d3d2517,2019-09-02,2019-09-12,DOGE-USDT,sell,485427.65,0.0023900044,0.5800871096908301,1.1956000000000466e-06,negative,"{'commission': 0.5800871096908301, 'slippage': 0.5803772983400226, 'impact': 0.0, 'funding': None, 'borrow': None, 'funding_status': 'not_modeled', 'borrow_status': 'not_modeled', 'modeled_total': 1.1604644080308528}",Router,StateSwitch,False
qt_34744b19c8a388ff4d3d2517,2019-09-02,2019-09-13,DOGE-USDT,sell,353174.92,0.0023894047,0.421938906885062,1.1952999999999443e-06,negative,"{'commission': 0.421938906885062, 'slippage': 0.4221499818759803, 'impact': 0.0, 'funding': None, 'borrow': None, 'funding_status': 'not_modeled', 'borrow_status': 'not_modeled', 'modeled_total': 0.8440888887610423}",Router,StateSwitch,False
qt_34744b19c8a388ff4d3d2517,2019-09-02,2019-09-14,DOGE-USDT,sell,337258.88,0.00240769555,0.406008352286992,1.204449999999812e-06,negative,"{'commission': 0.406008352286992, 'slippage': 0.40621145801593656, 'impact': 0.0, 'funding': None, 'borrow': None, 'funding_status': 'not_modeled', 'borrow_status': 'not_modeled', 'modeled_total': 0.8122198103029286}",Router,StateSwitch,False
qt_34744b19c8a388ff4d3d2517,2019-09-02,2019-09-15,DOGE-USDT,sell,686472.35,0.0024220883500000005,0.8313483407660613,1.211649999999665e-06,negative,"{'commission': 0.8313483407660613, 'slippage': 0.83176422287727, 'impact': 0.0, 'funding': None, 'borrow': None, 'funding_status': 'not_modeled', 'borrow_status': 'not_modeled', 'modeled_total': 1.6631125636433315}",Router,StateSwitch,False
qt_0116034d9cd5ae2cacd63875,2019-09-14,2019-09-15,XRP-USDT,cover,292095.0517174843,0.261380625,38.17399358866168,0.00013062499999999533,positive,"{'commission': np.float64(38.17399358866168), 'slippage': np.float64(38.154916130595026), 'impact': np.float64(0.0), 'funding': None, 'borrow': None, 'funding_status': 'not_modeled', 'borrow_status': 'not_modeled', 'modeled_total': np.float64(76.3289097192567)}",Router,StateSwitch,False
qt_34744b19c8a388ff4d3d2517,2019-09-02,2019-09-16,DOGE-USDT,sell,538944.2,0.00242368755,0.6531161738423549,1.2124499999999379e-06,negative,"{'commission': 0.6531161738423549, 'slippage': 0.6534428952899665, 'impact': 0.0, 'funding': None, 'borrow': None, 'funding_status': 'not_modeled', 'borrow_status': 'not_modeled', 'modeled_total': 1.3065590691323212}",Router,StateSwitch,False
qt_34744b19c8a388ff4d3d2517,2019-09-02,2019-09-17,DOGE-USDT,sell,1350690.11,0.0024303842,1.6413479512201312,1.215799999999996e-06,negative,"{'commission': 1.6413479512201312, 'slippage': 1.6421690357379948, 'impact': 0.0, 'funding': None, 'borrow': None, 'funding_status': 'not_modeled', 'borrow_status': 'not_modeled', 'modeled_total': 3.283516986958126}",Router,StateSwitch,False
qt_c0bb4d57f72318479c13863f,2019-09-17,2019-09-18,ETH-USDT,short,1410.3258212180242,207.74607500000002,146.49482691459815,0.1039249999999754,negative,"{'commission': np.float64(146.49482691459815), 'slippage': np.float64(146.56811097004848), 'impact': np.float64(0.0), 'funding': None, 'borrow': None, 'funding_status': 'not_modeled', 'borrow_status': 'not_modeled', 'modeled_total': np.float64(293.06293788464666)}",VolatilityReversion,signal,False
qt_3c59fb93cf9d8a14ac7e807c,2019-09-17,2019-09-18,DOGE-USDT,sell,3114241.659999999,0.0025959014,4.042132142566161,1.298600000000042e-06,negative,"{'commission': 4.042132142566161, 'slippage': 4.04415421967613, 'impact': 0.0, 'funding': None, 'borrow': None, 'funding_status': 'not_modeled', 'borrow_status': 'not_modeled', 'modeled_total': 8.08628636224229}",Router,StateSwitch,False
qt_4f005dd511515ad505cd9da0,2019-09-19,2019-09-20,ETH-USDT,cover,1410.3258212180242,220.37013,155.39684228208637,0.11012999999999806,positive,"{'commission': np.float64(155.39684228208637), 'slippage': np.float64(155.31918269073827), 'impact': np.float64(0.0), 'funding': None, 'borrow': None, 'funding_status': 'not_modeled', 'borrow_status': 'not_modeled', 'modeled_total': np.float64(310.71602497282464)}",VolatilityReversion,hard_stop,False
qt_d72fbae0e2cf0a3b46c6401c,2019-09-20,2019-09-21,ETH-USDT,short,1308.1913741214073,217.900995,142.52810103573594,0.10900499999999624,negative,"{'commission': np.float64(142.52810103573594), 'slippage': np.float64(142.59940073609908), 'impact': np.float64(0.0), 'funding': None, 'borrow': None, 'funding_status': 'not_modeled', 'borrow_status': 'not_modeled', 'modeled_total': np.float64(285.127501771835)}",VolatilityReversion,signal,False
qt_4d1b75d8c354ce795248639d,2019-09-24,2019-09-25,ETH-USDT,cover,1308.1913741214073,165.80285999999998,108.45093562832966,0.08285999999998239,positive,"{'commission': np.float64(108.45093562832966), 'slippage': np.float64(108.39673725967677), 'impact': np.float64(0.0), 'funding': None, 'borrow': None, 'funding_status': 'not_modeled', 'borrow_status': 'not_modeled', 'modeled_total': np.float64(216.84767288800643)}",Router,StateSwitch,False
qt_c21b3188c2e6381a6374e7e8,2019-10-14,2019-10-15,BNB-USDT,short,13240.023318961501,18.42968055,122.0047001215056,0.009219449999999796,negative,"{'commission': np.float64(122.0047001215056), 'slippage': np.float64(122.06573298799691), 'impact': np.float64(0.0), 'funding': None, 'borrow': None, 'funding_status': 'not_modeled', 'borrow_status': 'not_modeled', 'modeled_total': np.float64(244.07043310950252)}",VolatilityReversion,signal,False
qt_0354249791dac360d9bfcbca,2019-10-19,2019-10-20,BNB-USDT,cover,13240.023318961501,18.228009450000002,120.66963508812532,0.009109450000000407,positive,"{'commission': np.float64(120.66963508812532), 'slippage': np.float64(120.60933042291924), 'impact': np.float64(0.0), 'funding': None, 'borrow': None, 'funding_status': 'not_modeled', 'borrow_status': 'not_modeled', 'modeled_total': np.float64(241.27896551104456)}",Router,StateSwitch,False
qt_6476196f0f20076b9eda519e,2020-01-06,2020-01-07,ADA-USDT,short,2103806.725,0.03730134,39.23740497175576,1.8659999999996735e-05,negative,"{'commission': 39.23740497175576, 'slippage': 39.257033488493136, 'impact': 0.0, 'funding': None, 'borrow': None, 'funding_status': 'not_modeled', 'borrow_status': 'not_modeled', 'modeled_total': 78.49443846024889}",VolatilityReversion,signal,False
qt_6476196f0f20076b9eda519e,2020-01-06,2020-01-08,ADA-USDT,short,2284085.572,0.03694152,42.18879641987472,1.8480000000001273e-05,negative,"{'commission': 42.18879641987472, 'slippage': 42.20990137056291, 'impact': 0.0, 'funding': None, 'borrow': None, 'funding_status': 'not_modeled', 'borrow_status': 'not_modeled', 'modeled_total': 84.39869779043764}",VolatilityReversion,signal,False
qt_2e78930633548156137c8b5f,2020-01-07,2020-01-08,ETH-USDT,short,2163.645413850929,142.72860000000003,154.40704040768188,0.07139999999998281,negative,"{'commission': np.float64(154.40704040768188), 'slippage': np.float64(154.48428254891914), 'impact': np.float64(0.0), 'funding': None, 'borrow': None, 'funding_status': 'not_modeled', 'borrow_status': 'not_modeled', 'modeled_total': np.float64(308.891322956601)}",VolatilityReversion,signal,False
qt_6476196f0f20076b9eda519e,2020-01-06,2020-01-09,ADA-USDT,short,863726.113,0.036281850000000004,15.668790636474528,1.814999999999456e-05,negative,"{'commission': 15.668790636474528, 'slippage': 15.6766289509453, 'impact': 0.0, 'funding': None, 'borrow': None, 'funding_status': 'not_modeled', 'borrow_status': 'not_modeled', 'modeled_total': 31.345419587419826}",VolatilityReversion,signal,False
qt_6476196f0f20076b9eda519e,2020-01-06,2020-01-10,ADA-USDT,short,1602656.991,0.03614192,28.96155037808136,1.807999999999671e-05,negative,"{'commission': 28.96155037808136, 'slippage': 28.976038397274724, 'impact': 0.0, 'funding': None, 'borrow': None, 'funding_status': 'not_modeled', 'borrow_status': 'not_modeled', 'modeled_total': 57.93758877535608}",VolatilityReversion,signal,False
qt_6476196f0f20076b9eda519e,2020-01-06,2020-01-11,ADA-USDT,short,826828.273,0.036911535,15.25975036891453,1.846499999999529e-05,negative,"{'commission': 15.25975036891453, 'slippage': 15.267384060941106, 'impact': 0.0, 'funding': None, 'borrow': None, 'funding_status': 'not_modeled', 'borrow_status': 'not_modeled', 'modeled_total': 30.527134429855636}",VolatilityReversion,signal,False
qt_6476196f0f20076b9eda519e,2020-01-06,2020-01-12,ADA-USDT,short,382354.9574876437,0.036711635,7.018437819863446,1.8364999999999354e-05,negative,"{'commission': np.float64(7.018437819863446), 'slippage': np.float64(7.02194879426033), 'impact': np.float64(0.0), 'funding': None, 'borrow': None, 'funding_status': 'not_modeled', 'borrow_status': 'not_modeled', 'modeled_total': np.float64(14.040386614123776)}",VolatilityReversion,signal,False
qt_4f5d235c452bf4960387744b,2020-01-14,2020-01-15,ETH-USDT,cover,2163.645413850929,165.6828,179.23941518699033,0.08279999999999177,positive,"{'commission': np.float64(179.23941518699033), 'slippage': np.float64(179.1498402668391), 'impact': np.float64(0.0), 'funding': None, 'borrow': None, 'funding_status': 'not_modeled', 'borrow_status': 'not_modeled', 'modeled_total': np.float64(358.38925545382943)}",VolatilityReversion,hard_stop,False
qt_c77cefebe20e5738acb45096,2020-01-14,2020-01-15,BNB-USDT,short,16960.429767146514,16.62178495,140.95630812454397,0.008315050000000213,negative,"{'commission': np.float64(140.95630812454397), 'slippage': np.float64(141.02682153531524), 'impact': np.float64(0.0), 'funding': None, 'borrow': None, 'funding_status': 'not_modeled', 'borrow_status': 'not_modeled', 'modeled_total': np.float64(281.9831296598592)}",VolatilityReversion,signal,False
qt_07179c71d6c8b9d705e51c1b,2020-01-14,2020-01-15,ADA-USDT,cover,3174152.527,0.041630805,66.07126244589712,2.080499999999874e-05,positive,"{'commission': 66.07126244589712, 'slippage': 66.038243324231, 'impact': 0.0, 'funding': None, 'borrow': None, 'funding_status': 'not_modeled', 'borrow_status': 'not_modeled', 'modeled_total': 132.10950577012812}",VolatilityReversion,hard_stop,False
qt_823c32524425726451b413a0,2020-01-14,2020-01-15,LTC-USDT,short,4040.268705056783,58.340815,117.85628453600366,0.02918499999999824,negative,"{'commission': np.float64(117.85628453600366), 'slippage': np.float64(117.9152421570751), 'impact': np.float64(0.0), 'funding': None, 'borrow': None, 'funding_status': 'not_modeled', 'borrow_status': 'not_modeled', 'modeled_total': np.float64(235.77152669307875)}",VolatilityReversion,signal,False
qt_07179c71d6c8b9d705e51c1b,2020-01-14,2020-01-16,ADA-USDT,cover,1673867.2880000002,0.042791385,35.81354977985694,2.1384999999998766e-05,positive,"{'commission': 35.81354977985694, 'slippage': 35.795651953877936, 'impact': 0.0, 'funding': None, 'borrow': None, 'funding_status': 'not_modeled', 'borrow_status': 'not_modeled', 'modeled_total': 71.60920173373488}",VolatilityReversion,hard_stop,False
qt_385210ec474ff30bdd7eb87b,2020-01-15,2020-01-16,ETH-USDT,short,1570.161173169428,166.3168,130.57209090289257,0.08320000000000505,negative,"{'commission': np.float64(130.57209090289257), 'slippage': np.float64(130.63740960770434), 'impact': np.float64(0.0), 'funding': None, 'borrow': None, 'funding_status': 'not_modeled', 'borrow_status': 'not_modeled', 'modeled_total': np.float64(261.2095005105969)}",VolatilityReversion,signal,False
qt_1dd9edc0c85bd8bc6bf76e69,2020-01-15,2020-01-16,BNB-USDT,cover,16960.429767146514,17.67433275,149.88213964377627,0.008832749999999834,positive,"{'commission': np.float64(149.88213964377627), 'slippage': np.float64(149.80723602576055), 'impact': np.float64(0.0), 'funding': None, 'borrow': None, 'funding_status': 'not_modeled', 'borrow_status': 'not_modeled', 'modeled_total': np.float64(299.68937566953684)}",VolatilityReversion,hard_stop,False
qt_93614e75a599658215ecb377,2020-01-15,2020-01-16,LTC-USDT,cover,4040.268705056783,58.199085,117.56997089421981,0.02908499999999492,positive,"{'commission': np.float64(117.56997089421981), 'slippage': np.float64(117.51121528655601), 'impact': np.float64(0.0), 'funding': None, 'borrow': None, 'funding_status': 'not_modeled', 'borrow_status': 'not_modeled', 'modeled_total': np.float64(235.08118618077583)}",Router,StateSwitch,False
qt_07179c71d6c8b9d705e51c1b,2020-01-14,2020-01-17,ADA-USDT,cover,3215438.8164876443,0.041710844999999996,67.05933504074979,2.0844999999998504e-05,positive,"{'commission': np.float64(67.05933504074979), 'slippage': np.float64(67.02582212968014), 'impact': np.float64(0.0), 'funding': None, 'borrow': None, 'funding_status': 'not_modeled', 'borrow_status': 'not_modeled', 'modeled_total': np.float64(134.0851571704299)}",VolatilityReversion,hard_stop,False
qt_b77f7871e64dc6103ddaae9e,2020-01-17,2020-01-18,ETH-USDT,cover,1570.161173169428,170.00495999999998,133.46759371911082,0.08495999999999526,positive,"{'commission': np.float64(133.46759371911082), 'slippage': np.float64(133.40089327246716), 'impact': np.float64(0.0), 'funding': None, 'borrow': None, 'funding_status': 'not_modeled', 'borrow_status': 'not_modeled', 'modeled_total': np.float64(266.868486991578)}",Router,StateSwitch,False
qt_435d5515c5f5afab666edaca,2020-01-17,2020-01-18,DOGE-USDT,short,1913787.07,0.00248425725,2.377169701801879,1.242749999999862e-06,negative,"{'commission': 2.377169701801879, 'slippage': 2.378358881242236, 'impact': 0.0, 'funding': None, 'borrow': None, 'funding_status': 'not_modeled', 'borrow_status': 'not_modeled', 'modeled_total': 4.755528583044115}",VolatilityReversion,signal,False
qt_1857da2169d357940cf257a0,2020-01-18,2020-01-19,DOGE-USDT,cover,1610121.85,0.0025149568499999997,2.0246934879960863,1.2568499999998997e-06,positive,"{'commission': 2.0246934879960863, 'slippage': 2.0236816471723387, 'impact': 0.0, 'funding': None, 'borrow': None, 'funding_status': 'not_modeled', 'borrow_status': 'not_modeled', 'modeled_total': 4.048375135168425}",Router,StateSwitch,False
qt_1857da2169d357940cf257a0,2020-01-18,2020-01-20,DOGE-USDT,cover,303665.22,0.00240109995,0.36456527227936947,1.1999500000000121e-06,positive,"{'commission': 0.36456527227936947, 'slippage': 0.36438308073900366, 'impact': 0.0, 'funding': None, 'borrow': None, 'funding_status': 'not_modeled', 'borrow_status': 'not_modeled', 'modeled_total': 0.7289483530183731}",Router,StateSwitch,False
qt_d5bac5827d5ede6a5f630d07,2020-01-21,2020-01-22,ADA-USDT,buy,1303299.1090000002,0.046063019999999996,30.016946461924594,2.3019999999998597e-05,positive,"{'commission': 30.016946461924594, 'slippage': 30.001945489178176, 'impact': 0.0, 'funding': None, 'borrow': None, 'funding_status': 'not_modeled', 'borrow_status': 'not_modeled', 'modeled_total': 60.01889195110277}",TrendBreakout,signal,False
qt_d5bac5827d5ede6a5f630d07,2020-01-21,2020-01-23,ADA-USDT,buy,598629.4981876854,0.045772875,13.700496595928824,2.287499999999859e-05,positive,"{'commission': np.float64(13.700496595928824), 'slippage': np.float64(13.693649771042459), 'impact': np.float64(0.0), 'funding': None, 'borrow': None, 'funding_status': 'not_modeled', 'borrow_status': 'not_modeled', 'modeled_total': np.float64(27.394146366971285)}",TrendBreakout,signal,False
qt_1080cd284a6e0a96bf6eda7a,2020-01-30,2020-01-31,ETH-USDT,buy,640.4751984917195,184.802355,59.180662500181114,0.09235499999999774,positive,"{'commission': np.float64(59.180662500181114), 'slippage': np.float64(59.15108695670131), 'impact': np.float64(0.0), 'funding': None, 'borrow': None, 'funding_status': 'not_modeled', 'borrow_status': 'not_modeled', 'modeled_total': np.float64(118.33174945688242)}",TrendBreakout,signal,False
qt_e4e453963e1bdc1c2de70164,2020-01-30,2020-01-31,BNB-USDT,buy,8775.778099425732,18.564977850000002,81.46106301617691,0.009277850000000143,positive,"{'commission': np.float64(81.46106301617691), 'slippage': np.float64(81.42035283975828), 'impact': np.float64(0.0), 'funding': None, 'borrow': None, 'funding_status': 'not_modeled', 'borrow_status': 'not_modeled', 'modeled_total': np.float64(162.8814158559352)}",TrendBreakout,signal,False
qt_ff247a7f32cf4ba352b2f85e,2020-02-01,2020-02-02,LTC-USDT,buy,925.9387855235257,70.75536,32.75756605383992,0.03535999999999717,positive,"{'commission': np.float64(32.75756605383992), 'slippage': np.float64(32.741195456109246), 'impact': np.float64(0.0), 'funding': None, 'borrow': None, 'funding_status': 'not_modeled', 'borrow_status': 'not_modeled', 'modeled_total': np.float64(65.49876150994916)}",TrendBreakout,signal,False
qt_1e04ed88b9cec6ff7c6f8190,2020-02-04,2020-02-05,XRP-USDT,buy,366304.7460354415,0.26755371,49.00309689619509,0.0001337100000000091,positive,"{'commission': np.float64(49.00309689619509), 'slippage': np.float64(48.97860759240222), 'impact': np.float64(0.0), 'funding': None, 'borrow': None, 'funding_status': 'not_modeled', 'borrow_status': 'not_modeled', 'modeled_total': np.float64(97.9817044885973)}",TrendBreakout,signal,False
qt_147d3fea1ffce436ecd5d8ba,2020-02-06,2020-02-07,BTC-USDT,buy,15.93306384735494,9776.885999999999,77.88787443315532,4.885999999998603,positive,"{'commission': np.float64(77.88787443315532), 'slippage': np.float64(77.84894995815398), 'impact': np.float64(0.0), 'funding': None, 'borrow': None, 'funding_status': 'not_modeled', 'borrow_status': 'not_modeled', 'modeled_total': np.float64(155.7368243913093)}",TrendBreakout,signal,False
qt_ad495d7bd84c9868f4eec628,2020-02-06,2020-02-07,DOGE-USDT,buy,2669690.73,0.0026655320999999996,3.5580731689437157,1.3320999999997564e-06,positive,"{'commission': 3.5580731689437157, 'slippage': 3.5562950214323497, 'impact': 0.0, 'funding': None, 'borrow': None, 'funding_status': 'not_modeled', 'borrow_status': 'not_modeled', 'modeled_total': 7.114368190376066}",TrendBreakout,signal,False
qt_ad495d7bd84c9868f4eec628,2020-02-06,2020-02-08,DOGE-USDT,buy,11229541.68,0.0028010998499999997,15.727533757708372,1.3998499999996576e-06,positive,"{'commission': 15.727533757708372, 'slippage': 15.719673920744155, 'impact': 0.0, 'funding': None, 'borrow': None, 'funding_status': 'not_modeled', 'borrow_status': 'not_modeled', 'modeled_total': 31.44720767845253}",TrendBreakout,signal,False
qt_ad495d7bd84c9868f4eec628,2020-02-06,2020-02-09,DOGE-USDT,buy,13074612.48,0.0031760872499999996,20.763054998209437,1.587249999999811e-06,positive,"{'commission': 20.763054998209437, 'slippage': 20.75267865887753, 'impact': 0.0, 'funding': None, 'borrow': None, 'funding_status': 'not_modeled', 'borrow_status': 'not_modeled', 'modeled_total': 41.51573365708697}",TrendBreakout,signal,False
qt_ad495d7bd84c9868f4eec628,2020-02-06,2020-02-10,DOGE-USDT,buy,8107810.640000001,0.00321710775,13.041850222738232,1.6077499999998628e-06,positive,"{'commission': 13.041850222738232, 'slippage': 13.035332556458888, 'impact': 0.0, 'funding': None, 'borrow': None, 'funding_status': 'not_modeled', 'borrow_status': 'not_modeled', 'modeled_total': 26.07718277919712}",TrendBreakout,signal,False
qt_ad495d7bd84c9868f4eec628,2020-02-06,2020-02-11,DOGE-USDT,buy,5848248.64,0.0029632809,8.665001746681488,1.4808999999997574e-06,positive,"{'commission': 8.665001746681488, 'slippage': 8.660671410974581, 'impact': 0.0, 'funding': None, 'borrow': None, 'funding_status': 'not_modeled', 'borrow_status': 'not_modeled', 'modeled_total': 17.32567315765607}",TrendBreakout,signal,False
qt_ad495d7bd84c9868f4eec628,2020-02-06,2020-02-12,DOGE-USDT,buy,6212228.34,0.003031515,9.41623169806755,1.5149999999996763e-06,positive,"{'commission': 9.41623169806755, 'slippage': 9.41152593509799, 'impact': 0.0, 'funding': None, 'borrow': None, 'funding_status': 'not_modeled', 'borrow_status': 'not_modeled', 'modeled_total': 18.82775763316554}",TrendBreakout,signal,False
qt_ad495d7bd84c9868f4eec628,2020-02-06,2020-02-13,DOGE-USDT,buy,999538.1768052429,0.0030614299499999997,1.5300080553199829,1.529949999999787e-06,positive,"{'commission': np.float64(1.5300080553199829), 'slippage': np.float64(1.5292434336029685), 'impact': np.float64(0.0), 'funding': None, 'borrow': None, 'funding_status': 'not_modeled', 'borrow_status': 'not_modeled', 'modeled_total': np.float64(3.0592514889229516)}",TrendBreakout,signal,False
qt_9e934e67db997e90122c079b,2020-02-17,2020-02-18,BTC-USDT,sell,15.93306384735494,9701.147,77.28449727178793,4.852999999999156,negative,"{'commission': np.float64(77.28449727178793), 'slippage': np.float64(77.32315885120008), 'impact': np.float64(0.0), 'funding': None, 'borrow': None, 'funding_status': 'not_modeled', 'borrow_status': 'not_modeled', 'modeled_total': np.float64(154.607656122988)}",Router,StateSwitch,False
qt_7040b8555fae1aff45b50597,2020-02-17,2020-02-18,ADA-USDT,sell,1901928.6071876856,0.0601699,57.21942705081116,3.0099999999998184e-05,negative,"{'commission': np.float64(57.21942705081116), 'slippage': np.float64(57.24805107634588), 'impact': np.float64(0.0), 'funding': None, 'borrow': None, 'funding_status': 'not_modeled', 'borrow_status': 'not_modeled', 'modeled_total': np.float64(114.46747812715705)}",Router,StateSwitch,False
qt_54d1bb78750354b6675af537,2020-02-17,2020-02-18,DOGE-USDT,sell,3440216.74,0.00268055905,4.61085205818425,1.3409499999999554e-06,negative,"{'commission': 4.61085205818425, 'slippage': 4.613158637502846, 'impact': 0.0, 'funding': None, 'borrow': None, 'funding_status': 'not_modeled', 'borrow_status': 'not_modeled', 'modeled_total': 9.224010695687095}",Router,StateSwitch,False
qt_029039e0aca032021e902989,2020-02-17,2020-02-18,LTC-USDT,sell,925.9387855235257,73.40328,33.983471968321645,0.03672000000000253,negative,"{'commission': np.float64(33.983471968321645), 'slippage': np.float64(34.0004722044262), 'impact': np.float64(0.0), 'funding': None, 'borrow': None, 'funding_status': 'not_modeled', 'borrow_status': 'not_modeled', 'modeled_total': np.float64(67.98394417274784)}",Router,StateSwitch,False
qt_54d1bb78750354b6675af537,2020-02-17,2020-02-19,DOGE-USDT,sell,1560075.62,0.00283348255,2.2102235229752156,1.4174500000000215e-06,negative,"{'commission': 2.2102235229752156, 'slippage': 2.2113291875690337, 'impact': 0.0, 'funding': None, 'borrow': None, 'funding_status': 'not_modeled', 'borrow_status': 'not_modeled', 'modeled_total': 4.421552710544249}",Router,StateSwitch,False
qt_54d1bb78750354b6675af537,2020-02-17,2020-02-20,DOGE-USDT,sell,2680766.23,0.0026016985,3.4872727397208276,1.30149999999973e-06,negative,"{'commission': 3.4872727397208276, 'slippage': 3.489017248344276, 'impact': 0.0, 'funding': None, 'borrow': None, 'funding_status': 'not_modeled', 'borrow_status': 'not_modeled', 'modeled_total': 6.976289988065103}",Router,StateSwitch,False
qt_3ae227e34d0c46dbd8001dda,2020-02-19,2020-02-20,XRP-USDT,sell,366304.7460354415,0.27452267,50.279478457660666,0.00013732999999999107,negative,"{'commission': np.float64(50.279478457660666), 'slippage': np.float64(50.30463077304391), 'impact': np.float64(0.0), 'funding': None, 'borrow': None, 'funding_status': 'not_modeled', 'borrow_status': 'not_modeled', 'modeled_total': np.float64(100.58410923070457)}",Router,StateSwitch,False
qt_54d1bb78750354b6675af537,2020-02-17,2020-02-21,DOGE-USDT,sell,1531139.1300000001,0.002648675,2.0277449675763752,1.3249999999999373e-06,negative,"{'commission': 2.0277449675763752, 'slippage': 2.0287593472499044, 'impact': 0.0, 'funding': None, 'borrow': None, 'funding_status': 'not_modeled', 'borrow_status': 'not_modeled', 'modeled_total': 4.056504314826279}",Router,StateSwitch,False
qt_c8f930fd516fc7be387a1d84,2020-02-20,2020-02-21,BNB-USDT,sell,8775.778099425732,22.15061915,97.19445921264511,0.011080849999999032,negative,"{'commission': np.float64(97.19445921264511), 'slippage': np.float64(97.24308075301312), 'impact': np.float64(0.0), 'funding': None, 'borrow': None, 'funding_status': 'not_modeled', 'borrow_status': 'not_modeled', 'modeled_total': np.float64(194.43753996565823)}",Router,StateSwitch,False
qt_54d1bb78750354b6675af537,2020-02-17,2020-02-22,DOGE-USDT,sell,1077330.66,0.00264557655,1.4250803653460113,1.3234500000000593e-06,negative,"{'commission': 1.4250803653460113, 'slippage': 1.4257932619770637, 'impact': 0.0, 'funding': None, 'borrow': None, 'funding_status': 'not_modeled', 'borrow_status': 'not_modeled', 'modeled_total': 2.8508736273230753}",Router,StateSwitch,False
qt_54d1bb78750354b6675af537,2020-02-17,2020-02-23,DOGE-USDT,sell,851581.89,0.00258920475,1.1024599373009887,1.295249999999984e-06,negative,"{'commission': 1.1024599373009887, 'slippage': 1.1030114430224862, 'impact': 0.0, 'funding': None, 'borrow': None, 'funding_status': 'not_modeled', 'borrow_status': 'not_modeled', 'modeled_total': 2.205471380323475}",Router,StateSwitch,False
qt_54d1bb78750354b6675af537,2020-02-17,2020-02-24,DOGE-USDT,sell,1237718.52,0.0026730628,1.6542496663415283,1.3371999999997608e-06,negative,"{'commission': 1.6542496663415283, 'slippage': 1.655077204943704, 'impact': 0.0, 'funding': None, 'borrow': None, 'funding_status': 'not_modeled', 'borrow_status': 'not_modeled', 'modeled_total': 3.309326871285232}",Router,StateSwitch,False
qt_54d1bb78750354b6675af537,2020-02-17,2020-02-25,DOGE-USDT,sell,2566192.98,0.00258180845,3.3127093600473403,1.2915500000000232e-06,negative,"{'commission': 3.3127093600473403, 'slippage': 3.3143665433190597, 'impact': 0.0, 'funding': None, 'borrow': None, 'funding_status': 'not_modeled', 'borrow_status': 'not_modeled', 'modeled_total': 6.6270759033664}",Router,StateSwitch,False
qt_54d1bb78750354b6675af537,2020-02-17,2020-02-26,DOGE-USDT,sell,3057166.93,0.00247206335,3.7787551612425077,1.2366499999999503e-06,negative,"{'commission': 3.7787551612425077, 'slippage': 3.7806454839843484, 'impact': 0.0, 'funding': None, 'borrow': None, 'funding_status': 'not_modeled', 'borrow_status': 'not_modeled', 'modeled_total': 7.559400645226856}",Router,StateSwitch,False
qt_449914530a93c3bea2335627,2020-02-25,2020-02-26,ETH-USDT,sell,640.4751984917195,246.546665,78.95351210167324,0.12333499999999731,negative,"{'commission': np.float64(78.95351210167324), 'slippage': np.float64(78.99300860597451), 'impact': np.float64(0.0), 'funding': None, 'borrow': None, 'funding_status': 'not_modeled', 'borrow_status': 'not_modeled', 'modeled_total': np.float64(157.94652070764775)}",Router,StateSwitch,False
qt_54d1bb78750354b6675af537,2020-02-17,2020-02-27,DOGE-USDT,sell,1641771.68,0.0023394297000000003,1.9204047144054484,1.1702999999996591e-06,negative,"{'commission': 1.9204047144054484, 'slippage': 1.9213653971034403, 'impact': 0.0, 'funding': None, 'borrow': None, 'funding_status': 'not_modeled', 'borrow_status': 'not_modeled', 'modeled_total': 3.8417701115088887}",Router,StateSwitch,False
qt_ed8ad36593b648ce5286c0e5,2020-02-26,2020-02-27,BNB-USDT,buy,6681.5201017963145,18.7431669,62.61642320683666,0.009366899999999845,positive,"{'commission': np.float64(62.61642320683666), 'slippage': np.float64(62.58513064151486), 'impact': np.float64(0.0), 'funding': None, 'borrow': None, 'funding_status': 'not_modeled', 'borrow_status': 'not_modeled', 'modeled_total': np.float64(125.20155384835152)}",VolatilityReversion,signal,False
qt_0f380c06a274fda9a5f53912,2020-02-26,2020-02-27,XRP-USDT,buy,540402.2235370759,0.229284585,61.95294977838785,0.00011458500000000038,positive,"{'commission': np.float64(61.95294977838785), 'slippage': np.float64(61.92198878399605), 'impact': np.float64(0.0), 'funding': None, 'borrow': None, 'funding_status': 'not_modeled', 'borrow_status': 'not_modeled', 'modeled_total': np.float64(123.8749385623839)}",VolatilityReversion,signal,False
qt_54d1bb78750354b6675af537,2020-02-17,2020-02-28,DOGE-USDT,sell,990760.87,0.00232433725,1.1514311979917038,1.1627499999999034e-06,negative,"{'commission': 1.1514311979917038, 'slippage': 1.1520072015924043, 'impact': 0.0, 'funding': None, 'borrow': None, 'funding_status': 'not_modeled', 'borrow_status': 'not_modeled', 'modeled_total': 2.303438399584108}",Router,StateSwitch,False
qt_54d1bb78750354b6675af537,2020-02-17,2020-02-29,DOGE-USDT,sell,843992.18,0.0022811588500000002,0.9626401153688967,1.1411499999999103e-06,negative,"{'commission': 0.9626401153688967, 'slippage': 0.9631216762069243, 'impact': 0.0, 'funding': None, 'borrow': None, 'funding_status': 'not_modeled', 'borrow_status': 'not_modeled', 'modeled_total': 1.925761791575821}",Router,StateSwitch,False
qt_54d1bb78750354b6675af537,2020-02-17,2020-03-01,DOGE-USDT,sell,1168103.34,0.0022190899,1.296063161975133,1.1100999999999472e-06,negative,"{'commission': 1.296063161975133, 'slippage': 1.2967115177339386, 'impact': 0.0, 'funding': None, 'borrow': None, 'funding_status': 'not_modeled', 'borrow_status': 'not_modeled', 'modeled_total': 2.5927746797090716}",Router,StateSwitch,False
qt_54d1bb78750354b6675af537,2020-02-17,2020-03-02,DOGE-USDT,sell,964492.4400000001,0.0022676656,1.093573163824032,1.1343999999999937e-06,negative,"{'commission': 1.093573163824032, 'slippage': 1.094120223935994, 'impact': 0.0, 'funding': None, 'borrow': None, 'funding_status': 'not_modeled', 'borrow_status': 'not_modeled', 'modeled_total': 2.187693387760026}",Router,StateSwitch,False
qt_54d1bb78750354b6675af537,2020-02-17,2020-03-03,DOGE-USDT,sell,2760811.18,0.002356821,3.25336888302939,1.1790000000000238e-06,negative,"{'commission': 3.25336888302939, 'slippage': 3.254996381220066, 'impact': 0.0, 'funding': None, 'borrow': None, 'funding_status': 'not_modeled', 'borrow_status': 'not_modeled', 'modeled_total': 6.508365264249456}",Router,StateSwitch,False
qt_54d1bb78750354b6675af537,2020-02-17,2020-03-04,DOGE-USDT,sell,2015878.27,0.00250184845,2.5217109625940908,1.2515499999998271e-06,negative,"{'commission': 2.5217109625940908, 'slippage': 2.5229724488181513, 'impact': 0.0, 'funding': None, 'borrow': None, 'funding_status': 'not_modeled', 'borrow_status': 'not_modeled', 'modeled_total': 5.044683411412242}",Router,StateSwitch,False
qt_54d1bb78750354b6675af537,2020-02-17,2020-03-05,DOGE-USDT,sell,1222193.49,0.00242388745,1.4812297309413502,1.212549999999972e-06,negative,"{'commission': 1.4812297309413502, 'slippage': 1.4819707162994658, 'impact': 0.0, 'funding': None, 'borrow': None, 'funding_status': 'not_modeled', 'borrow_status': 'not_modeled', 'modeled_total': 2.963200447240816}",Router,StateSwitch,False
qt_54d1bb78750354b6675af537,2020-02-17,2020-03-06,DOGE-USDT,sell,633031.04,0.0024760613500000002,0.7837118457471521,1.238649999999765e-06,negative,"{'commission': 0.7837118457471521, 'slippage': 0.7841038976958512, 'impact': 0.0, 'funding': None, 'borrow': None, 'funding_status': 'not_modeled', 'borrow_status': 'not_modeled', 'modeled_total': 1.5678157434430033}",Router,StateSwitch,False
qt_3959b64932e9600b82d6de84,2020-03-05,2020-03-06,BNB-USDT,sell,6681.5201017963145,20.735926850000002,69.27375603882648,0.010373149999999498,negative,"{'commission': np.float64(69.27375603882648), 'slippage': np.float64(69.30841024394509), 'impact': np.float64(0.0), 'funding': None, 'borrow': None, 'funding_status': 'not_modeled', 'borrow_status': 'not_modeled', 'modeled_total': np.float64(138.58216628277157)}",Router,StateSwitch,False
qt_54d1bb78750354b6675af537,2020-02-17,2020-03-07,DOGE-USDT,sell,1123310.24,0.0024849569000000003,1.3956887658643282,1.2430999999997645e-06,negative,"{'commission': 1.3956887658643282, 'slippage': 1.3963869593437355, 'impact': 0.0, 'funding': None, 'borrow': None, 'funding_status': 'not_modeled', 'borrow_status': 'not_modeled', 'modeled_total': 2.792075725208064}",Router,StateSwitch,False
qt_d80f3cdcd0f30e4d1b104d5a,2020-03-06,2020-03-07,XRP-USDT,sell,540402.2235370759,0.24462762500000002,66.09865624429699,0.00012237499999998014,negative,"{'commission': np.float64(66.09865624429699), 'slippage': np.float64(66.13172210533894), 'impact': np.float64(0.0), 'funding': None, 'borrow': None, 'funding_status': 'not_modeled', 'borrow_status': 'not_modeled', 'modeled_total': np.float64(132.23037834963594)}",Router,StateSwitch,False
qt_6203cd822d1f811250a56dac,2020-03-07,2020-03-08,DOGE-USDT,sell,1810806.58,0.0024016985500000003,2.17450576875823,1.2014499999996563e-06,negative,"{'commission': 2.17450576875823, 'slippage': 2.1755935655403777, 'impact': 0.0, 'funding': None, 'borrow': None, 'funding_status': 'not_modeled', 'borrow_status': 'not_modeled', 'modeled_total': 4.350099334298608}",Router,StateSwitch,False
qt_6203cd822d1f811250a56dac,2020-03-07,2020-03-09,DOGE-USDT,sell,2297808.47,0.0021703143,2.493483290551061,1.0856999999998666e-06,negative,"{'commission': 2.493483290551061, 'slippage': 2.4947306558786937, 'impact': 0.0, 'funding': None, 'borrow': None, 'funding_status': 'not_modeled', 'borrow_status': 'not_modeled', 'modeled_total': 4.988213946429754}",Router,StateSwitch,False
qt_6203cd822d1f811250a56dac,2020-03-07,2020-03-10,DOGE-USDT,sell,2257795.27,0.00222498695,2.5117825057608636,1.113049999999869e-06,negative,"{'commission': 2.5117825057608636, 'slippage': 2.5130390252732044, 'impact': 0.0, 'funding': None, 'borrow': None, 'funding_status': 'not_modeled', 'borrow_status': 'not_modeled', 'modeled_total': 5.024821531034068}",Router,StateSwitch,False
qt_7db7df0113fb7b11746da0dc,2020-03-10,2020-03-11,DOGE-USDT,sell,1280601.72,0.00220099895,1.409301520544097,1.10104999999968e-06,negative,"{'commission': 1.409301520544097, 'slippage': 1.4100065238055903, 'impact': 0.0, 'funding': None, 'borrow': None, 'funding_status': 'not_modeled', 'borrow_status': 'not_modeled', 'modeled_total': 2.8193080443496874}",Router,StateSwitch,False
qt_7db7df0113fb7b11746da0dc,2020-03-10,2020-03-12,DOGE-USDT,sell,7708099.96,0.00217481205,8.38183433780626,1.0879499999999834e-06,negative,"{'commission': 8.38183433780626, 'slippage': 8.386027351481872, 'impact': 0.0, 'funding': None, 'borrow': None, 'funding_status': 'not_modeled', 'borrow_status': 'not_modeled', 'modeled_total': 16.767861689288132}",Router,StateSwitch,False
qt_7db7df0113fb7b11746da0dc,2020-03-10,2020-03-13,DOGE-USDT,sell,1420025.2568052495,0.00149635145,1.0624284260285788,7.485499999998219e-07,negative,"{'commission': np.float64(1.0624284260285788), 'slippage': np.float64(1.0629599059813166), 'impact': np.float64(0.0), 'funding': None, 'borrow': None, 'funding_status': 'not_modeled', 'borrow_status': 'not_modeled', 'modeled_total': np.float64(2.125388332009895)}",Router,StateSwitch,False
qt_ae8015e08076f11b70e51f56,2020-03-12,2020-03-13,ETH-USDT,buy,592.4391059587664,107.723835,31.909906248924834,0.053834999999992306,positive,"{'commission': np.float64(31.909906248924834), 'slippage': np.float64(31.89395926928563), 'impact': np.float64(0.0), 'funding': None, 'borrow': None, 'funding_status': 'not_modeled', 'borrow_status': 'not_modeled', 'modeled_total': np.float64(63.803865518210465)}",VolatilityReversion,signal,False
qt_72b0339d4bd8e737d5065aea,2020-03-14,2020-03-15,ETH-USDT,sell,592.4391059587664,122.47873000000001,36.28059465008258,0.061269999999993274,negative,"{'commission': np.float64(36.28059465008258), 'slippage': np.float64(36.29874402208963), 'impact': np.float64(0.0), 'funding': None, 'borrow': None, 'funding_status': 'not_modeled', 'borrow_status': 'not_modeled', 'modeled_total': np.float64(72.57933867217221)}",Router,StateSwitch,False
qt_675bdee923befc6ba05a8ad0,2020-04-06,2020-04-07,ETH-USDT,short,1027.218710015112,171.23434,87.94755892254456,0.08565999999999008,negative,"{'commission': np.float64(87.94755892254456), 'slippage': np.float64(87.9915546998843), 'impact': np.float64(0.0), 'funding': None, 'borrow': None, 'funding_status': 'not_modeled', 'borrow_status': 'not_modeled', 'modeled_total': np.float64(175.93911362242886)}",VolatilityReversion,signal,False
qt_1f0c1a30f42f7bd24e268830,2020-04-06,2020-04-07,BNB-USDT,short,11510.377680397918,15.1854035,87.39486475711821,0.007596500000000006,negative,"{'commission': np.float64(87.39486475711821), 'slippage': np.float64(87.43858404914286), 'impact': np.float64(0.0), 'funding': None, 'borrow': None, 'funding_status': 'not_modeled', 'borrow_status': 'not_modeled', 'modeled_total': np.float64(174.83344880626106)}",VolatilityReversion,signal,False
qt_77dfc2ddc975886d8c2d549b,2020-04-06,2020-04-07,XRP-USDT,short,1003554.1151598172,0.19790100000000002,99.3021814721215,9.899999999998799e-05,negative,"{'commission': np.float64(99.3021814721215), 'slippage': np.float64(99.35185740080985), 'impact': np.float64(0.0), 'funding': None, 'borrow': None, 'funding_status': 'not_modeled', 'borrow_status': 'not_modeled', 'modeled_total': np.float64(198.65403887293135)}",VolatilityReversion,signal,False
qt_849f693ab702a933dedb391b,2020-04-06,2020-04-07,ADA-USDT,short,3381107.895,0.035892045,60.677438358597634,1.7955000000000054e-05,negative,"{'commission': 60.677438358597634, 'slippage': 60.707792254725184, 'impact': 0.0, 'funding': None, 'borrow': None, 'funding_status': 'not_modeled', 'borrow_status': 'not_modeled', 'modeled_total': 121.38523061332282}",VolatilityReversion,signal,False
qt_f1a7d81cf91e4b2d62e93b8c,2020-04-06,2020-04-07,LTC-USDT,short,3986.4139004196886,45.007485,89.70923191346533,0.02251499999999851,negative,"{'commission': np.float64(89.70923191346533), 'slippage': np.float64(89.75410896794334), 'impact': np.float64(0.0), 'funding': None, 'borrow': None, 'funding_status': 'not_modeled', 'borrow_status': 'not_modeled', 'modeled_total': np.float64(179.46334088140867)}",VolatilityReversion,signal,False
qt_849f693ab702a933dedb391b,2020-04-06,2020-04-08,ADA-USDT,short,1690471.5441166158,0.03526236,29.805008079197993,1.7639999999999323e-05,negative,"{'commission': np.float64(29.805008079197993), 'slippage': np.float64(29.819918038215956), 'impact': np.float64(0.0), 'funding': None, 'borrow': None, 'funding_status': 'not_modeled', 'borrow_status': 'not_modeled', 'modeled_total': np.float64(59.62492611741395)}",VolatilityReversion,signal,False
qt_60eedab629313edcc4e95d0d,2020-04-08,2020-04-09,XRP-USDT,cover,1003554.1151598172,0.20202095999999997,101.3694828782684,0.00010095999999998329,positive,"{'commission': np.float64(101.3694828782684), 'slippage': np.float64(101.31882346651837), 'impact': np.float64(0.0), 'funding': None, 'borrow': None, 'funding_status': 'not_modeled', 'borrow_status': 'not_modeled', 'modeled_total': np.float64(202.68830634478678)}",Router,StateSwitch,False
qt_b1587d6e9d91285cb1e19dfe,2020-04-10,2020-04-11,BNB-USDT,cover,11510.377680397918,13.723958549999999,78.98397309031309,0.0068585499999986865,positive,"{'commission': np.float64(78.98397309031309), 'slippage': np.float64(78.94450083987802), 'impact': np.float64(0.0), 'funding': None, 'borrow': None, 'funding_status': 'not_modeled', 'borrow_status': 'not_modeled', 'modeled_total': np.float64(157.9284739301911)}",Router,StateSwitch,False
qt_b885276d3766c40fe6e208d7,2020-04-11,2020-04-12,LTC-USDT,cover,3986.4139004196886,42.56126999999999,84.83341917375772,0.021269999999994127,positive,"{'commission': np.float64(84.83341917375772), 'slippage': np.float64(84.79102366190337), 'impact': np.float64(0.0), 'funding': None, 'borrow': None, 'funding_status': 'not_modeled', 'borrow_status': 'not_modeled', 'modeled_total': np.float64(169.62444283566109)}",Router,StateSwitch,False
qt_40f20ffeb6648c1dd197876e,2020-04-12,2020-04-13,ETH-USDT,cover,1027.218710015112,158.63927999999999,81.47861827966308,0.07927999999998292,positive,"{'commission': np.float64(81.47861827966308), 'slippage': np.float64(81.43789932998054), 'impact': np.float64(0.0), 'funding': None, 'borrow': None, 'funding_status': 'not_modeled', 'borrow_status': 'not_modeled', 'modeled_total': np.float64(162.91651760964362)}",Router,StateSwitch,False
qt_987238b88721c0bd83d9b36a,2020-04-12,2020-04-13,ADA-USDT,cover,2358597.536,0.033466724999999996,39.46726756149479,1.6724999999995216e-05,positive,"{'commission': 39.46726756149479, 'slippage': 39.447543789588714, 'impact': 0.0, 'funding': None, 'borrow': None, 'funding_status': 'not_modeled', 'borrow_status': 'not_modeled', 'modeled_total': 78.9148113510835}",Router,StateSwitch,False
qt_987238b88721c0bd83d9b36a,2020-04-12,2020-04-14,ADA-USDT,cover,1332692.605,0.033126555,22.07375743881289,1.655500000000143e-05,positive,"{'commission': 22.07375743881289, 'slippage': 22.062726075776904, 'impact': 0.0, 'funding': None, 'borrow': None, 'funding_status': 'not_modeled', 'borrow_status': 'not_modeled', 'modeled_total': 44.1364835145898}",Router,StateSwitch,False
qt_987238b88721c0bd83d9b36a,2020-04-12,2020-04-15,ADA-USDT,cover,1324551.656,0.033126555,21.93891664141254,1.655500000000143e-05,positive,"{'commission': 21.93891664141254, 'slippage': 21.927952665081893, 'impact': 0.0, 'funding': None, 'borrow': None, 'funding_status': 'not_modeled', 'borrow_status': 'not_modeled', 'modeled_total': 43.866869306494436}",Router,StateSwitch,False
qt_987238b88721c0bd83d9b36a,2020-04-12,2020-04-16,ADA-USDT,cover,55737.64211661555,0.031855919999999996,0.8877869341277678,1.591999999999566e-05,positive,"{'commission': np.float64(0.8877869341277678), 'slippage': np.float64(0.8873432624962776), 'impact': np.float64(0.0), 'funding': None, 'borrow': None, 'funding_status': 'not_modeled', 'borrow_status': 'not_modeled', 'modeled_total': np.float64(1.7751301966240454)}",Router,StateSwitch,False
qt_ea1b01e70b659d16d70d2a8d,2020-04-15,2020-04-16,ADA-USDT,cover,4.656612873077393e-10,0.031855919999999996,7.417034357786178e-15,1.591999999999566e-05,positive,"{'commission': np.float64(7.417034357786178e-15), 'slippage': np.float64(7.413327693937188e-15), 'impact': np.float64(0.0), 'funding': None, 'borrow': None, 'funding_status': 'not_modeled', 'borrow_status': 'not_modeled', 'modeled_total': np.float64(1.4830362051723366e-14)}",RangeMeanReversion,Target hit (Mid Band),False
qt_0aad8fa85e25ddaa0aa0114c,2020-04-29,2020-04-30,ETH-USDT,buy,436.1541022664154,215.5077,46.997283712499986,0.10769999999999413,positive,"{'commission': np.float64(46.997283712499986), 'slippage': np.float64(46.97379681409038), 'impact': np.float64(0.0), 'funding': None, 'borrow': None, 'funding_status': 'not_modeled', 'borrow_status': 'not_modeled', 'modeled_total': np.float64(93.97108052659036)}",TrendBreakout,signal,False
qt_cafc7d2e92b4dbcd0ed21eef,2020-05-07,2020-05-08,BTC-USDT,buy,8.90258810104148,9991.29315,44.474183755603626,4.993150000000242,positive,"{'commission': np.float64(44.474183755603626), 'slippage': np.float64(44.45195777671742), 'impact': np.float64(0.0), 'funding': None, 'borrow': None, 'funding_status': 'not_modeled', 'borrow_status': 'not_modeled', 'modeled_total': np.float64(88.92614153232105)}",TrendBreakout,signal,False
qt_81480b56aa49882bdd62b370,2020-05-10,2020-05-11,ETH-USDT,sell,436.1541022664154,187.52619,40.89515852544563,0.09380999999999062,negative,"{'commission': np.float64(40.89515852544563), 'slippage': np.float64(40.91561633360834), 'impact': np.float64(0.0), 'funding': None, 'borrow': None, 'funding_status': 'not_modeled', 'borrow_status': 'not_modeled', 'modeled_total': np.float64(81.81077485905396)}",Router,StateSwitch,False
qt_6e08dd034467bba0c3e9d451,2020-05-19,2020-05-20,ADA-USDT,buy,1467281.65853154,0.056778375,41.65493411936286,2.8374999999997152e-05,positive,"{'commission': np.float64(41.65493411936286), 'slippage': np.float64(41.634117060828274), 'impact': np.float64(0.0), 'funding': None, 'borrow': None, 'funding_status': 'not_modeled', 'borrow_status': 'not_modeled', 'modeled_total': np.float64(83.28905118019114)}",TrendBreakout,signal,False
qt_ed5b302a8a6d85652a532d78,2020-05-21,2020-05-22,BTC-USDT,sell,8.90258810104148,9062.976245,40.3419722393793,4.533755000000383,negative,"{'commission': np.float64(40.3419722393793), 'slippage': np.float64(40.362153316040725), 'impact': np.float64(0.0), 'funding': None, 'borrow': None, 'funding_status': 'not_modeled', 'borrow_status': 'not_modeled', 'modeled_total': np.float64(80.70412555542003)}",Router,StateSwitch,False
qt_c2d0e811cbf7fd7913d69023,2020-05-21,2020-05-22,ADA-USDT,sell,1467281.65853154,0.05207395,38.203575861144245,2.6049999999999685e-05,negative,"{'commission': np.float64(38.203575861144245), 'slippage': np.float64(38.22268720474616), 'impact': np.float64(0.0), 'funding': None, 'borrow': None, 'funding_status': 'not_modeled', 'borrow_status': 'not_modeled', 'modeled_total': np.float64(76.4262630658904)}",Router,StateSwitch,False
qt_e36d5f92576a1c9ac46e9e27,2020-06-04,2020-06-05,ADA-USDT,buy,546846.0178745933,0.08886440999999999,24.29757436963759,4.440999999999473e-05,positive,"{'commission': np.float64(24.29757436963759), 'slippage': np.float64(24.285431653807805), 'impact': np.float64(0.0), 'funding': None, 'borrow': None, 'funding_status': 'not_modeled', 'borrow_status': 'not_modeled', 'modeled_total': np.float64(48.58300602344539)}",TrendBreakout,signal,False
qt_818a5db495c26730820cbef0,2020-06-14,2020-06-15,ADA-USDT,sell,546846.0178745933,0.07640178,20.89000457576537,3.8219999999991594e-05,negative,"{'commission': np.float64(20.89000457576537), 'slippage': np.float64(20.900454803162358), 'impact': np.float64(0.0), 'funding': None, 'borrow': None, 'funding_status': 'not_modeled', 'borrow_status': 'not_modeled', 'modeled_total': np.float64(41.79045937892773)}",Router,StateSwitch,False
qt_0e4d3d9578d5709b4e956bfc,2020-07-09,2020-07-10,XRP-USDT,short,1520029.5794151102,0.202528685,153.92479594002268,0.00010131499999999072,negative,"{'commission': np.float64(153.92479594002268), 'slippage': np.float64(154.00179683842777), 'impact': np.float64(0.0), 'funding': None, 'borrow': None, 'funding_status': 'not_modeled', 'borrow_status': 'not_modeled', 'modeled_total': np.float64(307.9265927784504)}",VolatilityReversion,signal,False
qt_78e6e91ecebd07f7f71d86b6,2020-07-11,2020-07-12,BNB-USDT,short,17514.197058846028,17.61168975,154.22730241037937,0.008810249999999797,negative,"{'commission': np.float64(154.22730241037937), 'slippage': np.float64(154.30445463769468), 'impact': np.float64(0.0), 'funding': None, 'borrow': None, 'funding_status': 'not_modeled', 'borrow_status': 'not_modeled', 'modeled_total': np.float64(308.53175704807404)}",VolatilityReversion,signal,False
qt_35436b0d5b52788c9ee5c215,2020-07-12,2020-07-13,BNB-USDT,cover,17514.197058846028,18.312751799999997,160.36657185746864,0.009151799999997934,positive,"{'commission': np.float64(160.36657185746864), 'slippage': np.float64(160.2864286431109), 'impact': np.float64(0.0), 'funding': None, 'borrow': None, 'funding_status': 'not_modeled', 'borrow_status': 'not_modeled', 'modeled_total': np.float64(320.65300050057954)}",VolatilityReversion,hard_stop,False
qt_ec94c6f4608470cd3c98ca88,2020-07-13,2020-07-14,BNB-USDT,short,16622.967682586204,18.39149965,152.86065215812275,0.009200350000000412,negative,"{'commission': np.float64(152.86065215812275), 'slippage': np.float64(152.93712071848884), 'impact': np.float64(0.0), 'funding': None, 'borrow': None, 'funding_status': 'not_modeled', 'borrow_status': 'not_modeled', 'modeled_total': np.float64(305.7977728766116)}",VolatilityReversion,signal,False
qt_7213a12c7bc64aaeac5bd185,2020-07-18,2020-07-19,BNB-USDT,cover,16622.967682586204,17.1627771,142.64814453836527,0.008577100000000115,positive,"{'commission': np.float64(142.64814453836527), 'slippage': np.float64(142.57685611031204), 'impact': np.float64(0.0), 'funding': None, 'borrow': None, 'funding_status': 'not_modeled', 'borrow_status': 'not_modeled', 'modeled_total': np.float64(285.22500064867734)}",Router,StateSwitch,False
qt_b0748d860b127f790a3bc50b,2020-07-18,2020-07-19,XRP-USDT,cover,1179462.753,0.199989945,117.94034555100929,9.994499999999018e-05,positive,"{'commission': 117.94034555100929, 'slippage': 117.88140484857342, 'impact': 0.0, 'funding': None, 'borrow': None, 'funding_status': 'not_modeled', 'borrow_status': 'not_modeled', 'modeled_total': 235.8217503995827}",Router,StateSwitch,False
qt_b0748d860b127f790a3bc50b,2020-07-18,2020-07-20,XRP-USDT,cover,340566.82641511015,0.199709805,34.00726724641525,9.98049999999806e-05,positive,"{'commission': np.float64(34.00726724641525), 'slippage': np.float64(33.990272110353466), 'impact': np.float64(0.0), 'funding': None, 'borrow': None, 'funding_status': 'not_modeled', 'borrow_status': 'not_modeled', 'modeled_total': np.float64(67.99753935676873)}",Router,StateSwitch,False
qt_82ac542bc04c617d6deb3291,2020-07-24,2020-07-25,BNB-USDT,buy,7868.563412942545,19.197393899999998,75.52795563269319,0.009593899999998712,positive,"{'commission': np.float64(75.52795563269319), 'slippage': np.float64(75.49021052741935), 'impact': np.float64(0.0), 'funding': None, 'borrow': None, 'funding_status': 'not_modeled', 'borrow_status': 'not_modeled', 'modeled_total': np.float64(151.01816616011254)}",TrendBreakout,signal,False
qt_02f6245819b027825b74e2a2,2020-07-25,2020-07-26,ADA-USDT,buy,719861.9604811592,0.14375184,51.74074068258695,7.183999999998969e-05,positive,"{'commission': np.float64(51.74074068258695), 'slippage': np.float64(51.714883240959054), 'impact': np.float64(0.0), 'funding': None, 'borrow': None, 'funding_status': 'not_modeled', 'borrow_status': 'not_modeled', 'modeled_total': np.float64(103.455623923546)}",TrendBreakout,signal,False
qt_fa034b7c4a48a5d07e3d017c,2020-07-27,2020-07-28,BTC-USDT,short,28.241666970117503,11024.44502,155.6743523926052,5.514979999999923,negative,"{'commission': np.float64(155.6743523926052), 'slippage': np.float64(155.75222850685645), 'impact': np.float64(0.0), 'funding': None, 'borrow': None, 'funding_status': 'not_modeled', 'borrow_status': 'not_modeled', 'modeled_total': np.float64(311.42658089946167)}",RangeMeanReversion,signal,False
qt_3cde8b41e5ff95d1c0b7e2f5,2020-07-27,2020-07-28,ETH-USDT,buy,230.02839855650691,322.110975,37.047335868362524,0.16097500000000764,positive,"{'commission': np.float64(37.047335868362524), 'slippage': np.float64(37.02882145763546), 'impact': np.float64(0.0), 'funding': None, 'borrow': None, 'funding_status': 'not_modeled', 'borrow_status': 'not_modeled', 'modeled_total': np.float64(74.07615732599798)}",TrendBreakout,signal,False
qt_5085b17645d0aa61296a1d17,2020-07-28,2020-07-29,BTC-USDT,cover,28.241666970117503,10911.723135,154.08262542439826,5.453134999999747,positive,"{'commission': np.float64(154.08262542439826), 'slippage': np.float64(154.00562261308457), 'impact': np.float64(0.0), 'funding': None, 'borrow': None, 'funding_status': 'not_modeled', 'borrow_status': 'not_modeled', 'modeled_total': np.float64(308.0882480374828)}",Router,StateSwitch,False
qt_5b3ba281c32250f92c39fbad,2020-07-31,2020-08-01,XRP-USDT,buy,321710.76814601343,0.25950968999999996,41.7435308556169,0.00012968999999996011,positive,"{'commission': np.float64(41.7435308556169), 'slippage': np.float64(41.72266952084365), 'impact': np.float64(0.0), 'funding': None, 'borrow': None, 'funding_status': 'not_modeled', 'borrow_status': 'not_modeled', 'modeled_total': np.float64(83.46620037646056)}",TrendBreakout,signal,False
qt_a34bd94f72d3f67afa0e5283,2020-08-01,2020-08-02,BTC-USDT,buy,8.541481327326553,11807.070585,50.42493646610205,5.90058499999941,positive,"{'commission': np.float64(50.42493646610205), 'slippage': np.float64(50.3997365977981), 'impact': np.float64(0.0), 'funding': None, 'borrow': None, 'funding_status': 'not_modeled', 'borrow_status': 'not_modeled', 'modeled_total': np.float64(100.82467306390015)}",TrendBreakout,signal,False
qt_d4e23725e92b2aa760a5b8a4,2020-08-01,2020-08-02,LTC-USDT,buy,1175.9791123704658,61.680825,36.26768091688902,0.030825000000000102,positive,"{'commission': np.float64(36.26768091688902), 'slippage': np.float64(36.24955613881973), 'impact': np.float64(0.0), 'funding': None, 'borrow': None, 'funding_status': 'not_modeled', 'borrow_status': 'not_modeled', 'modeled_total': np.float64(72.51723705570875)}",TrendBreakout,signal,False
qt_238085e435bbfc41cc129d2e,2020-08-07,2020-08-08,ADA-USDT,sell,719861.9604811592,0.138840545,49.9730134589863,6.945499999999605e-05,negative,"{'commission': np.float64(49.9730134589863), 'slippage': np.float64(49.998012465216064), 'impact': np.float64(0.0), 'funding': None, 'borrow': None, 'funding_status': 'not_modeled', 'borrow_status': 'not_modeled', 'modeled_total': np.float64(99.97102592420237)}",Router,StateSwitch,False
qt_8aa80d192303c79fc44a8d81,2020-08-11,2020-08-12,LTC-USDT,sell,1175.9791123704658,54.082945,31.800206827740364,0.027054999999997165,negative,"{'commission': np.float64(31.800206827740364), 'slippage': np.float64(31.81611488517962), 'impact': np.float64(0.0), 'funding': None, 'borrow': None, 'funding_status': 'not_modeled', 'borrow_status': 'not_modeled', 'modeled_total': np.float64(63.616321712919984)}",Router,StateSwitch,False
qt_2dd1cd4140c3efa814e332c8,2020-08-13,2020-08-14,BNB-USDT,sell,7868.563412942545,21.76421245,85.62654289778932,0.010887549999999635,negative,"{'commission': np.float64(85.62654289778932), 'slippage': np.float64(85.66937758657974), 'impact': np.float64(0.0), 'funding': None, 'borrow': None, 'funding_status': 'not_modeled', 'borrow_status': 'not_modeled', 'modeled_total': np.float64(171.29592048436905)}",Router,StateSwitch,False
qt_e722cc783e70b2855aec3802,2020-08-19,2020-08-20,XRP-USDT,sell,321710.76814601343,0.289545155,46.57489711400326,0.00014484500000000455,negative,"{'commission': np.float64(46.57489711400326), 'slippage': np.float64(46.59819621211078), 'impact': np.float64(0.0), 'funding': None, 'borrow': None, 'funding_status': 'not_modeled', 'borrow_status': 'not_modeled', 'modeled_total': np.float64(93.17309332611404)}",Router,StateSwitch,False
qt_d534ce5aab64365ade33066e,2020-08-21,2020-08-22,BTC-USDT,sell,8.541481327326553,11525.464385,49.22226941662235,5.765615000000253,negative,"{'commission': np.float64(49.22226941662235), 'slippage': np.float64(49.24689286305604), 'impact': np.float64(0.0), 'funding': None, 'borrow': None, 'funding_status': 'not_modeled', 'borrow_status': 'not_modeled', 'modeled_total': np.float64(98.46916227967839)}",Router,StateSwitch,False
qt_d7e902f46c91735f884832c6,2020-08-21,2020-08-22,ETH-USDT,sell,230.02839855650691,387.736035,44.59514959684986,0.1939649999999915,negative,"{'commission': np.float64(44.59514959684986), 'slippage': np.float64(44.61745832601091), 'impact': np.float64(0.0), 'funding': None, 'borrow': None, 'funding_status': 'not_modeled', 'borrow_status': 'not_modeled', 'modeled_total': np.float64(89.21260792286077)}",Router,StateSwitch,False
qt_72137eab735e18079970e4cf,2020-08-25,2020-08-26,DOGE-USDT,buy,5730948.87,0.0032912448,9.430977833726688,1.6447999999997034e-06,positive,"{'commission': 9.430977833726688, 'slippage': 9.4262647013743, 'impact': 0.0, 'funding': None, 'borrow': None, 'funding_status': 'not_modeled', 'borrow_status': 'not_modeled', 'modeled_total': 18.857242535100987}",VolatilityReversion,signal,False
qt_aa0274c44070ec8b1397081e,2020-08-26,2020-08-27,DOGE-USDT,sell,5730948.87,0.0032899542000000004,9.427279652420879,1.6457999999996108e-06,negative,"{'commission': 9.427279652420879, 'slippage': 9.431995650243769, 'impact': 0.0, 'funding': None, 'borrow': None, 'funding_status': 'not_modeled', 'borrow_status': 'not_modeled', 'modeled_total': 18.85927530266465}",Router,StateSwitch,False
qt_4b9e0e373b2dd7f631838d30,2020-08-27,2020-08-28,XRP-USDT,buy,782968.1363185962,0.26491239,103.70898014300256,0.00013238999999998224,positive,"{'commission': np.float64(103.70898014300256), 'slippage': np.float64(103.65715156720505), 'impact': np.float64(0.0), 'funding': None, 'borrow': None, 'funding_status': 'not_modeled', 'borrow_status': 'not_modeled', 'modeled_total': np.float64(207.3661317102076)}",VolatilityReversion,signal,False
qt_76b6f840d15f94a2f819eac8,2020-08-31,2020-09-01,XRP-USDT,sell,782968.1363185962,0.28100942500000003,110.01071289010518,0.00014057499999997614,negative,"{'commission': np.float64(110.01071289010518), 'slippage': np.float64(110.06574576296798), 'impact': np.float64(0.0), 'funding': None, 'borrow': None, 'funding_status': 'not_modeled', 'borrow_status': 'not_modeled', 'modeled_total': np.float64(220.07645865307316)}",Router,StateSwitch,False
qt_ceda1df48070d1eac89f792d,2020-12-15,2020-12-16,XRP-USDT,buy,210631.98661910347,0.46816396499999996,49.305153005713215,0.00023396499999994713,positive,"{'commission': np.float64(49.305153005713215), 'slippage': np.float64(49.28051274932741), 'impact': np.float64(0.0), 'funding': None, 'borrow': None, 'funding_status': 'not_modeled', 'borrow_status': 'not_modeled', 'modeled_total': np.float64(98.58566575504062)}",VolatilityReversion,signal,False
qt_7f18a00333d18ec028a56165,2020-12-17,2020-12-18,XRP-USDT,sell,210631.98661910347,0.576561575,60.721154975244616,0.00028842499999992555,negative,"{'commission': np.float64(60.721154975244616), 'slippage': np.float64(60.751530740599236), 'impact': np.float64(0.0), 'funding': None, 'borrow': None, 'funding_status': 'not_modeled', 'borrow_status': 'not_modeled', 'modeled_total': np.float64(121.47268571584385)}",Router,StateSwitch,False
qt_3bbb7fcb42b098da23f593a6,2021-01-08,2021-01-09,AVAX-USDT,short,27759.199685003383,5.6970500500000005,79.07277497670425,0.002849949999999879,negative,"{'commission': np.float64(79.07277497670425), 'slippage': np.float64(79.11233114227203), 'impact': np.float64(0.0), 'funding': None, 'borrow': None, 'funding_status': 'not_modeled', 'borrow_status': 'not_modeled', 'modeled_total': np.float64(158.18510611897628)}",VolatilityReversion,signal,False
qt_59751138ea5b9eb4c835fc18,2021-01-09,2021-01-10,AVAX-USDT,cover,18659.1315,7.215105749999999,67.31380348782807,0.003605749999999297,positive,"{'commission': 67.31380348782807, 'slippage': 67.28016340611188, 'impact': 0.0, 'funding': None, 'borrow': None, 'funding_status': 'not_modeled', 'borrow_status': 'not_modeled', 'modeled_total': 134.59396689393995}",Router,StateSwitch,False
qt_59751138ea5b9eb4c835fc18,2021-01-09,2021-01-11,AVAX-USDT,cover,9100.068185003383,6.5442705,29.77665388555309,0.003270499999999288,positive,"{'commission': np.float64(29.77665388555309), 'slippage': np.float64(29.761772999047086), 'impact': np.float64(0.0), 'funding': None, 'borrow': None, 'funding_status': 'not_modeled', 'borrow_status': 'not_modeled', 'modeled_total': np.float64(59.53842688460017)}",Router,StateSwitch,False
qt_069fe291cdd7e65bbeee04aa,2021-05-17,2021-05-18,BNB-USDT,buy,243.0772950972384,512.31603,62.266197403677815,0.25603000000000975,positive,"{'commission': np.float64(62.266197403677815), 'slippage': np.float64(62.23507986374832), 'impact': np.float64(0.0), 'funding': None, 'borrow': None, 'funding_status': 'not_modeled', 'borrow_status': 'not_modeled', 'modeled_total': np.float64(124.50127726742613)}",VolatilityReversion,signal,False
qt_5257473939880e3da4132a46,2021-05-19,2021-05-20,BNB-USDT,sell,243.0772950972384,334.6326,40.670793629678066,0.16739999999998645,negative,"{'commission': np.float64(40.670793629678066), 'slippage': np.float64(40.69113919927441), 'impact': np.float64(0.0), 'funding': None, 'borrow': None, 'funding_status': 'not_modeled', 'borrow_status': 'not_modeled', 'modeled_total': np.float64(81.36193282895248)}",VolatilityReversion,hard_stop,False
qt_01dc393c6bb26d6add683c53,2021-05-19,2021-05-20,LTC-USDT,buy,288.0263979295892,186.403155,26.84451464868045,0.09315499999999588,positive,"{'commission': np.float64(26.84451464868045), 'slippage': np.float64(26.8310990991297), 'impact': np.float64(0.0), 'funding': None, 'borrow': None, 'funding_status': 'not_modeled', 'borrow_status': 'not_modeled', 'modeled_total': np.float64(53.67561374781015)}",VolatilityReversion,signal,False
qt_eb84415befd37663484ca37f,2021-05-20,2021-05-21,BNB-USDT,buy,190.13970707640271,391.565685,37.22609232353549,0.19568499999996902,positive,"{'commission': np.float64(37.22609232353549), 'slippage': np.float64(37.20748857923998), 'impact': np.float64(0.0), 'funding': None, 'borrow': None, 'funding_status': 'not_modeled', 'borrow_status': 'not_modeled', 'modeled_total': np.float64(74.43358090277547)}",VolatilityReversion,signal,False
qt_cdf7e35894917d089b9f8782,2021-05-21,2021-05-22,BNB-USDT,sell,190.13970707640271,326.066885,30.999131000607548,0.16311500000000478,negative,"{'commission': np.float64(30.999131000607548), 'slippage': np.float64(31.014638319768338), 'impact': np.float64(0.0), 'funding': None, 'borrow': None, 'funding_status': 'not_modeled', 'borrow_status': 'not_modeled', 'modeled_total': np.float64(62.013769320375886)}",VolatilityReversion,hard_stop,False
qt_fa8767d29c49c8b38cd28031,2021-05-22,2021-05-23,BNB-USDT,buy,171.11645997384605,299.899875,25.658902478299467,0.14987500000000864,positive,"{'commission': np.float64(25.658902478299467), 'slippage': np.float64(25.646079438581655), 'impact': np.float64(0.0), 'funding': None, 'borrow': None, 'funding_status': 'not_modeled', 'borrow_status': 'not_modeled', 'modeled_total': np.float64(51.30498191688112)}",VolatilityReversion,signal,False
qt_70205ca32e4c35bb6048ed43,2021-05-23,2021-05-24,ETH-USDT,buy,24.843448695730387,2097.678315,26.056781799424336,1.0483150000000023,positive,"{'commission': np.float64(26.056781799424336), 'slippage': np.float64(26.04375991946466), 'impact': np.float64(0.0), 'funding': None, 'borrow': None, 'funding_status': 'not_modeled', 'borrow_status': 'not_modeled', 'modeled_total': np.float64(52.10054171888899)}",VolatilityReversion,signal,False
qt_8457a117ef66fd0391ceaa7c,2021-05-27,2021-05-28,BNB-USDT,sell,171.11645997384605,369.645085,31.62617919596571,0.1849149999999895,negative,"{'commission': np.float64(31.62617919596571), 'slippage': np.float64(31.642000196061947), 'impact': np.float64(0.0), 'funding': None, 'borrow': None, 'funding_status': 'not_modeled', 'borrow_status': 'not_modeled', 'modeled_total': np.float64(63.26817939202766)}",Router,StateSwitch,False
qt_7909d4cf202570960f480126,2021-05-28,2021-05-29,LTC-USDT,sell,288.0263979295892,177.21135,25.520773406369855,0.08865000000000123,negative,"{'commission': np.float64(25.520773406369855), 'slippage': np.float64(25.533540176458438), 'impact': np.float64(0.0), 'funding': None, 'borrow': None, 'funding_status': 'not_modeled', 'borrow_status': 'not_modeled', 'modeled_total': np.float64(51.05431358282829)}",Router,StateSwitch,False
qt_bcdbd547b654ea375ec7da64,2021-06-03,2021-06-04,ETH-USDT,sell,24.843448695730387,2855.821375,35.47422590699136,1.428625000000011,negative,"{'commission': np.float64(35.47422590699136), 'slippage': np.float64(35.491971892938096), 'impact': np.float64(0.0), 'funding': None, 'borrow': None, 'funding_status': 'not_modeled', 'borrow_status': 'not_modeled', 'modeled_total': np.float64(70.96619779992946)}",VolatilityReversion,Volatility mean reversion complete,False
qt_3f2483ac72e6039fb2837b86,2021-07-29,2021-07-30,XRP-USDT,short,307418.15494895633,0.7484256,115.03980853428281,0.00037439999999999696,negative,"{'commission': np.float64(115.03980853428281), 'slippage': np.float64(115.09735721288831), 'impact': np.float64(0.0), 'funding': None, 'borrow': None, 'funding_status': 'not_modeled', 'borrow_status': 'not_modeled', 'modeled_total': np.float64(230.13716574717114)}",VolatilityReversion,signal,False
qt_177def6c7482458ad4ef0abb,2021-07-30,2021-07-31,BTC-USDT,short,7.027625916474174,42185.25682,148.23110206067548,21.103179999998247,negative,"{'commission': np.float64(148.23110206067548), 'slippage': np.float64(148.30525468800715), 'impact': np.float64(0.0), 'funding': None, 'borrow': None, 'funding_status': 'not_modeled', 'borrow_status': 'not_modeled', 'modeled_total': np.float64(296.53635674868264)}",VolatilityReversion,signal,False
qt_7bd8d8ff7f88d58723970f4f,2021-08-02,2021-08-03,BTC-USDT,cover,7.027625916474174,39166.43343,137.62352131426425,19.573429999996733,positive,"{'commission': np.float64(137.62352131426425), 'slippage': np.float64(137.55474394227014), 'impact': np.float64(0.0), 'funding': None, 'borrow': None, 'funding_status': 'not_modeled', 'borrow_status': 'not_modeled', 'modeled_total': np.float64(275.17826525653436)}",Router,StateSwitch,False
qt_530ef248b2006dd4bc6b8ac8,2021-08-05,2021-08-06,XRP-USDT,cover,307418.15494895633,0.73306635,112.67895238608293,0.00036634999999995976,positive,"{'commission': np.float64(112.67895238608293), 'slippage': np.float64(112.62264106553778), 'impact': np.float64(0.0), 'funding': None, 'borrow': None, 'funding_status': 'not_modeled', 'borrow_status': 'not_modeled', 'modeled_total': np.float64(225.3015934516207)}",Router,StateSwitch,False
qt_a8c8110ba5564706c3bd2471,2021-10-06,2021-10-07,BTC-USDT,short,5.085510572500531,55287.342500000006,140.582182404604,27.657499999993888,negative,"{'commission': np.float64(140.582182404604), 'slippage': np.float64(140.65250865890235), 'impact': np.float64(0.0), 'funding': None, 'borrow': None, 'funding_status': 'not_modeled', 'borrow_status': 'not_modeled', 'modeled_total': np.float64(281.2346910635064)}",VolatilityReversion,signal,False
qt_a421a0ca3d6119f294ec8b8a,2021-10-11,2021-10-12,BTC-USDT,cover,5.085510572500531,57500.085674999995,146.20864680994939,28.735674999996263,positive,"{'commission': np.float64(146.20864680994939), 'slippage': np.float64(146.13557902042018), 'impact': np.float64(0.0), 'funding': None, 'borrow': None, 'funding_status': 'not_modeled', 'borrow_status': 'not_modeled', 'modeled_total': np.float64(292.34422583036957)}",Router,StateSwitch,False
qt_63847fb9ca23f46efe1fc90d,2021-12-23,2021-12-24,XRP-USDT,short,173905.90626979625,0.99360295,86.39671074604652,0.0004970499999999989,negative,"{'commission': np.float64(86.39671074604652), 'slippage': np.float64(86.43993071140203), 'impact': np.float64(0.0), 'funding': None, 'borrow': None, 'funding_status': 'not_modeled', 'borrow_status': 'not_modeled', 'modeled_total': np.float64(172.83664145744854)}",VolatilityReversion,signal,False
qt_d8b7e9caa467d8c86e6d7e29,2021-12-27,2021-12-28,XRP-USDT,cover,173905.90626979625,0.9273634499999999,80.63699060686743,0.00046344999999992087,positive,"{'commission': np.float64(80.63699060686743), 'slippage': np.float64(80.59669226072332), 'impact': np.float64(0.0), 'funding': None, 'borrow': None, 'funding_status': 'not_modeled', 'borrow_status': 'not_modeled', 'modeled_total': np.float64(161.23368286759074)}",Router,StateSwitch,False
qt_8d4c82bc2f46f095273a6ced,2021-12-27,2021-12-28,ADA-USDT,short,137208.23435755065,1.5152420000000002,103.9518397222019,0.0007579999999998144,negative,"{'commission': np.float64(103.9518397222019), 'slippage': np.float64(104.00384164299793), 'impact': np.float64(0.0), 'funding': None, 'borrow': None, 'funding_status': 'not_modeled', 'borrow_status': 'not_modeled', 'modeled_total': np.float64(207.95568136519984)}",VolatilityReversion,signal,False
qt_b4832666168285d3ea775208,2021-12-30,2021-12-31,ADA-USDT,cover,137208.23435755065,1.3596795,93.27961174357864,0.000679499999999944,positive,"{'commission': np.float64(93.27961174357864), 'slippage': np.float64(93.23299524594799), 'impact': np.float64(0.0), 'funding': None, 'borrow': None, 'funding_status': 'not_modeled', 'borrow_status': 'not_modeled', 'modeled_total': np.float64(186.51260698952663)}",Router,StateSwitch,False
qt_3836b3cf0e11254107adb23e,2022-02-07,2022-02-08,BTC-USDT,short,6.178104087316579,43818.070005,135.35629869810725,21.91999499999656,negative,"{'commission': np.float64(135.35629869810725), 'slippage': np.float64(135.42401070343774), 'impact': np.float64(0.0), 'funding': None, 'borrow': None, 'funding_status': 'not_modeled', 'borrow_status': 'not_modeled', 'modeled_total': np.float64(270.78030940154497)}",VolatilityReversion,signal,False
qt_7c7be3645140454130c1dcac,2022-02-07,2022-02-08,XRP-USDT,short,283397.43408505566,0.8309843000000001,117.74940919248307,0.0004156999999999078,negative,"{'commission': np.float64(117.74940919248307), 'slippage': np.float64(117.80831334913151), 'impact': np.float64(0.0), 'funding': None, 'borrow': None, 'funding_status': 'not_modeled', 'borrow_status': 'not_modeled', 'modeled_total': np.float64(235.55772254161457)}",VolatilityReversion,signal,False
qt_7d14558634736fbac8253144,2022-02-07,2022-02-08,LTC-USDT,short,1472.2280915870351,137.33130000000003,101.09149885708332,0.06869999999997844,negative,"{'commission': np.float64(101.09149885708332), 'slippage': np.float64(101.14206989199758), 'impact': np.float64(0.0), 'funding': None, 'borrow': None, 'funding_status': 'not_modeled', 'borrow_status': 'not_modeled', 'modeled_total': np.float64(202.23356874908092)}",VolatilityReversion,signal,False
qt_4b53d2a7e7269d396184add3,2022-02-08,2022-02-09,XRP-USDT,cover,283397.43408505566,0.8767381499999999,124.2326710372393,0.000438149999999915,positive,"{'commission': np.float64(124.2326710372393), 'slippage': np.float64(124.17058574434304), 'impact': np.float64(0.0), 'funding': None, 'borrow': None, 'funding_status': 'not_modeled', 'borrow_status': 'not_modeled', 'modeled_total': np.float64(248.40325678158234)}",VolatilityReversion,hard_stop,False
qt_8699e34fed21c68839743996,2022-02-08,2022-02-09,AVAX-USDT,short,1714.4513604450926,86.306825,73.98442676847327,0.04317499999999086,negative,"{'commission': np.float64(73.98442676847327), 'slippage': np.float64(74.0214374872012), 'impact': np.float64(0.0), 'funding': None, 'borrow': None, 'funding_status': 'not_modeled', 'borrow_status': 'not_modeled', 'modeled_total': np.float64(148.00586425567445)}",VolatilityReversion,signal,False
qt_e88368452eb666b344508e4e,2022-02-09,2022-02-10,XRP-USDT,short,249436.91074087552,0.8694650500000001,108.43833803458045,0.000434949999999934,negative,"{'commission': np.float64(108.43833803458045), 'slippage': np.float64(108.49258432672734), 'impact': np.float64(0.0), 'funding': None, 'borrow': None, 'funding_status': 'not_modeled', 'borrow_status': 'not_modeled', 'modeled_total': np.float64(216.9309223613078)}",VolatilityReversion,signal,False
qt_1b0c424eb359d96b8150e6d8,2022-02-12,2022-02-13,AVAX-USDT,cover,1714.4513604450926,81.330645,69.71871748306343,0.04064499999999782,positive,"{'commission': np.float64(69.71871748306343), 'slippage': np.float64(69.68387554528705), 'impact': np.float64(0.0), 'funding': None, 'borrow': None, 'funding_status': 'not_modeled', 'borrow_status': 'not_modeled', 'modeled_total': np.float64(139.40259302835048)}",Router,StateSwitch,False
qt_95cf0a745418943ced517857,2022-02-13,2022-02-14,LTC-USDT,cover,1472.2280915870351,125.66279999999999,92.50215211374163,0.06279999999999575,positive,"{'commission': np.float64(92.50215211374163), 'slippage': np.float64(92.45592415165954), 'impact': np.float64(0.0), 'funding': None, 'borrow': None, 'funding_status': 'not_modeled', 'borrow_status': 'not_modeled', 'modeled_total': np.float64(184.9580762654012)}",Router,StateSwitch,False
qt_a1bea9efa75fb5383705468c,2022-02-17,2022-02-18,BTC-USDT,cover,6.178104087316579,40535.967854999995,125.21771434415446,20.257854999996198,positive,"{'commission': np.float64(125.21771434415446), 'slippage': np.float64(125.1551367757431), 'impact': np.float64(0.0), 'funding': None, 'borrow': None, 'funding_status': 'not_modeled', 'borrow_status': 'not_modeled', 'modeled_total': np.float64(250.37285111989758)}",Router,StateSwitch,False
qt_153acf504dca8f72c4a100e2,2022-02-20,2022-02-21,XRP-USDT,cover,249436.91074087552,0.77728845,96.94221486128174,0.00038844999999998464,positive,"{'commission': np.float64(96.94221486128174), 'slippage': np.float64(96.89376797728927), 'impact': np.float64(0.0), 'funding': None, 'borrow': None, 'funding_status': 'not_modeled', 'borrow_status': 'not_modeled', 'modeled_total': np.float64(193.835982838571)}",Router,StateSwitch,False
qt_8e76881196a17bf3737b0f20,2022-04-11,2022-04-12,ADA-USDT,buy,187846.48954229767,0.9194595,86.35861967565812,0.00045949999999994606,positive,"{'commission': np.float64(86.35861967565812), 'slippage': np.float64(86.31546194467565), 'impact': np.float64(0.0), 'funding': None, 'borrow': None, 'funding_status': 'not_modeled', 'borrow_status': 'not_modeled', 'modeled_total': np.float64(172.67408162033377)}",VolatilityReversion,signal,False
qt_c4f9c21b2c3f4789f349a916,2022-04-16,2022-04-17,ADA-USDT,sell,187846.48954229767,0.9495250000000001,89.18246899132511,0.0004749999999998922,negative,"{'commission': np.float64(89.18246899132511), 'slippage': np.float64(89.22708253257115), 'impact': np.float64(0.0), 'funding': None, 'borrow': None, 'funding_status': 'not_modeled', 'borrow_status': 'not_modeled', 'modeled_total': np.float64(178.40955152389625)}",Router,StateSwitch,False
qt_c5e0a7e1ec7dab99a8175dc3,2022-07-17,2022-07-18,ETH-USDT,short,165.7245350285737,1337.9806750000002,110.86811262079613,0.6693249999998443,negative,"{'commission': np.float64(110.86811262079613), 'slippage': np.float64(110.9235744079743), 'impact': np.float64(0.0), 'funding': None, 'borrow': None, 'funding_status': 'not_modeled', 'borrow_status': 'not_modeled', 'modeled_total': np.float64(221.7916870287704)}",VolatilityReversion,signal,False
qt_481494ba374bff12cc24b3af,2022-07-18,2022-07-19,ETH-USDT,cover,165.7245350285737,1581.820515,131.073234673517,0.7905149999999139,positive,"{'commission': np.float64(131.073234673517), 'slippage': np.float64(131.00773080809867), 'impact': np.float64(0.0), 'funding': None, 'borrow': None, 'funding_status': 'not_modeled', 'borrow_status': 'not_modeled', 'modeled_total': np.float64(262.08096548161564)}",VolatilityReversion,hard_stop,False
qt_648d3bf5a777758a22d9fc93,2022-07-19,2022-07-20,ETH-USDT,short,142.2775854524023,1541.558835,109.66463443830912,0.7711649999998826,negative,"{'commission': np.float64(109.66463443830912), 'slippage': np.float64(109.71949418538512), 'impact': np.float64(0.0), 'funding': None, 'borrow': None, 'funding_status': 'not_modeled', 'borrow_status': 'not_modeled', 'modeled_total': np.float64(219.38412862369424)}",VolatilityReversion,signal,False
qt_e825b4c83b7d4a862864234f,2022-07-28,2022-07-29,ETH-USDT,cover,142.2775854524023,1725.3822599999999,122.74161096760449,0.8622599999998783,positive,"{'commission': np.float64(122.74161096760449), 'slippage': np.float64(122.68027083217109), 'impact': np.float64(0.0), 'funding': None, 'borrow': None, 'funding_status': 'not_modeled', 'borrow_status': 'not_modeled', 'modeled_total': np.float64(245.42188179977558)}",Router,StateSwitch,False
qt_a105a6ca088fc23bd9262071,2022-08-20,2022-08-21,DOT-USDT,buy,21756.17379475644,7.233615,78.68789255217855,0.003614999999999924,positive,"{'commission': np.float64(78.68789255217855), 'slippage': np.float64(78.64856826804288), 'impact': np.float64(0.0), 'funding': None, 'borrow': None, 'funding_status': 'not_modeled', 'borrow_status': 'not_modeled', 'modeled_total': np.float64(157.33646082022142)}",VolatilityReversion,signal,False
qt_90c3c421fdb9e993d84cd6df,2022-09-02,2022-09-03,DOT-USDT,sell,21756.17379475644,7.29635,79.37032933368558,0.003649999999999487,negative,"{'commission': np.float64(79.37032933368558), 'slippage': np.float64(79.41003435084984), 'impact': np.float64(0.0), 'funding': None, 'borrow': None, 'funding_status': 'not_modeled', 'borrow_status': 'not_modeled', 'modeled_total': np.float64(158.78036368453542)}",Router,StateSwitch,False
qt_1074543ee6b9bfafe07a6268,2022-10-26,2022-10-27,ETH-USDT,short,207.30796877961907,1565.326945,162.25237472197827,0.7830549999998766,negative,"{'commission': np.float64(162.25237472197827), 'slippage': np.float64(162.33354149269903), 'impact': np.float64(0.0), 'funding': None, 'borrow': None, 'funding_status': 'not_modeled', 'borrow_status': 'not_modeled', 'modeled_total': np.float64(324.5859162146773)}",VolatilityReversion,signal,False
qt_be0328be35eaefb4cbc6bf10,2022-10-29,2022-10-30,ETH-USDT,cover,207.30796877961907,1620.359775,167.9567468237253,0.8097749999999451,positive,"{'commission': np.float64(167.9567468237253), 'slippage': np.float64(167.87281041850466), 'impact': np.float64(0.0), 'funding': None, 'borrow': None, 'funding_status': 'not_modeled', 'borrow_status': 'not_modeled', 'modeled_total': np.float64(335.82955724222995)}",VolatilityReversion,hard_stop,False
qt_3a87e5745e41d9e93b33dd65,2022-12-04,2022-12-05,AVAX-USDT,short,14320.4228,13.923035,99.69187392959901,0.006964999999999222,negative,"{'commission': 99.69187392959901, 'slippage': 99.74174480198886, 'impact': 0.0, 'funding': None, 'borrow': None, 'funding_status': 'not_modeled', 'borrow_status': 'not_modeled', 'modeled_total': 199.43361873158787}",VolatilityReversion,signal,False
qt_3a87e5745e41d9e93b33dd65,2022-12-04,2022-12-06,AVAX-USDT,short,5910.670938588184,13.593200000000001,40.17246610120846,0.006799999999998363,negative,"{'commission': np.float64(40.17246610120846), 'slippage': np.float64(40.19256238238997), 'impact': np.float64(0.0), 'funding': None, 'borrow': None, 'funding_status': 'not_modeled', 'borrow_status': 'not_modeled', 'modeled_total': np.float64(80.36502848359842)}",VolatilityReversion,signal,False
qt_a012c4e5aadacc888a8db1a9,2022-12-07,2022-12-08,AVAX-USDT,cover,8941.2436,13.286639999999998,59.39954243275199,0.006639999999999091,positive,"{'commission': 59.39954243275199, 'slippage': 59.369857503991874, 'impact': 0.0, 'funding': None, 'borrow': None, 'funding_status': 'not_modeled', 'borrow_status': 'not_modeled', 'modeled_total': 118.76939993674387}",Router,StateSwitch,False
qt_a012c4e5aadacc888a8db1a9,2022-12-07,2022-12-09,AVAX-USDT,cover,7263.2912,13.416704999999999,48.72471767974799,0.006704999999998407,positive,"{'commission': 48.72471767974799, 'slippage': 48.700367495988424, 'impact': 0.0, 'funding': None, 'borrow': None, 'funding_status': 'not_modeled', 'borrow_status': 'not_modeled', 'modeled_total': 97.42508517573641}",Router,StateSwitch,False
qt_a012c4e5aadacc888a8db1a9,2022-12-07,2022-12-10,AVAX-USDT,cover,4026.558938588185,13.46673,27.112291027526833,0.006729999999999237,positive,"{'commission': np.float64(27.112291027526833), 'slippage': np.float64(27.09874165669541), 'impact': np.float64(0.0), 'funding': None, 'borrow': None, 'funding_status': 'not_modeled', 'borrow_status': 'not_modeled', 'modeled_total': np.float64(54.211032684222246)}",Router,StateSwitch,False
qt_70524c956e578a2f701474c8,2022-12-15,2022-12-16,LTC-USDT,buy,3446.9587652846008,72.466215,124.89402749062421,0.036214999999998554,positive,"{'commission': np.float64(124.89402749062421), 'slippage': np.float64(124.83161168477683), 'impact': np.float64(0.0), 'funding': None, 'borrow': None, 'funding_status': 'not_modeled', 'borrow_status': 'not_modeled', 'modeled_total': np.float64(249.72563917540106)}",VolatilityReversion,signal,False
qt_3587e54227e073784d107d53,2022-12-16,2022-12-17,LTC-USDT,sell,3446.9587652846008,66.20688,114.10619266907285,0.03311999999999671,negative,"{'commission': np.float64(114.10619266907285), 'slippage': np.float64(114.16327430621463), 'impact': np.float64(0.0), 'funding': None, 'borrow': None, 'funding_status': 'not_modeled', 'borrow_status': 'not_modeled', 'modeled_total': np.float64(228.2694669752875)}",VolatilityReversion,hard_stop,False
qt_eb7828337419f93697925cec,2022-12-17,2022-12-18,LTC-USDT,buy,3266.9788160783855,64.922445,106.05012625150704,0.032444999999995616,positive,"{'commission': np.float64(106.05012625150704), 'slippage': np.float64(105.9971276876489), 'impact': np.float64(0.0), 'funding': None, 'borrow': None, 'funding_status': 'not_modeled', 'borrow_status': 'not_modeled', 'modeled_total': np.float64(212.04725393915595)}",VolatilityReversion,signal,False
qt_e7057c4c101ab6fff4491785,2022-12-20,2022-12-21,LTC-USDT,sell,3266.9788160783855,65.52722,107.03801980825396,0.032780000000002474,negative,"{'commission': np.float64(107.03801980825396), 'slippage': np.float64(107.09156559105756), 'impact': np.float64(0.0), 'funding': None, 'borrow': None, 'funding_status': 'not_modeled', 'borrow_status': 'not_modeled', 'modeled_total': np.float64(214.1295853993115)}",Router,StateSwitch,False
qt_2017711d1073e44e0fc29465,2023-01-06,2023-01-07,BNB-USDT,short,1151.5277,259.77004999999997,149.5662041026925,0.129950000000008,negative,"{'commission': 149.5662041026925, 'slippage': 149.64102461500923, 'impact': 0.0, 'funding': None, 'borrow': None, 'funding_status': 'not_modeled', 'borrow_status': 'not_modeled', 'modeled_total': 299.2072287177017}",VolatilityReversion,signal,False
qt_2017711d1073e44e0fc29465,2023-01-06,2023-01-08,BNB-USDT,short,71.33446126764625,261.16935,9.315187440935674,0.13065000000000282,negative,"{'commission': np.float64(9.315187440935674), 'slippage': np.float64(9.319847364618184), 'impact': np.float64(0.0), 'funding': None, 'borrow': None, 'funding_status': 'not_modeled', 'borrow_status': 'not_modeled', 'modeled_total': np.float64(18.635034805553857)}",VolatilityReversion,signal,False
qt_cfc8b48c5ed086d496a24e20,2023-01-08,2023-01-09,BNB-USDT,cover,1222.8621612676463,275.03745,168.16644526827108,0.13745000000000118,positive,"{'commission': np.float64(168.16644526827108), 'slippage': np.float64(168.08240406623943), 'impact': np.float64(0.0), 'funding': None, 'borrow': None, 'funding_status': 'not_modeled', 'borrow_status': 'not_modeled', 'modeled_total': np.float64(336.2488493345105)}",VolatilityReversion,hard_stop,False
qt_f6864526383fabb16772106a,2023-01-08,2023-01-09,ADA-USDT,short,1049944.8681506405,0.29735125,156.10120948783907,0.0001487499999999753,negative,"{'commission': np.float64(156.10120948783907), 'slippage': np.float64(156.17929913738183), 'impact': np.float64(0.0), 'funding': None, 'borrow': None, 'funding_status': 'not_modeled', 'borrow_status': 'not_modeled', 'modeled_total': np.float64(312.28050862522093)}",VolatilityReversion,signal,False
qt_bf39c63404d0596cb06a29c1,2023-01-08,2023-01-09,DOT-USDT,short,62576.6961,4.823587,150.92206890545535,0.0024129999999997764,negative,"{'commission': 150.92206890545535, 'slippage': 150.997567689286, 'impact': 0.0, 'funding': None, 'borrow': None, 'funding_status': 'not_modeled', 'borrow_status': 'not_modeled', 'modeled_total': 301.91963659474135}",VolatilityReversion,signal,False
qt_bf39c63404d0596cb06a29c1,2023-01-08,2023-01-10,DOT-USDT,short,2125.6668896395568,4.883557000000001,5.190407709283743,0.002442999999999529,negative,"{'commission': np.float64(5.190407709283743), 'slippage': np.float64(5.193004211388436), 'impact': np.float64(0.0), 'funding': None, 'borrow': None, 'funding_status': 'not_modeled', 'borrow_status': 'not_modeled', 'modeled_total': np.float64(10.383411920672179)}",VolatilityReversion,signal,False
qt_55d4a5246d08e46e2e773794,2023-01-09,2023-01-10,BNB-USDT,short,1117.9168553628808,272.4637,152.29588135226768,0.13630000000000564,negative,"{'commission': np.float64(152.29588135226768), 'slippage': np.float64(152.37206738596697), 'impact': np.float64(0.0), 'funding': None, 'borrow': None, 'funding_status': 'not_modeled', 'borrow_status': 'not_modeled', 'modeled_total': np.float64(304.66794873823466)}",VolatilityReversion,signal,False
qt_68447c4e5a47deff4a04cf5b,2023-01-09,2023-01-10,ADA-USDT,cover,1049944.8681506405,0.31695840000000003,166.394422748619,0.00015840000000000298,positive,"{'commission': np.float64(166.394422748619), 'slippage': np.float64(166.3112671150646), 'impact': np.float64(0.0), 'funding': None, 'borrow': None, 'funding_status': 'not_modeled', 'borrow_status': 'not_modeled', 'modeled_total': np.float64(332.7056898636836)}",VolatilityReversion,hard_stop,False
qt_4cdc90170605bfd0bc188af3,2023-01-09,2023-01-10,SOL-USDT,short,11083.620115536121,16.241875,90.00938623201162,0.008124999999999716,negative,"{'commission': np.float64(90.00938623201162), 'slippage': np.float64(90.05441343872783), 'impact': np.float64(0.0), 'funding': None, 'borrow': None, 'funding_status': 'not_modeled', 'borrow_status': 'not_modeled', 'modeled_total': np.float64(180.06379967073946)}",VolatilityReversion,signal,False
qt_091347de16f00388c34d89f5,2023-01-09,2023-01-10,DOT-USDT,cover,26623.315810360444,4.888443,65.07328090497292,0.002442999999999529,positive,"{'commission': np.float64(65.07328090497292), 'slippage': np.float64(65.04076052469802), 'impact': np.float64(0.0), 'funding': None, 'borrow': None, 'funding_status': 'not_modeled', 'borrow_status': 'not_modeled', 'modeled_total': np.float64(130.11404142967092)}",VolatilityReversion,hard_stop,False
qt_091347de16f00388c34d89f5,2023-01-09,2023-01-11,DOT-USDT,cover,35953.38028963956,4.92246,88.48953817026958,0.0024600000000001288,positive,"{'commission': np.float64(88.48953817026958), 'slippage': np.float64(88.44531551251794), 'impact': np.float64(0.0), 'funding': None, 'borrow': None, 'funding_status': 'not_modeled', 'borrow_status': 'not_modeled', 'modeled_total': np.float64(176.93485368278752)}",VolatilityReversion,hard_stop,False
qt_214c9c668984e28a790e82a4,2023-01-10,2023-01-11,ADA-USDT,short,939615.7280603006,0.3220389,151.29640774361917,0.0001610999999999696,negative,"{'commission': np.float64(151.29640774361917), 'slippage': np.float64(151.37209379048585), 'impact': np.float64(0.0), 'funding': None, 'borrow': None, 'funding_status': 'not_modeled', 'borrow_status': 'not_modeled', 'modeled_total': np.float64(302.668501534105)}",VolatilityReversion,signal,False
qt_68593a6897fc661d6ddb4941,2023-01-11,2023-01-12,BTC-USDT,short,16.67050979518407,17934.28837,149.48686497087039,8.971630000000005,negative,"{'commission': np.float64(149.48686497087039), 'slippage': np.float64(149.56164579376735), 'impact': np.float64(0.0), 'funding': None, 'borrow': None, 'funding_status': 'not_modeled', 'borrow_status': 'not_modeled', 'modeled_total': np.float64(299.04851076463774)}",RangeMeanReversion,signal,False
qt_db8df7637e5dbf5d17bad739,2023-01-11,2023-01-12,BNB-USDT,cover,1117.9168553628808,285.04245,159.32687967446557,0.14244999999999663,positive,"{'commission': np.float64(159.32687967446557), 'slippage': np.float64(159.24725604643862), 'impact': np.float64(0.0), 'funding': None, 'borrow': None, 'funding_status': 'not_modeled', 'borrow_status': 'not_modeled', 'modeled_total': np.float64(318.5741357209042)}",VolatilityReversion,hard_stop,False
qt_8790f41f49a9c171247f2c2e,2023-01-12,2023-01-13,BTC-USDT,cover,16.67050979518407,18856.043309999997,157.169927348885,9.42330999999831,positive,"{'commission': np.float64(157.169927348885), 'slippage': np.float64(157.0913816580278), 'impact': np.float64(0.0), 'funding': None, 'borrow': None, 'funding_status': 'not_modeled', 'borrow_status': 'not_modeled', 'modeled_total': np.float64(314.2613090069128)}",RangeMeanReversion,hard_stop,False
qt_317e37adad0e0f43da099543,2023-01-12,2023-01-13,BNB-USDT,short,1014.1957780889798,287.65610000000004,145.8698010807707,0.14389999999997372,negative,"{'commission': np.float64(145.8698010807707), 'slippage': np.float64(145.94277246697752), 'impact': np.float64(0.0), 'funding': None, 'borrow': None, 'funding_status': 'not_modeled', 'borrow_status': 'not_modeled', 'modeled_total': np.float64(291.81257354774823)}",VolatilityReversion,signal,False
qt_e1e9d265b987227305c32dd5,2023-01-12,2023-01-13,XRP-USDT,short,778506.2042588032,0.3746126,145.81911664676068,0.00018740000000000423,negative,"{'commission': np.float64(145.81911664676068), 'slippage': np.float64(145.892062678103), 'impact': np.float64(0.0), 'funding': None, 'borrow': None, 'funding_status': 'not_modeled', 'borrow_status': 'not_modeled', 'modeled_total': np.float64(291.7111793248637)}",VolatilityReversion,signal,False
qt_6c9176a17bc7150576524eb8,2023-01-13,2023-01-14,ADA-USDT,cover,939615.7280603006,0.34567275,162.39977633092812,0.0001727499999999993,positive,"{'commission': np.float64(162.39977633092812), 'slippage': np.float64(162.31861702241625), 'impact': np.float64(0.0), 'funding': None, 'borrow': None, 'funding_status': 'not_modeled', 'borrow_status': 'not_modeled', 'modeled_total': np.float64(324.71839335334437)}",VolatilityReversion,hard_stop,False
qt_af812bf11eec2b0e15ca354f,2023-01-13,2023-01-14,SOL-USDT,cover,11083.620115536121,18.299145,101.41038580955612,0.00914500000000018,positive,"{'commission': np.float64(101.41038580955612), 'slippage': np.float64(101.35970595657983), 'impact': np.float64(0.0), 'funding': None, 'borrow': None, 'funding_status': 'not_modeled', 'borrow_status': 'not_modeled', 'modeled_total': np.float64(202.77009176613595)}",VolatilityReversion,hard_stop,False
qt_e7cae70a43325a94a1e2ef1d,2023-01-14,2023-01-15,BNB-USDT,cover,1014.1957780889798,305.3526,154.8436588742465,0.15260000000000673,positive,"{'commission': np.float64(154.8436588742465), 'slippage': np.float64(154.76627573638513), 'impact': np.float64(0.0), 'funding': None, 'borrow': None, 'funding_status': 'not_modeled', 'borrow_status': 'not_modeled', 'modeled_total': np.float64(309.6099346106316)}",VolatilityReversion,hard_stop,False
qt_4e7009aee4e1c689c4a11365,2023-01-14,2023-01-15,XRP-USDT,cover,778506.2042588032,0.39549765,153.9486871473883,0.00019764999999999366,positive,"{'commission': np.float64(153.9486871473883), 'slippage': np.float64(153.8717512717475), 'impact': np.float64(0.0), 'funding': None, 'borrow': None, 'funding_status': 'not_modeled', 'borrow_status': 'not_modeled', 'modeled_total': np.float64(307.8204384191358)}",VolatilityReversion,hard_stop,False
qt_4ff74f5ea402c1731a8be63e,2023-01-19,2023-01-20,DOT-USDT,cover,2125.6668896395568,5.804900999999999,6.169642926667775,0.0029009999999995983,positive,"{'commission': np.float64(6.169642926667775), 'slippage': np.float64(6.1665596468435), 'impact': np.float64(0.0), 'funding': None, 'borrow': None, 'funding_status': 'not_modeled', 'borrow_status': 'not_modeled', 'modeled_total': np.float64(12.336202573511276)}",Router,StateSwitch,False
qt_daa3dd2831fe3a76fdef6348,2023-02-09,2023-02-10,SOL-USDT,buy,6118.247797748641,20.49024,62.682182877670556,0.010239999999999583,positive,"{'commission': np.float64(62.682182877670556), 'slippage': np.float64(62.650857448943526), 'impact': np.float64(0.0), 'funding': None, 'borrow': None, 'funding_status': 'not_modeled', 'borrow_status': 'not_modeled', 'modeled_total': np.float64(125.33304032661408)}",VolatilityReversion,signal,False
qt_55c1f0254bdd07355ea86030,2023-02-10,2023-02-11,BTC-USDT,buy,12.475557674662165,21636.002594999998,134.96059911153137,10.812594999999419,positive,"{'commission': np.float64(134.96059911153137), 'slippage': np.float64(134.8931525352565), 'impact': np.float64(0.0), 'funding': None, 'borrow': None, 'funding_status': 'not_modeled', 'borrow_status': 'not_modeled', 'modeled_total': np.float64(269.8537516467878)}",VolatilityReversion,signal,False
qt_f751fd5fea05f9c1d8248898,2023-02-13,2023-02-14,SOL-USDT,sell,6118.247797748641,20.759615,63.50623437792983,0.010384999999999422,negative,"{'commission': np.float64(63.50623437792983), 'slippage': np.float64(63.5380033796161), 'impact': np.float64(0.0), 'funding': None, 'borrow': None, 'funding_status': 'not_modeled', 'borrow_status': 'not_modeled', 'modeled_total': np.float64(127.04423775754593)}",Router,StateSwitch,False
qt_bebb25fb857332be3f9e5f5b,2023-02-15,2023-02-16,BTC-USDT,sell,12.475557674662165,24310.708565,151.64482340728048,12.161434999998164,negative,"{'commission': np.float64(151.64482340728048), 'slippage': np.float64(151.72068374913215), 'impact': np.float64(0.0), 'funding': None, 'borrow': None, 'funding_status': 'not_modeled', 'borrow_status': 'not_modeled', 'modeled_total': np.float64(303.3655071564126)}",Router,StateSwitch,False
qt_4322c37f628389e674869955,2023-04-16,2023-04-17,BNB-USDT,short,807.8347937956586,347.52615000000003,140.37185786192458,0.17384999999995898,negative,"{'commission': np.float64(140.37185786192458), 'slippage': np.float64(140.44207890134211), 'impact': np.float64(0.0), 'funding': None, 'borrow': None, 'funding_status': 'not_modeled', 'borrow_status': 'not_modeled', 'modeled_total': np.float64(280.8139367632667)}",RangeMeanReversion,signal,False
qt_fc373dd8df92c42cd9cc5417,2023-04-20,2023-04-21,BNB-USDT,cover,807.8347937956586,318.159,128.50995507961647,0.15899999999999181,positive,"{'commission': np.float64(128.50995507961647), 'slippage': np.float64(128.4457322135031), 'impact': np.float64(0.0), 'funding': None, 'borrow': None, 'funding_status': 'not_modeled', 'borrow_status': 'not_modeled', 'modeled_total': np.float64(256.9556872931196)}",RangeMeanReversion,Target hit (Mid Band),False
qt_79afa88d220159e54c9b5e33,2023-04-21,2023-04-22,XRP-USDT,buy,523373.11558125325,0.44932455,117.5821948203223,0.00022454999999999004,positive,"{'commission': np.float64(117.5821948203223), 'slippage': np.float64(117.5234331037652), 'impact': np.float64(0.0), 'funding': None, 'borrow': None, 'funding_status': 'not_modeled', 'borrow_status': 'not_modeled', 'modeled_total': np.float64(235.1056279240875)}",VolatilityReversion,signal,False
qt_fd16d8456a73292a123ef4b2,2023-04-29,2023-04-30,XRP-USDT,sell,523373.11558125325,0.47766105000000003,124.99747596515641,0.00023894999999996003,negative,"{'commission': np.float64(124.99747596515641), 'slippage': np.float64(125.06000596811954), 'impact': np.float64(0.0), 'funding': None, 'borrow': None, 'funding_status': 'not_modeled', 'borrow_status': 'not_modeled', 'modeled_total': np.float64(250.05748193327594)}",Router,StateSwitch,False
qt_f340afb4e66f7ae16c72f8ec,2023-06-05,2023-06-06,BNB-USDT,buy,1055.6050187883886,277.13849999999996,146.2743957497429,0.13849999999996498,positive,"{'commission': np.float64(146.2743957497429), 'slippage': np.float64(146.20129510215486), 'impact': np.float64(0.0), 'funding': None, 'borrow': None, 'funding_status': 'not_modeled', 'borrow_status': 'not_modeled', 'modeled_total': np.float64(292.47569085189775)}",RangeMeanReversion,signal,False
qt_10feae0b5c86a958224a30d9,2023-06-07,2023-06-08,BNB-USDT,sell,1055.6050187883886,259.17035000000004,136.79076109057164,0.12964999999996962,negative,"{'commission': np.float64(136.79076109057164), 'slippage': np.float64(136.8591906858825), 'impact': np.float64(0.0), 'funding': None, 'borrow': None, 'funding_status': 'not_modeled', 'borrow_status': 'not_modeled', 'modeled_total': np.float64(273.64995177645415)}",RangeMeanReversion,hard_stop,False
qt_5a9e970b3cf45d09ebe99ad1,2023-07-07,2023-07-08,SOL-USDT,short,9713.430956936927,21.499245000000002,104.41571596688574,0.010754999999999626,negative,"{'commission': np.float64(104.41571596688574), 'slippage': np.float64(104.46794994185302), 'impact': np.float64(0.0), 'funding': None, 'borrow': None, 'funding_status': 'not_modeled', 'borrow_status': 'not_modeled', 'modeled_total': np.float64(208.88366590873875)}",VolatilityReversion,signal,False
qt_a222cb50416e8e8baec9355c,2023-07-12,2023-07-13,SOL-USDT,cover,9713.430956936927,21.940965,106.5610243280348,0.010964999999998781,positive,"{'commission': np.float64(106.5610243280348), 'slippage': np.float64(106.50777044280157), 'impact': np.float64(0.0), 'funding': None, 'borrow': None, 'funding_status': 'not_modeled', 'borrow_status': 'not_modeled', 'modeled_total': np.float64(213.06879477083638)}",Router,StateSwitch,False
qt_0b70f3a77e331d255e35e3aa,2023-08-04,2023-08-05,XRP-USDT,buy,274068.2611823202,0.6359178,87.14244285044323,0.0003177999999999237,positive,"{'commission': np.float64(87.14244285044323), 'slippage': np.float64(87.09889340372044), 'impact': np.float64(0.0), 'funding': None, 'borrow': None, 'funding_status': 'not_modeled', 'borrow_status': 'not_modeled', 'modeled_total': np.float64(174.24133625416368)}",VolatilityReversion,signal,False
qt_caa416d36b4c508ba9fe7212,2023-08-12,2023-08-13,XRP-USDT,sell,274068.2611823202,0.6272862000000001,85.95961904883258,0.0003137999999999197,negative,"{'commission': np.float64(85.95961904883258), 'slippage': np.float64(86.00262035899007), 'impact': np.float64(0.0), 'funding': None, 'borrow': None, 'funding_status': 'not_modeled', 'borrow_status': 'not_modeled', 'modeled_total': np.float64(171.96223940782266)}",Router,StateSwitch,False
qt_80a5e31fc2b6a9b60d74053b,2023-08-17,2023-08-18,BTC-USDT,buy,10.68269716123979,26636.721705,142.2760156713689,13.311705000000075,positive,"{'commission': np.float64(142.2760156713689), 'slippage': np.float64(142.2049132147623), 'impact': np.float64(0.0), 'funding': None, 'borrow': None, 'funding_status': 'not_modeled', 'borrow_status': 'not_modeled', 'modeled_total': np.float64(284.4809288861312)}",RangeMeanReversion,signal,False
qt_1b49bc61cf2c3cac800089dc,2023-08-17,2023-08-18,ETH-USDT,buy,169.1415509039739,1682.330745,142.27601567136892,0.8407449999999699,positive,"{'commission': np.float64(142.27601567136892), 'slippage': np.float64(142.20491321475643), 'impact': np.float64(0.0), 'funding': None, 'borrow': None, 'funding_status': 'not_modeled', 'borrow_status': 'not_modeled', 'modeled_total': np.float64(284.48092888612535)}",RangeMeanReversion,signal,False
qt_5d2d858ea291414bc22bc020,2023-08-17,2023-08-18,BNB-USDT,buy,1304.0340505709448,218.20905,142.27601567136892,0.10904999999999632,positive,"{'commission': np.float64(142.27601567136892), 'slippage': np.float64(142.20491321475674), 'impact': np.float64(0.0), 'funding': None, 'borrow': None, 'funding_status': 'not_modeled', 'borrow_status': 'not_modeled', 'modeled_total': np.float64(284.48092888612564)}",RangeMeanReversion,signal,False
qt_e1869f996e171d5d1ce7d9d8,2023-08-18,2023-08-19,BTC-USDT,sell,10.68269716123979,26040.973,139.09391417151102,13.026999999998225,negative,"{'commission': np.float64(139.09391417151102), 'slippage': np.float64(139.16349591945178), 'impact': np.float64(0.0), 'funding': None, 'borrow': None, 'funding_status': 'not_modeled', 'borrow_status': 'not_modeled', 'modeled_total': np.float64(278.2574100909628)}",RangeMeanReversion,hard_stop,False
qt_4eac6df731824e1a160c26b9,2023-08-18,2023-08-19,ETH-USDT,sell,169.1415509039739,1660.7692,140.452539090776,0.8307999999999538,negative,"{'commission': np.float64(140.452539090776), 'slippage': np.float64(140.5228004910137), 'impact': np.float64(0.0), 'funding': None, 'borrow': None, 'funding_status': 'not_modeled', 'borrow_status': 'not_modeled', 'modeled_total': np.float64(280.97533958178974)}",Router,StateSwitch,False
qt_4f079227faf5e00b875b6678,2023-08-19,2023-08-20,BTC-USDT,buy,10.75261398295438,26113.060004999996,140.39182707374485,13.050004999997327,positive,"{'commission': np.float64(140.39182707374485), 'slippage': np.float64(140.32166624059582), 'impact': np.float64(0.0), 'funding': None, 'borrow': None, 'funding_status': 'not_modeled', 'borrow_status': 'not_modeled', 'modeled_total': np.float64(280.71349331434067)}",RangeMeanReversion,signal,False
qt_e620304fc1d5feec3bcdafdd,2023-08-21,2023-08-22,BTC-USDT,sell,10.75261398295438,26113.85654,140.39610949043436,13.063459999997576,negative,"{'commission': np.float64(140.39610949043436), 'slippage': np.float64(140.46634266173916), 'impact': np.float64(0.0), 'funding': None, 'borrow': None, 'funding_status': 'not_modeled', 'borrow_status': 'not_modeled', 'modeled_total': np.float64(280.86245215217355)}",Router,StateSwitch,False
qt_95c82cdaec8335dadc3f21ef,2023-08-21,2023-08-22,BNB-USDT,sell,1304.0340505709448,210.2948,137.11578992900337,0.10519999999999641,negative,"{'commission': np.float64(137.11578992900337), 'slippage': np.float64(137.1843821200587), 'impact': np.float64(0.0), 'funding': None, 'borrow': None, 'funding_status': 'not_modeled', 'borrow_status': 'not_modeled', 'modeled_total': np.float64(274.3001720490621)}",Router,StateSwitch,False
qt_101183d656acd1e005c0c542,2023-10-01,2023-10-02,ETH-USDT,short,160.32831549625405,1732.9331,138.91912239535077,0.8668999999999869,negative,"{'commission': np.float64(138.91912239535077), 'slippage': np.float64(138.98861670370053), 'impact': np.float64(0.0), 'funding': None, 'borrow': None, 'funding_status': 'not_modeled', 'borrow_status': 'not_modeled', 'modeled_total': np.float64(277.9077390990513)}",VolatilityReversion,signal,False
qt_0fb50380ebb59217a27c2a4e,2023-10-05,2023-10-06,ETH-USDT,cover,160.32831549625405,1612.595895,129.2723917107621,0.8058949999999641,positive,"{'commission': np.float64(129.2723917107621), 'slippage': np.float64(129.20778781684788), 'impact': np.float64(0.0), 'funding': None, 'borrow': None, 'funding_status': 'not_modeled', 'borrow_status': 'not_modeled', 'modeled_total': np.float64(258.48017952760995)}",Router,StateSwitch,False
qt_f21fab7f81e753ec40334dc7,2023-10-05,2023-10-06,AVAX-USDT,short,27984.295377598108,10.13493,141.80943737564021,0.005069999999999908,negative,"{'commission': np.float64(141.80943737564021), 'slippage': np.float64(141.88037756441983), 'impact': np.float64(0.0), 'funding': None, 'borrow': None, 'funding_status': 'not_modeled', 'borrow_status': 'not_modeled', 'modeled_total': np.float64(283.68981494006005)}",VolatilityReversion,signal,False
qt_d6a3575be8f6b4898dabc7d1,2023-10-06,2023-10-07,AVAX-USDT,cover,27984.295377598108,10.665329999999999,149.2308725097792,0.005329999999998947,positive,"{'commission': np.float64(149.2308725097792), 'slippage': np.float64(149.15629436256845), 'impact': np.float64(0.0), 'funding': None, 'borrow': None, 'funding_status': 'not_modeled', 'borrow_status': 'not_modeled', 'modeled_total': np.float64(298.3871668723476)}",VolatilityReversion,hard_stop,False
qt_0429d549069efcba3ea9ec94,2023-10-23,2023-10-24,ETH-USDT,short,158.11348764976566,1764.5872650000001,139.50252336575565,0.8827349999999115,negative,"{'commission': np.float64(139.50252336575565), 'slippage': np.float64(139.57230952050188), 'impact': np.float64(0.0), 'funding': None, 'borrow': None, 'funding_status': 'not_modeled', 'borrow_status': 'not_modeled', 'modeled_total': np.float64(279.0748328862575)}",RangeMeanReversion,signal,False
qt_b46ab87cc7d41a212036b548,2023-10-23,2023-10-24,BNB-USDT,short,1221.6325510116205,228.4857,139.56278428033792,0.11429999999998586,negative,"{'commission': np.float64(139.56278428033792), 'slippage': np.float64(139.63260058061095), 'impact': np.float64(0.0), 'funding': None, 'borrow': None, 'funding_status': 'not_modeled', 'borrow_status': 'not_modeled', 'modeled_total': np.float64(279.1953848609489)}",RangeMeanReversion,signal,False
qt_592558506925df3a6a2eff6b,2023-10-24,2023-10-25,ETH-USDT,cover,158.11348764976566,1785.87249,141.18526394583563,0.8924899999999525,positive,"{'commission': np.float64(141.18526394583563), 'slippage': np.float64(141.11470659253183), 'impact': np.float64(0.0), 'funding': None, 'borrow': None, 'funding_status': 'not_modeled', 'borrow_status': 'not_modeled', 'modeled_total': np.float64(282.29997053836746)}",Router,StateSwitch,False
qt_9e5cc1f5f771066b843fb550,2023-10-24,2023-10-25,BNB-USDT,cover,1221.6325510116205,225.31259999999997,137.6246031565304,0.11259999999998627,positive,"{'commission': np.float64(137.6246031565304), 'slippage': np.float64(137.5558252438917), 'impact': np.float64(0.0), 'funding': None, 'borrow': None, 'funding_status': 'not_modeled', 'borrow_status': 'not_modeled', 'modeled_total': np.float64(275.1804284004221)}",RangeMeanReversion,hard_stop,False
qt_fa3a7d07a73e118a1ca25a95,2023-11-01,2023-11-02,DOT-USDT,short,57607.29354469159,4.725636,136.11555011868109,0.0023640000000000327,negative,"{'commission': np.float64(136.11555011868109), 'slippage': np.float64(136.1836419396528), 'impact': np.float64(0.0), 'funding': None, 'borrow': None, 'funding_status': 'not_modeled', 'borrow_status': 'not_modeled', 'modeled_total': np.float64(272.2991920583339)}",VolatilityReversion,signal,False
qt_3c3cbaa1a9145f99655383a0,2023-11-02,2023-11-03,DOT-USDT,cover,49947.5205,4.632314999999999,115.68632421247874,0.002314999999999401,positive,"{'commission': 115.68632421247874, 'slippage': 115.62850995747007, 'impact': 0.0, 'funding': None, 'borrow': None, 'funding_status': 'not_modeled', 'borrow_status': 'not_modeled', 'modeled_total': 231.31483416994882}",Router,StateSwitch,False
qt_3c3cbaa1a9145f99655383a0,2023-11-02,2023-11-04,DOT-USDT,cover,7659.773044691588,4.613305499999999,17.668436557913722,0.0023054999999994052,positive,"{'commission': np.float64(17.668436557913722), 'slippage': np.float64(17.6596067545319), 'impact': np.float64(0.0), 'funding': None, 'borrow': None, 'funding_status': 'not_modeled', 'borrow_status': 'not_modeled', 'modeled_total': np.float64(35.32804331244562)}",Router,StateSwitch,False
qt_07b7412e0d74a9d4174f5b95,2024-01-07,2024-01-08,ADA-USDT,buy,265667.77633429563,0.49474724999999997,65.71920087750391,0.00024724999999997666,positive,"{'commission': np.float64(65.71920087750391), 'slippage': np.float64(65.6863576986484), 'impact': np.float64(0.0), 'funding': None, 'borrow': None, 'funding_status': 'not_modeled', 'borrow_status': 'not_modeled', 'modeled_total': np.float64(131.40555857615232)}",VolatilityReversion,signal,False
qt_2908293c086c41b90fe1a041,2024-01-11,2024-01-12,ADA-USDT,sell,265667.77633429563,0.581709,77.2706682518234,0.0002909999999999302,negative,"{'commission': np.float64(77.2706682518234), 'slippage': np.float64(77.30932291326148), 'impact': np.float64(0.0), 'funding': None, 'borrow': None, 'funding_status': 'not_modeled', 'borrow_status': 'not_modeled', 'modeled_total': np.float64(154.5799911650849)}",Router,StateSwitch,False
qt_9d05e4cec13e43207d1d3ea1,2024-02-15,2024-02-16,XRP-USDT,short,511548.4803469888,0.5619189000000001,143.7243796866258,0.0002810999999999231,negative,"{'commission': np.float64(143.7243796866258), 'slippage': np.float64(143.7962778254992), 'impact': np.float64(0.0), 'funding': None, 'borrow': None, 'funding_status': 'not_modeled', 'borrow_status': 'not_modeled', 'modeled_total': np.float64(287.520657512125)}",VolatilityReversion,signal,False
qt_57bb2cccb8b8cf554b955fb4,2024-02-19,2024-02-20,XRP-USDT,cover,511548.4803469888,0.5628812999999999,143.97053681536875,0.00028129999999992883,positive,"{'commission': np.float64(143.97053681536875), 'slippage': np.float64(143.89858752157156), 'impact': np.float64(0.0), 'funding': None, 'borrow': None, 'funding_status': 'not_modeled', 'borrow_status': 'not_modeled', 'modeled_total': np.float64(287.86912433694033)}",Router,StateSwitch,False
qt_fe14765f6b1e2f2d350462e3,2024-04-14,2024-04-15,LTC-USDT,buy,1370.8464823412382,79.75985999999999,54.669261756514814,0.03985999999999024,positive,"{'commission': np.float64(54.669261756514814), 'slippage': np.float64(54.64194078610837), 'impact': np.float64(0.0), 'funding': None, 'borrow': None, 'funding_status': 'not_modeled', 'borrow_status': 'not_modeled', 'modeled_total': np.float64(109.31120254262319)}",VolatilityReversion,signal,False
qt_7e404407af6ed687ffb6dbda,2024-04-21,2024-04-22,LTC-USDT,sell,1370.8464823412382,84.11792,57.65637736693085,0.04207999999999856,negative,"{'commission': np.float64(57.65637736693085), 'slippage': np.float64(57.68521997691734), 'impact': np.float64(0.0), 'funding': None, 'borrow': None, 'funding_status': 'not_modeled', 'borrow_status': 'not_modeled', 'modeled_total': np.float64(115.34159734384818)}",Router,StateSwitch,False
qt_498889026ee0fe8c8e9e47d3,2024-07-13,2024-07-14,ADA-USDT,short,516776.5933569917,0.4413792,114.04721967731716,0.00022079999999996547,negative,"{'commission': np.float64(114.04721967731716), 'slippage': np.float64(114.10427181320593), 'impact': np.float64(0.0), 'funding': None, 'borrow': None, 'funding_status': 'not_modeled', 'borrow_status': 'not_modeled', 'modeled_total': np.float64(228.15149149052309)}",VolatilityReversion,signal,False
qt_7039edb31d824e4bd5d62e8e,2024-07-14,2024-07-15,ADA-USDT,cover,516776.5933569917,0.43191584999999993,111.6020007899447,0.0002158499999999619,positive,"{'commission': np.float64(111.6020007899447), 'slippage': np.float64(111.54622767608697), 'impact': np.float64(0.0), 'funding': None, 'borrow': None, 'funding_status': 'not_modeled', 'borrow_status': 'not_modeled', 'modeled_total': np.float64(223.14822846603167)}",Router,StateSwitch,False
qt_2a7815de238a660ff484fa27,2024-07-16,2024-07-17,XRP-USDT,short,465543.43517379847,0.5789104,134.75396813691887,0.00028960000000000097,negative,"{'commission': np.float64(134.75396813691887), 'slippage': np.float64(134.82137882633248), 'impact': np.float64(0.0), 'funding': None, 'borrow': None, 'funding_status': 'not_modeled', 'borrow_status': 'not_modeled', 'modeled_total': np.float64(269.5753469632514)}",VolatilityReversion,signal,False
qt_e3ef638e71cc8bb461b3db6f,2024-07-17,2024-07-18,XRP-USDT,cover,465543.43517379847,0.626313,145.78795275700364,0.0003130000000000077,positive,"{'commission': np.float64(145.78795275700364), 'slippage': np.float64(145.7150952094025), 'impact': np.float64(0.0), 'funding': None, 'borrow': None, 'funding_status': 'not_modeled', 'borrow_status': 'not_modeled', 'modeled_total': np.float64(291.50304796640614)}",VolatilityReversion,hard_stop,False
qt_3e82b7d3b7d4aaf0ad3341e7,2024-07-20,2024-07-21,DOGE-USDT,short,1550376.969730961,0.13416288499999998,104.00152354833168,6.711500000000648e-05,negative,"{'commission': np.float64(104.00152354833168), 'slippage': np.float64(104.05355032350349), 'impact': np.float64(0.0), 'funding': None, 'borrow': None, 'funding_status': 'not_modeled', 'borrow_status': 'not_modeled', 'modeled_total': np.float64(208.05507387183516)}",VolatilityReversion,signal,False
qt_4c3b96f210057f6d3fa1bed0,2024-07-26,2024-07-27,DOGE-USDT,cover,1550376.969730961,0.134257095,104.07455405549086,6.709499999998925e-05,positive,"{'commission': np.float64(104.07455405549086), 'slippage': np.float64(104.02254278408215), 'impact': np.float64(0.0), 'funding': None, 'borrow': None, 'funding_status': 'not_modeled', 'borrow_status': 'not_modeled', 'modeled_total': np.float64(208.097096839573)}",Router,StateSwitch,False
qt_1d419ec844fcd71eb429d364,2024-08-04,2024-08-05,SOL-USDT,buy,1061.9121776856002,138.38915999999998,73.47856713184046,0.06915999999998235,positive,"{'commission': np.float64(73.47856713184046), 'slippage': np.float64(73.44184620871737), 'impact': np.float64(0.0), 'funding': None, 'borrow': None, 'funding_status': 'not_modeled', 'borrow_status': 'not_modeled', 'modeled_total': np.float64(146.92041334055784)}",VolatilityReversion,signal,False
qt_c217f7feafd5cb0b2d094d71,2024-08-05,2024-08-06,XRP-USDT,buy,284037.0759560619,0.48914444999999995,69.46757964906806,0.00024444999999995165,positive,"{'commission': np.float64(69.46757964906806), 'slippage': np.float64(69.4328632174456), 'impact': np.float64(0.0), 'funding': None, 'borrow': None, 'funding_status': 'not_modeled', 'borrow_status': 'not_modeled', 'modeled_total': np.float64(138.90044286651366)}",VolatilityReversion,signal,False
qt_b61b4c16b5ead93f7c17c3bc,2024-08-05,2024-08-06,SOL-USDT,sell,1061.9121776856002,129.72510499999999,68.87833437552156,0.06489500000000703,negative,"{'commission': np.float64(68.87833437552156), 'slippage': np.float64(68.9127907709145), 'impact': np.float64(0.0), 'funding': None, 'borrow': None, 'funding_status': 'not_modeled', 'borrow_status': 'not_modeled', 'modeled_total': np.float64(137.79112514643606)}",VolatilityReversion,hard_stop,False
qt_dd27c1a9b314469d2018aef4,2024-08-07,2024-08-08,XRP-USDT,sell,284037.0759560619,0.59999985,85.21110148403788,0.0003001499999999435,negative,"{'commission': np.float64(85.21110148403788), 'slippage': np.float64(85.25372834819593), 'impact': np.float64(0.0), 'funding': None, 'borrow': None, 'funding_status': 'not_modeled', 'borrow_status': 'not_modeled', 'modeled_total': np.float64(170.46482983223382)}",Router,StateSwitch,False
qt_5fec412c400b4ed0ffa768f7,2024-08-23,2024-08-24,ADA-USDT,short,573692.2676226911,0.39100440000000003,112.1581004432249,0.00019559999999996247,negative,"{'commission': np.float64(112.1581004432249), 'slippage': np.float64(112.21420754697685), 'impact': np.float64(0.0), 'funding': None, 'borrow': None, 'funding_status': 'not_modeled', 'borrow_status': 'not_modeled', 'modeled_total': np.float64(224.37230799020176)}",VolatilityReversion,signal,False
qt_9208fa2882ff9a34520fe6bd,2024-08-23,2024-08-24,AVAX-USDT,short,7772.493433032709,26.48675,102.93404521868956,0.013249999999999318,negative,"{'commission': np.float64(102.93404521868956), 'slippage': np.float64(102.98553798767809), 'impact': np.float64(0.0), 'funding': None, 'borrow': None, 'funding_status': 'not_modeled', 'borrow_status': 'not_modeled', 'modeled_total': np.float64(205.91958320636763)}",VolatilityReversion,signal,False
qt_007c339b9cb03819674a53fb,2024-08-27,2024-08-28,ADA-USDT,cover,573692.2676226911,0.35047514999999996,100.5324417744514,0.00017514999999995728,positive,"{'commission': np.float64(100.5324417744514), 'slippage': np.float64(100.48220067408984), 'impact': np.float64(0.0), 'funding': None, 'borrow': None, 'funding_status': 'not_modeled', 'borrow_status': 'not_modeled', 'modeled_total': np.float64(201.01464244854122)}",Router,StateSwitch,False
qt_23b8485c18fedc1d9658ea83,2024-08-28,2024-08-29,AVAX-USDT,cover,7772.493433032709,23.45172,91.13916984666092,0.011720000000000397,positive,"{'commission': np.float64(91.13916984666092), 'slippage': np.float64(91.09362303514644), 'impact': np.float64(0.0), 'funding': None, 'borrow': None, 'funding_status': 'not_modeled', 'borrow_status': 'not_modeled', 'modeled_total': np.float64(182.23279288180737)}",Router,StateSwitch,False
qt_d981cfe637db63ba81cd8ad5,2024-09-23,2024-09-24,ETH-USDT,short,113.0590205941807,2645.6565100000003,149.55766692460912,1.3234899999997651,negative,"{'commission': np.float64(149.55766692460912), 'slippage': np.float64(149.63248316616566), 'impact': np.float64(0.0), 'funding': None, 'borrow': None, 'funding_status': 'not_modeled', 'borrow_status': 'not_modeled', 'modeled_total': np.float64(299.19015009077475)}",VolatilityReversion,signal,False
qt_d35ac71092e38309238959f5,2024-09-28,2024-09-29,ETH-USDT,cover,113.0590205941807,2676.5476049999997,151.3039253975,1.3376049999997122,positive,"{'commission': np.float64(151.3039253975), 'slippage': np.float64(151.2283112418465), 'impact': np.float64(0.0), 'funding': None, 'borrow': None, 'funding_status': 'not_modeled', 'borrow_status': 'not_modeled', 'modeled_total': np.float64(302.5322366393465)}",Router,StateSwitch,False
qt_af882349da857e20461235f9,2024-10-29,2024-10-30,BTC-USDT,short,4.167030865095398,72700.04179500001,151.47165902674527,36.368204999991576,negative,"{'commission': np.float64(151.47165902674527), 'slippage': np.float64(151.54743274308169), 'impact': np.float64(0.0), 'funding': None, 'borrow': None, 'funding_status': 'not_modeled', 'borrow_status': 'not_modeled', 'modeled_total': np.float64(303.01909176982696)}",RangeMeanReversion,signal,False
qt_5a43beff32c7f03b6636b245,2024-11-04,2024-11-05,BTC-USDT,cover,4.167030865095398,67883.93500499999,141.43722620498247,33.92500499999733,positive,"{'commission': np.float64(141.43722620498247), 'slippage': np.float64(141.36654293350458), 'impact': np.float64(0.0), 'funding': None, 'borrow': None, 'funding_status': 'not_modeled', 'borrow_status': 'not_modeled', 'modeled_total': np.float64(282.80376913848704)}",RangeMeanReversion,Target hit (Mid Band),False
qt_d5ab2bd3a14376de6c2bb30c,2024-12-19,2024-12-20,DOGE-USDT,buy,353255.25204289565,0.31446715499999994,55.54358704936866,0.0001571549999999644,positive,"{'commission': np.float64(55.54358704936866), 'slippage': np.float64(55.51582913478869), 'impact': np.float64(0.0), 'funding': None, 'borrow': None, 'funding_status': 'not_modeled', 'borrow_status': 'not_modeled', 'modeled_total': np.float64(111.05941618415736)}",VolatilityReversion,signal,False
qt_ff1f15716d2be742084c675a,2024-12-19,2024-12-20,DOT-USDT,buy,12836.641150920872,6.9454709999999995,44.578259425563765,0.0034709999999993357,positive,"{'commission': np.float64(44.578259425563765), 'slippage': np.float64(44.55598143483782), 'impact': np.float64(0.0), 'funding': None, 'borrow': None, 'funding_status': 'not_modeled', 'borrow_status': 'not_modeled', 'modeled_total': np.float64(89.13424086040158)}",VolatilityReversion,signal,False
qt_587e785324ea3afb4efd4b3b,2024-12-21,2024-12-22,AVAX-USDT,buy,2563.9745371967483,37.43871,47.99594957274664,0.018709999999998672,positive,"{'commission': np.float64(47.99594957274664), 'slippage': np.float64(47.97196359094776), 'impact': np.float64(0.0), 'funding': None, 'borrow': None, 'funding_status': 'not_modeled', 'borrow_status': 'not_modeled', 'modeled_total': np.float64(95.96791316369439)}",VolatilityReversion,signal,False
qt_08d38666b9c5827796939549,2024-12-22,2024-12-23,SOL-USDT,buy,794.1515814837769,180.620265,71.71993454888444,0.09026499999998805,positive,"{'commission': np.float64(71.71993454888444), 'slippage': np.float64(71.68409250262363), 'impact': np.float64(0.0), 'funding': None, 'borrow': None, 'funding_status': 'not_modeled', 'borrow_status': 'not_modeled', 'modeled_total': np.float64(143.40402705150808)}",VolatilityReversion,signal,False
qt_1ea4c175ebc10a05baf4d4d3,2024-12-25,2024-12-26,SOL-USDT,sell,794.1515814837769,197.351275,78.36341357454488,0.09872500000000173,negative,"{'commission': np.float64(78.36341357454488), 'slippage': np.float64(78.40261488198725), 'impact': np.float64(0.0), 'funding': None, 'borrow': None, 'funding_status': 'not_modeled', 'borrow_status': 'not_modeled', 'modeled_total': np.float64(156.76602845653213)}",Router,StateSwitch,False
qt_8dc8ce537d4dbf3068ead116,2024-12-29,2024-12-30,AVAX-USDT,sell,2563.9745371967483,35.832075,45.936263957462096,0.017924999999998192,negative,"{'commission': np.float64(45.936263957462096), 'slippage': np.float64(45.95924357924708), 'impact': np.float64(0.0), 'funding': None, 'borrow': None, 'funding_status': 'not_modeled', 'borrow_status': 'not_modeled', 'modeled_total': np.float64(91.89550753670918)}",Router,StateSwitch,False
qt_155ea2211362db22df6e1933,2024-12-31,2025-01-01,DOGE-USDT,sell,353255.25204289565,0.315842,55.786422657866126,0.00015799999999999148,negative,"{'commission': np.float64(55.786422657866126), 'slippage': np.float64(55.8143298227745), 'impact': np.float64(0.0), 'funding': None, 'borrow': None, 'funding_status': 'not_modeled', 'borrow_status': 'not_modeled', 'modeled_total': np.float64(111.60075248064064)}",Router,StateSwitch,False
qt_ade335619a74e5ee8bf971fb,2025-01-03,2025-01-04,DOT-USDT,sell,12836.641150920872,7.7491235000000005,49.736358801833994,0.0038764999999996164,negative,"{'commission': np.float64(49.736358801833994), 'slippage': np.float64(49.761239421539834), 'impact': np.float64(0.0), 'funding': None, 'borrow': None, 'funding_status': 'not_modeled', 'borrow_status': 'not_modeled', 'modeled_total': np.float64(99.49759822337383)}",VolatilityReversion,Volatility mean reversion complete,False
qt_0c4115213026448fa14e3219,2025-05-09,2025-05-10,BNB-USDT,short,472.5924644711034,665.956855,157.36309566793767,0.33314499999994496,negative,"{'commission': np.float64(157.36309566793767), 'slippage': np.float64(157.44181657619973), 'impact': np.float64(0.0), 'funding': None, 'borrow': None, 'funding_status': 'not_modeled', 'borrow_status': 'not_modeled', 'modeled_total': np.float64(314.8049122441374)}",RangeMeanReversion,signal,False
qt_bd532136cfc43106dc86861e,2025-05-12,2025-05-13,BNB-USDT,cover,472.5924644711034,660.41004,156.05240418252998,0.33003999999993994,positive,"{'commission': np.float64(156.05240418252998), 'slippage': np.float64(155.9744169740146), 'impact': np.float64(0.0), 'funding': None, 'borrow': None, 'funding_status': 'not_modeled', 'borrow_status': 'not_modeled', 'modeled_total': np.float64(312.02682115654454)}",RangeMeanReversion,hard_stop,False
qt_e1d54f99c3b9deab765cfd28,2025-05-30,2025-05-31,DOGE-USDT,buy,757894.793781295,0.19367679,73.39331540863658,9.67899999999855e-05,positive,"{'commission': np.float64(73.39331540863658), 'slippage': np.float64(73.35663709008055), 'impact': np.float64(0.0), 'funding': None, 'borrow': None, 'funding_status': 'not_modeled', 'borrow_status': 'not_modeled', 'modeled_total': np.float64(146.74995249871714)}",VolatilityReversion,signal,False
qt_1422727cdf7e9a44ab1b1be8,2025-05-31,2025-06-01,SOL-USDT,buy,1395.491884209734,156.528225,109.21693381862761,0.07822500000000332,positive,"{'commission': np.float64(109.21693381862761), 'slippage': np.float64(109.16235264231108), 'impact': np.float64(0.0), 'funding': None, 'borrow': None, 'funding_status': 'not_modeled', 'borrow_status': 'not_modeled', 'modeled_total': np.float64(218.3792864609387)}",VolatilityReversion,signal,False
qt_bfafc49c262bebd3e42e4a4e,2025-06-02,2025-06-03,DOGE-USDT,sell,757894.793781295,0.194972465,73.88430807710287,9.753499999998194e-05,negative,"{'commission': np.float64(73.88430807710287), 'slippage': np.float64(73.92126871144492), 'impact': np.float64(0.0), 'funding': None, 'borrow': None, 'funding_status': 'not_modeled', 'borrow_status': 'not_modeled', 'modeled_total': np.float64(147.8055767885478)}",Router,StateSwitch,False
qt_679fe334a0ef819aa15d4154,2025-06-03,2025-06-04,SOL-USDT,sell,1395.491884209734,155.112405,108.22905115887669,0.0775950000000023,negative,"{'commission': np.float64(108.22905115887669), 'slippage': np.float64(108.28319275525753), 'impact': np.float64(0.0), 'funding': None, 'borrow': None, 'funding_status': 'not_modeled', 'borrow_status': 'not_modeled', 'modeled_total': np.float64(216.51224391413422)}",Router,StateSwitch,False
qt_fe9b1fc3cec807be20c2e886,2025-07-10,2025-07-11,BTC-USDT,short,2.716735387605778,115952.004995,157.50545761687923,58.00500499999907,negative,"{'commission': np.float64(157.50545761687923), 'slippage': np.float64(157.58424974174758), 'impact': np.float64(0.0), 'funding': None, 'borrow': None, 'funding_status': 'not_modeled', 'borrow_status': 'not_modeled', 'modeled_total': np.float64(315.0897073586268)}",RangeMeanReversion,signal,False
qt_3f7ca870fd923a45238c96e0,2025-07-11,2025-07-12,BTC-USDT,cover,2.716735387605778,117586.42383,159.72559936048617,58.76382999999623,positive,"{'commission': np.float64(159.72559936048617), 'slippage': np.float64(159.64577647223982), 'impact': np.float64(0.0), 'funding': None, 'borrow': None, 'funding_status': 'not_modeled', 'borrow_status': 'not_modeled', 'modeled_total': np.float64(319.371375832726)}",RangeMeanReversion,hard_stop,False
qt_720876187ad802b2f4902506,2025-07-12,2025-07-13,BTC-USDT,short,2.671957230065715,117361.29000000001,156.79217367266955,58.70999999999185,negative,"{'commission': np.float64(156.79217367266955), 'slippage': np.float64(156.87060897713636), 'impact': np.float64(0.0), 'funding': None, 'borrow': None, 'funding_status': 'not_modeled', 'borrow_status': 'not_modeled', 'modeled_total': np.float64(313.6627826498059)}",RangeMeanReversion,signal,False
qt_cddda4d26f785693cd12e331,2025-07-14,2025-07-15,BTC-USDT,cover,2.671957230065715,119901.090585,160.18529294067747,59.920584999999846,positive,"{'commission': np.float64(160.18529294067747), 'slippage': np.float64(160.1052403205168), 'impact': np.float64(0.0), 'funding': None, 'borrow': None, 'funding_status': 'not_modeled', 'borrow_status': 'not_modeled', 'modeled_total': np.float64(320.29053326119424)}",RangeMeanReversion,hard_stop,False
qt_3533c90536d822896132a996,2025-07-16,2025-07-17,BNB-USDT,short,439.7485967678391,708.2556950000001,155.72722401454033,0.3543049999999539,negative,"{'commission': np.float64(155.72722401454033), 'slippage': np.float64(155.80512657780898), 'impact': np.float64(0.0), 'funding': None, 'borrow': None, 'funding_status': 'not_modeled', 'borrow_status': 'not_modeled', 'modeled_total': np.float64(311.5323505923493)}",RangeMeanReversion,signal,False
qt_972d67ebbadfc12332ace6e1,2025-07-17,2025-07-18,BNB-USDT,cover,439.7485967678391,721.00032,158.52943949458148,0.36032000000000153,positive,"{'commission': np.float64(158.52943949458148), 'slippage': np.float64(158.45021438738846), 'impact': np.float64(0.0), 'funding': None, 'borrow': None, 'funding_status': 'not_modeled', 'borrow_status': 'not_modeled', 'modeled_total': np.float64(316.97965388196997)}",RangeMeanReversion,hard_stop,False
qt_8117344ddcd041df14707703,2025-07-17,2025-07-18,ADA-USDT,short,312881.2385190897,0.8211892000000001,128.46734697725026,0.00041079999999993344,negative,"{'commission': np.float64(128.46734697725026), 'slippage': np.float64(128.53161278362123), 'impact': np.float64(0.0), 'funding': None, 'borrow': None, 'funding_status': 'not_modeled', 'borrow_status': 'not_modeled', 'modeled_total': np.float64(256.99895976087146)}",VolatilityReversion,signal,False
qt_a23d78c2ee66e9c377bb34d8,2025-07-18,2025-07-19,ADA-USDT,cover,312881.2385190897,0.8163079499999999,127.70372120448955,0.00040794999999993475,positive,"{'commission': np.float64(127.70372120448955), 'slippage': np.float64(127.63990125384223), 'impact': np.float64(0.0), 'funding': None, 'borrow': None, 'funding_status': 'not_modeled', 'borrow_status': 'not_modeled', 'modeled_total': np.float64(255.34362245833177)}",VolatilityReversion,hard_stop,False
qt_c39f1bdd01acd62774e3648e,2025-07-18,2025-07-19,DOGE-USDT,short,986530.1519996705,0.23568210000000003,116.25374896830078,0.00011789999999997636,negative,"{'commission': np.float64(116.25374896830078), 'slippage': np.float64(116.31190492073783), 'impact': np.float64(0.0), 'funding': None, 'borrow': None, 'funding_status': 'not_modeled', 'borrow_status': 'not_modeled', 'modeled_total': np.float64(232.56565388903863)}",VolatilityReversion,signal,False
qt_bef898d53c217de42078d84f,2025-07-19,2025-07-20,DOGE-USDT,cover,986530.1519996705,0.24154071,119.14359667520418,0.0001207099999999961,positive,"{'commission': np.float64(119.14359667520418), 'slippage': np.float64(119.08405464787639), 'impact': np.float64(0.0), 'funding': None, 'borrow': None, 'funding_status': 'not_modeled', 'borrow_status': 'not_modeled', 'modeled_total': np.float64(238.22765132308058)}",Router,StateSwitch,False
qt_a8ea3c2c09c9ab7bf2f9f396,2025-09-25,2025-09-26,SOL-USDT,buy,1222.3815281998716,192.82636499999998,117.85369336296311,0.0963649999999916,positive,"{'commission': np.float64(117.85369336296311), 'slippage': np.float64(117.79479596497035), 'impact': np.float64(0.0), 'funding': None, 'borrow': None, 'funding_status': 'not_modeled', 'borrow_status': 'not_modeled', 'modeled_total': np.float64(235.64848932793348)}",VolatilityReversion,signal,False
qt_12364da50fe7a6f07a604f41,2025-10-01,2025-10-02,SOL-USDT,sell,1222.3815281998716,221.92898,135.64094286211935,0.11101999999999634,negative,"{'commission': np.float64(135.64094286211935), 'slippage': np.float64(135.70879726074529), 'impact': np.float64(0.0), 'funding': None, 'borrow': None, 'funding_status': 'not_modeled', 'borrow_status': 'not_modeled', 'modeled_total': np.float64(271.34974012286466)}",Router,StateSwitch,False
qt_7ef74329c387e2dc3896a7f0,2026-01-05,2026-01-06,ADA-USDT,short,616172.1856278607,0.42088945,129.6701861571041,0.00021054999999997603,negative,"{'commission': np.float64(129.6701861571041), 'slippage': np.float64(129.7350536839313), 'impact': np.float64(0.0), 'funding': None, 'borrow': None, 'funding_status': 'not_modeled', 'borrow_status': 'not_modeled', 'modeled_total': np.float64(259.4052398410354)}",VolatilityReversion,signal,False
qt_e2d6767ab5d48c39e4d0a072,2026-01-05,2026-01-06,DOGE-USDT,short,1934787.3896420687,0.15163414500000003,146.6899157925785,7.58549999999858e-05,negative,"{'commission': np.float64(146.6899157925785), 'slippage': np.float64(146.76329744127165), 'impact': np.float64(0.0), 'funding': None, 'borrow': None, 'funding_status': 'not_modeled', 'borrow_status': 'not_modeled', 'modeled_total': np.float64(293.45321323385014)}",VolatilityReversion,signal,False
qt_41012cd7f6a4bea8623f49de,2026-01-05,2026-01-06,DOT-USDT,short,88577.4856,2.2058965,97.69638273192021,0.001103499999999702,negative,"{'commission': 97.69638273192021, 'slippage': 97.7452553595736, 'impact': 0.0, 'funding': None, 'borrow': None, 'funding_status': 'not_modeled', 'borrow_status': 'not_modeled', 'modeled_total': 195.44163809149381}",VolatilityReversion,signal,False
qt_41012cd7f6a4bea8623f49de,2026-01-05,2026-01-07,DOT-USDT,short,32758.60332851585,2.232883,36.573064237993236,0.0011169999999998126,negative,"{'commission': np.float64(36.573064237993236), 'slippage': np.float64(36.591359917946065), 'impact': np.float64(0.0), 'funding': None, 'borrow': None, 'funding_status': 'not_modeled', 'borrow_status': 'not_modeled', 'modeled_total': np.float64(73.1644241559393)}",VolatilityReversion,signal,False
qt_8419783fa68014cf419928dd,2026-01-09,2026-01-10,ADA-USDT,cover,373906.357,0.3915957,73.21006080193246,0.00019569999999996535,positive,"{'commission': 73.21006080193246, 'slippage': 73.17347406488705, 'impact': 0.0, 'funding': None, 'borrow': None, 'funding_status': 'not_modeled', 'borrow_status': 'not_modeled', 'modeled_total': 146.3835348668195}",Router,StateSwitch,False
qt_8419783fa68014cf419928dd,2026-01-09,2026-01-11,ADA-USDT,cover,242265.8286278607,0.3887943,47.09578662764453,0.0001942999999999806,positive,"{'commission': np.float64(47.09578662764453), 'slippage': np.float64(47.072250502388634), 'impact': np.float64(0.0), 'funding': None, 'borrow': None, 'funding_status': 'not_modeled', 'borrow_status': 'not_modeled', 'modeled_total': np.float64(94.16803713003316)}",Router,StateSwitch,False
qt_9f2f88854c99320dd00e5d5d,2026-01-11,2026-01-12,DOGE-USDT,cover,1934787.3896420687,0.13807900499999998,133.57675882416206,6.900499999998311e-05,positive,"{'commission': np.float64(133.57675882416206), 'slippage': np.float64(133.51000382221827), 'impact': np.float64(0.0), 'funding': None, 'borrow': None, 'funding_status': 'not_modeled', 'borrow_status': 'not_modeled', 'modeled_total': np.float64(267.0867626463803)}",Router,StateSwitch,False
qt_e4856a09eb6ccd1d77cbaf9a,2026-01-17,2026-01-18,DOT-USDT,cover,51336.7279,2.179089,55.933649531441546,0.0010889999999998956,positive,"{'commission': 55.933649531441546, 'slippage': 55.90569668309464, 'impact': 0.0, 'funding': None, 'borrow': None, 'funding_status': 'not_modeled', 'borrow_status': 'not_modeled', 'modeled_total': 111.83934621453619}",Router,StateSwitch,False
qt_e4856a09eb6ccd1d77cbaf9a,2026-01-17,2026-01-19,DOT-USDT,cover,69999.36102851585,2.0660325,72.3104774320736,0.0010324999999999918,positive,"{'commission': np.float64(72.3104774320736), 'slippage': np.float64(72.27434026194204), 'impact': np.float64(0.0), 'funding': None, 'borrow': None, 'funding_status': 'not_modeled', 'borrow_status': 'not_modeled', 'modeled_total': np.float64(144.58481769401564)}",Router,StateSwitch,False
qt_5cfc33890c4889471a0bc532,2026-01-25,2026-01-26,SOL-USDT,buy,2444.146867446754,118.90942499999998,145.31604931182238,0.05942499999999029,positive,"{'commission': np.float64(145.31604931182238), 'slippage': np.float64(145.24342759799964), 'impact': np.float64(0.0), 'funding': None, 'borrow': None, 'funding_status': 'not_modeled', 'borrow_status': 'not_modeled', 'modeled_total': np.float64(290.559476909822)}",VolatilityReversion,signal,False
qt_487dc971c0a63ff1eaadec1a,2026-01-31,2026-02-01,SOL-USDT,sell,2444.146867446754,105.52721000000001,128.9619998759479,0.05278999999998746,negative,"{'commission': np.float64(128.9619998759479), 'slippage': np.float64(129.0265131324835), 'impact': np.float64(0.0), 'funding': None, 'borrow': None, 'funding_status': 'not_modeled', 'borrow_status': 'not_modeled', 'modeled_total': np.float64(257.98851300843137)}",Router,StateSwitch,False
qt_9488c060d43a0b59d7a9c80a,2026-03-04,2026-03-05,BNB-USDT,short,495.41314296370854,657.671,162.9094285730426,0.3289999999999509,negative,"{'commission': np.float64(162.9094285730426), 'slippage': np.float64(162.9909240350358), 'impact': np.float64(0.0), 'funding': None, 'borrow': None, 'funding_status': 'not_modeled', 'borrow_status': 'not_modeled', 'modeled_total': np.float64(325.9003526080784)}",VolatilityReversion,signal,False
qt_2378a97dc93387cbd468a03f,2026-03-07,2026-03-08,BNB-USDT,cover,495.41314296370854,620.5801349999999,153.72177757059626,0.31013499999994565,positive,"{'commission': np.float64(153.72177757059626), 'slippage': np.float64(153.64495509302282), 'impact': np.float64(0.0), 'funding': None, 'borrow': None, 'funding_status': 'not_modeled', 'borrow_status': 'not_modeled', 'modeled_total': np.float64(307.3667326636191)}",Router,StateSwitch,False
qt_b26ac389f3d689b9c08623eb,2026-03-16,2026-03-17,BTC-USDT,short,4.425398351530397,74847.227665,165.61439896265566,37.44233499999973,negative,"{'commission': np.float64(165.61439896265566), 'slippage': np.float64(165.6972475864477), 'impact': np.float64(0.0), 'funding': None, 'borrow': None, 'funding_status': 'not_modeled', 'borrow_status': 'not_modeled', 'modeled_total': np.float64(331.31164654910333)}",VolatilityReversion,signal,False
qt_381ea7fde99fcab80951663b,2026-03-16,2026-03-17,BNB-USDT,short,487.55277276029153,679.3601500000001,165.61196241767382,0.3398499999999558,negative,"{'commission': np.float64(165.61196241767382), 'slippage': np.float64(165.6948098225635), 'impact': np.float64(0.0), 'funding': None, 'borrow': None, 'funding_status': 'not_modeled', 'borrow_status': 'not_modeled', 'modeled_total': np.float64(331.30677224023736)}",VolatilityReversion,signal,False
qt_7e085d54aca38caefee8a1a0,2026-03-18,2026-03-19,BNB-USDT,cover,487.55277276029153,652.60614,159.0899665386955,0.3261400000000094,positive,"{'commission': np.float64(159.0899665386955), 'slippage': np.float64(159.01046130804608), 'impact': np.float64(0.0), 'funding': None, 'borrow': None, 'funding_status': 'not_modeled', 'borrow_status': 'not_modeled', 'modeled_total': np.float64(318.1004278467416)}",Router,StateSwitch,False
qt_65ac9757cea376e5c150b1f4,2026-03-19,2026-03-20,BTC-USDT,cover,4.425398351530397,69964.97500499999,154.8114425259962,34.965004999990924,positive,"{'commission': np.float64(154.8114425259962), 'slippage': np.float64(154.73407548821194), 'impact': np.float64(0.0), 'funding': None, 'borrow': None, 'funding_status': 'not_modeled', 'borrow_status': 'not_modeled', 'modeled_total': np.float64(309.54551801420814)}",Router,StateSwitch,False
qt_da821bf81bbe658f1cfdc8f6,2026-05-10,2026-05-11,LTC-USDT,short,3296.1712,60.389790000000005,99.52754328602401,0.03020999999999674,negative,"{'commission': 99.52754328602401, 'slippage': 99.57733195198927, 'impact': 0.0, 'funding': None, 'borrow': None, 'funding_status': 'not_modeled', 'borrow_status': 'not_modeled', 'modeled_total': 199.10487523801328}",RangeMeanReversion,signal,False
qt_da821bf81bbe658f1cfdc8f6,2026-05-10,2026-05-12,LTC-USDT,short,2356.582866207936,58.480745,68.90736083503772,0.029254999999999143,negative,"{'commission': np.float64(68.90736083503772), 'slippage': np.float64(68.94183175091115), 'impact': np.float64(0.0), 'funding': None, 'borrow': None, 'funding_status': 'not_modeled', 'borrow_status': 'not_modeled', 'modeled_total': np.float64(137.84919258594886)}",RangeMeanReversion,signal,False
qt_b87b0cca8b5022da7074ec7c,2026-05-12,2026-05-13,LTC-USDT,cover,3507.8077200000002,58.139055,101.97031298125232,0.02905499999999961,positive,"{'commission': 101.97031298125232, 'slippage': 101.91935330459863, 'impact': 0.0, 'funding': None, 'borrow': None, 'funding_status': 'not_modeled', 'borrow_status': 'not_modeled', 'modeled_total': 203.88966628585095}",Router,StateSwitch,False
qt_b87b0cca8b5022da7074ec7c,2026-05-12,2026-05-14,LTC-USDT,cover,2144.946346207936,57.028499999999994,61.16153635235964,0.028499999999993975,positive,"{'commission': np.float64(61.16153635235964), 'slippage': np.float64(61.13097086691326), 'impact': np.float64(0.0), 'funding': None, 'borrow': None, 'funding_status': 'not_modeled', 'borrow_status': 'not_modeled', 'modeled_total': np.float64(122.29250721927289)}",Router,StateSwitch,False
qt_c17654fa7836e87596ff053c,2026-06-03,2026-06-04,DOGE-USDT,buy,3329501.233151969,0.091435695,152.21762962830365,4.5694999999998376e-05,positive,"{'commission': np.float64(152.21762962830365), 'slippage': np.float64(152.1415588488738), 'impact': np.float64(0.0), 'funding': None, 'borrow': None, 'funding_status': 'not_modeled', 'borrow_status': 'not_modeled', 'modeled_total': np.float64(304.35918847717744)}",VolatilityReversion,signal,False
qt_03252b358792e6bb81aed6f9,2026-06-04,2026-06-05,DOGE-USDT,sell,3329501.233151969,0.088525715,147.37323862907988,4.428499999999114e-05,negative,"{'commission': np.float64(147.37323862907988), 'slippage': np.float64(147.44696211010543), 'impact': np.float64(0.0), 'funding': None, 'borrow': None, 'funding_status': 'not_modeled', 'borrow_status': 'not_modeled', 'modeled_total': np.float64(294.82020073918534)}",Router,StateSwitch,False
qt_27c0f397b90a3a016cde9b30,2026-07-05,2026-07-06,ADA-USDT,short,1433304.0933310825,0.18940525000000002,135.73766006169853,9.47499999999768e-05,negative,"{'commission': np.float64(135.73766006169853), 'slippage': np.float64(135.80556284308682), 'impact': np.float64(0.0), 'funding': None, 'borrow': None, 'funding_status': 'not_modeled', 'borrow_status': 'not_modeled', 'modeled_total': np.float64(271.54322290478535)}",VolatilityReversion,signal,False
qt_83fbdbd6f3d625defee89fae,2026-07-13,2026-07-14,ADA-USDT,cover,1209523.662,0.15757875,95.29761337669125,7.874999999998855e-05,positive,"{'commission': 95.29761337669125, 'slippage': 95.24998838248615, 'impact': 0.0, 'funding': None, 'borrow': None, 'funding_status': 'not_modeled', 'borrow_status': 'not_modeled', 'modeled_total': 190.54760175917738}",Router,StateSwitch,False
qt_83fbdbd6f3d625defee89fae,2026-07-13,2026-07-15,ADA-USDT,cover,223780.43133108248,0.1656828,18.538284224070736,8.279999999999399e-05,positive,"{'commission': np.float64(18.538284224070736), 'slippage': np.float64(18.529019714212286), 'impact': np.float64(0.0), 'funding': None, 'borrow': None, 'funding_status': 'not_modeled', 'borrow_status': 'not_modeled', 'modeled_total': np.float64(37.06730393828302)}",Router,StateSwitch,False
