timestamp,equity,cash
2017-08-17,10000.0,10000.0
2017-08-18,10000.0,10000.0
2017-08-19,10000.0,10000.0
2017-08-20,10000.0,10000.0
2017-08-21,10000.0,10000.0
2017-08-22,10000.0,10000.0
2017-08-23,10000.0,10000.0
2017-08-24,10000.0,10000.0
2017-08-25,10000.0,10000.0
2017-08-26,10000.0,10000.0
2017-08-27,10000.0,10000.0
2017-08-28,10000.0,10000.0
2017-08-29,10000.0,10000.0
2017-08-30,10000.0,10000.0
2017-08-31,10000.0,10000.0
2017-09-01,10000.0,10000.0
2017-09-02,10000.0,10000.0
2017-09-03,10000.0,10000.0
2017-09-04,10000.0,10000.0
2017-09-05,10000.0,10000.0
2017-09-06,10000.0,10000.0
2017-09-07,10000.0,10000.0
2017-09-08,10000.0,10000.0
2017-09-09,10000.0,10000.0
2017-09-10,10000.0,10000.0
2017-09-11,10000.0,10000.0
2017-09-12,10000.0,10000.0
2017-09-13,10000.0,10000.0
2017-09-14,10000.0,10000.0
2017-09-15,10000.0,10000.0
2017-09-16,10000.0,10000.0
2017-09-17,10000.0,10000.0
2017-09-18,10000.0,10000.0
2017-09-19,10000.0,10000.0
2017-09-20,10000.0,10000.0
2017-09-21,10000.0,10000.0
2017-09-22,10000.0,10000.0
2017-09-23,10000.0,10000.0
2017-09-24,10000.0,10000.0
2017-09-25,10000.0,10000.0
2017-09-26,10000.0,10000.0
2017-09-27,10000.0,10000.0
2017-09-28,10000.0,10000.0
2017-09-29,10000.0,10000.0
2017-09-30,10000.0,10000.0
2017-10-01,10000.0,10000.0
2017-10-02,10000.0,10000.0
2017-10-03,10000.0,10000.0
2017-10-04,10000.0,10000.0
2017-10-05,10000.0,10000.0
2017-10-06,10000.0,10000.0
2017-10-07,10000.0,10000.0
2017-10-08,10000.0,10000.0
2017-10-09,10000.0,10000.0
2017-10-10,10000.0,10000.0
2017-10-11,10000.0,10000.0
2017-10-12,10000.0,10000.0
2017-10-13,10000.0,10000.0
2017-10-14,10000.0,10000.0
2017-10-15,10000.0,10000.0
2017-10-16,10000.0,10000.0
2017-10-17,10000.0,10000.0
2017-10-18,10000.0,10000.0
2017-10-19,10000.0,10000.0
2017-10-20,10000.0,10000.0
2017-10-21,10000.787527879827,9094.381726853817
2017-10-22,9989.511934011825,9094.381726853817
2017-10-23,9984.383381710823,9094.381726853817
2017-10-24,9918.35458719893,9094.381726853817
2017-10-25,9950.392618821743,9094.381726853817
2017-10-26,9946.547531118083,9946.547531118083
2017-10-27,9946.547531118083,9946.547531118083
2017-10-28,9946.547531118083,9946.547531118083
2017-10-29,9946.547531118083,9946.547531118083
2017-10-30,9946.547531118083,9946.547531118083
2017-10-31,9946.547531118083,9946.547531118083
2017-11-01,9946.547531118083,9946.547531118083
2017-11-02,9946.547531118083,9946.547531118083
2017-11-03,9946.547531118083,9946.547531118083
2017-11-04,9946.547531118083,9946.547531118083
2017-11-05,9946.547531118083,9946.547531118083
2017-11-06,9946.547531118083,9946.547531118083
2017-11-07,9946.547531118083,9946.547531118083
2017-11-08,9946.547531118083,9946.547531118083
2017-11-09,9946.547531118083,9946.547531118083
2017-11-10,9946.547531118083,9946.547531118083
2017-11-11,9946.547531118083,9946.547531118083
2017-11-12,9946.547531118083,9946.547531118083
2017-11-13,9946.547531118083,9946.547531118083
2017-11-14,9946.547531118083,9946.547531118083
2017-11-15,9946.547531118083,9946.547531118083
2017-11-16,9946.547531118083,9946.547531118083
2017-11-17,9946.547531118083,9946.547531118083
2017-11-18,9946.547531118083,9946.547531118083
2017-11-19,9946.547531118083,9946.547531118083
2017-11-20,9957.313956975971,9355.166154547347
2017-11-21,9950.532095036539,9355.166154547347
2017-11-22,9956.868138827072,9355.166154547347
2017-11-23,9943.23475586244,9355.166154547347
2017-11-24,9951.887880821598,9355.166154547347
2017-11-25,9993.097462706999,9355.166154547347
2017-11-26,10024.481447231776,9355.166154547347
2017-11-27,10062.755815219074,9355.166154547347
2017-11-28,10080.852512447445,9355.166154547347
2017-11-29,10065.533379607286,9355.166154547347
2017-11-30,10076.611374004622,9355.166154547347
2017-12-01,10145.83270741021,9355.166154547347
2017-12-02,10153.67998673509,9355.166154547347
2017-12-03,10173.873789071773,9355.166154547347
2017-12-04,10204.200421999984,9355.166154547347
2017-12-05,10213.072056512385,9355.166154547347
2017-12-06,10348.728359892937,9355.166154547347
2017-12-07,10572.293696256156,9355.166154547347
2017-12-08,10519.572767134605,9355.166154547347
2017-12-09,10429.827667301864,9355.166154547347
2017-12-10,10447.7124542588,9355.166154547347
2017-12-11,10571.48491760774,9355.166154547347
2017-12-12,10554.034949996689,9355.166154547347
2017-12-13,10530.812810563037,9355.166154547347
2017-12-14,10552.93433644159,9355.166154547347
2017-12-15,10260.27371860063,10590.20503420612
2017-12-16,10357.546874849933,8956.837578753832
2017-12-17,9920.878033803365,10367.307681317383
2017-12-18,9918.771792604235,8536.130596848663
2017-12-19,9870.655588212263,9441.93673231457
2017-12-20,9927.322915913453,9441.93673231457
2017-12-21,9848.291704822821,9441.93673231457
2017-12-22,9964.099497116187,10578.371177964256
2017-12-23,9942.606827919693,10578.371177964256
2017-12-24,9781.423347986776,10578.371177964256
2017-12-25,9530.899559346119,10578.371177964256
2017-12-26,8940.784201765784,10578.371177964256
2017-12-27,8926.680923357453,8554.153001447303
2017-12-28,8984.55043516412,9473.051907403838
2017-12-29,9034.383647779394,9829.921601698661
2017-12-30,9136.203079339984,9829.921601698661
2017-12-31,9050.770483719081,9829.921601698661
2018-01-01,9058.077879901775,9829.921601698661
2018-01-02,9033.872130046606,9829.921601698661
2018-01-03,8980.071425651533,9829.921601698661
2018-01-04,8994.777560469201,9829.921601698661
2018-01-05,8994.673678182535,8994.673678182535
2018-01-06,8994.673678182535,8994.673678182535
2018-01-07,8994.673678182535,8994.673678182535
2018-01-08,8994.673678182535,8994.673678182535
2018-01-09,8994.673678182535,8994.673678182535
2018-01-10,8994.673678182535,8994.673678182535
2018-01-11,8994.673678182535,8994.673678182535
2018-01-12,8994.673678182535,8994.673678182535
2018-01-13,8994.673678182535,8994.673678182535
2018-01-14,8994.673678182535,8994.673678182535
2018-01-15,8994.673678182535,8994.673678182535
2018-01-16,8994.673678182535,8994.673678182535
2018-01-17,8994.673678182535,8994.673678182535
2018-01-18,8994.673678182535,8994.673678182535
2018-01-19,8994.673678182535,8994.673678182535
2018-01-20,8994.673678182535,8994.673678182535
2018-01-21,8994.673678182535,8994.673678182535
2018-01-22,8994.673678182535,8994.673678182535
2018-01-23,8994.673678182535,8994.673678182535
2018-01-24,8994.673678182535,8994.673678182535
2018-01-25,8994.673678182535,8994.673678182535
2018-01-26,8994.673678182535,8994.673678182535
2018-01-27,8994.673678182535,8994.673678182535
2018-01-28,8994.673678182535,8994.673678182535
2018-01-29,8994.673678182535,8994.673678182535
2018-01-30,8994.673678182535,8994.673678182535
2018-01-31,8994.673678182535,8994.673678182535
2018-02-01,8994.673678182535,8994.673678182535
2018-02-02,8994.673678182535,8994.673678182535
2018-02-03,9108.73706993052,8459.848695311575
2018-02-04,9055.263486470032,8459.848695311575
2018-02-05,8966.532150402363,8459.848695311575
2018-02-06,9006.28658196002,8694.245714349978
2018-02-07,8992.741488507096,8694.245714349978
2018-02-08,9007.37337632195,8694.245714349978
2018-02-09,9063.41188409825,8694.245714349978
2018-02-10,9067.859245833648,9356.3964320037
2018-02-11,9083.753509848626,9356.3964320037
2018-02-12,9055.382535970199,9356.3964320037
2018-02-13,9067.659088328928,9356.3964320037
2018-02-14,9036.888591121118,9356.3964320037
2018-02-15,9036.569341845356,9036.569341845356
2018-02-16,9036.569341845356,9036.569341845356
2018-02-17,9035.55737393856,10047.778335975807
2018-02-18,9099.220744971955,10047.778335975807
2018-02-19,9064.680924425245,10047.778335975807
2018-02-20,9033.293195470846,10047.778335975807
2018-02-21,9117.245381401215,10047.778335975807
2018-02-22,9192.673601335482,10047.778335975807
2018-02-23,9191.462762320778,9191.462762320778
2018-02-24,9191.462762320778,9191.462762320778
2018-02-25,9191.462762320778,9191.462762320778
2018-02-26,9191.462762320778,9191.462762320778
2018-02-27,9191.462762320778,9191.462762320778
2018-02-28,9191.462762320778,9191.462762320778
2018-03-01,9191.462762320778,9191.462762320778
2018-03-02,9191.462762320778,9191.462762320778
2018-03-03,9191.462762320778,9191.462762320778
2018-03-04,9191.462762320778,9191.462762320778
2018-03-05,9191.462762320778,9191.462762320778
2018-03-06,9191.462762320778,9191.462762320778
2018-03-07,9191.462762320778,9191.462762320778
2018-03-08,9191.462762320778,9191.462762320778
2018-03-09,9191.462762320778,9191.462762320778
2018-03-10,9191.462762320778,9191.462762320778
2018-03-11,9191.462762320778,9191.462762320778
2018-03-12,9191.462762320778,9191.462762320778
2018-03-13,9191.462762320778,9191.462762320778
2018-03-14,9191.462762320778,9191.462762320778
2018-03-15,9191.926500001246,9619.676415811202
2018-03-16,9198.797702433158,9619.676415811202
2018-03-17,9235.401960787212,9619.676415811202
2018-03-18,9242.392601298207,9619.676415811202
2018-03-19,9228.425371814932,9619.676415811202
2018-03-20,9228.341062582638,9619.676415811202
2018-03-21,9226.816470632,9619.676415811202
2018-03-22,9240.341076645735,9619.676415811202
2018-03-23,9238.156062375463,9619.676415811202
2018-03-24,9254.181842280568,9619.676415811202
2018-03-25,9251.708771466629,9619.676415811202
2018-03-26,9278.926601958683,9619.676415811202
2018-03-27,9304.570660114594,9619.676415811202
2018-03-28,9305.85637590707,9619.676415811202
2018-03-29,9349.8868724723,9619.676415811202
2018-03-30,9353.759605253566,10604.141816396323
2018-03-31,9352.244458936113,10604.141816396323
2018-04-01,9376.96342082755,10604.141816396323
2018-04-02,9337.47060213476,10604.141816396323
2018-04-03,9239.312610851312,10604.141816396323
2018-04-04,9368.595550985106,10604.141816396323
2018-04-05,9368.135563494616,10604.141816396323
2018-04-06,9408.694190840173,10604.141816396323
2018-04-07,9362.13868434077,10604.141816396323
2018-04-08,9334.675880646193,10604.141816396323
2018-04-09,9364.869029970389,10604.141816396323
2018-04-10,9349.35355108054,10604.141816396323
2018-04-11,9317.372452911746,10604.141816396323
2018-04-12,9195.508604524539,10301.801878371045
2018-04-13,9194.555910378105,9194.555910378105
2018-04-14,9194.555910378105,9194.555910378105
2018-04-15,9194.555910378105,9194.555910378105
2018-04-16,9333.560588294955,12936.409677277918
2018-04-17,9405.73143261391,12936.409677277918
2018-04-18,9259.875755208066,12936.409677277918
2018-04-19,9120.310056586668,10976.323058753009
2018-04-20,8960.399054974314,10976.323058753009
2018-04-21,8959.330953368526,8959.330953368526
2018-04-22,8959.330953368526,8959.330953368526
2018-04-23,8959.330953368526,8959.330953368526
2018-04-24,8959.330953368526,8959.330953368526
2018-04-25,9200.718467957748,11009.642909845104
2018-04-26,9095.24473884183,11009.642909845104
2018-04-27,9198.843934857347,11009.642909845104
2018-04-28,9108.86634603808,11009.642909845104
2018-04-29,9091.370703767665,11009.642909845104
2018-04-30,9155.479735801393,11009.642909845104
2018-05-01,9156.479486788274,11009.642909845104
2018-05-02,9154.750953947838,9154.750953947838
2018-05-03,9154.750953947838,9154.750953947838
2018-05-04,9160.892162057924,8383.709821258284
2018-05-05,9194.026655168773,8383.709821258284
2018-05-06,9136.523482032244,6886.151309145724
2018-05-07,9050.589777313276,6886.151309145724
2018-05-08,9020.216839934494,6886.151309145724
2018-05-09,9020.10428506986,8276.778257135498
2018-05-10,8991.201831067172,8276.778257135498
2018-05-11,8946.152368037321,8276.778257135498
2018-05-12,8945.483161269947,8945.483161269947
2018-05-13,8945.483161269947,8945.483161269947
2018-05-14,8945.483161269947,8945.483161269947
2018-05-15,8945.483161269947,8945.483161269947
2018-05-16,8945.483161269947,8945.483161269947
2018-05-17,8945.483161269947,8945.483161269947
2018-05-18,8945.483161269947,8945.483161269947
2018-05-19,8945.483161269947,8945.483161269947
2018-05-20,8945.483161269947,8945.483161269947
2018-05-21,8945.483161269947,8945.483161269947
2018-05-22,8945.483161269947,8945.483161269947
2018-05-23,8945.483161269947,8945.483161269947
2018-05-24,8945.483161269947,8945.483161269947
2018-05-25,8945.483161269947,8945.483161269947
2018-05-26,8945.483161269947,8945.483161269947
2018-05-27,8945.483161269947,8945.483161269947
2018-05-28,8945.483161269947,8945.483161269947
2018-05-29,8945.483161269947,8945.483161269947
2018-05-30,8945.483161269947,8945.483161269947
2018-05-31,8945.483161269947,8945.483161269947
2018-06-01,8945.483161269947,8945.483161269947
2018-06-02,8945.483161269947,8945.483161269947
2018-06-03,8945.483161269947,8945.483161269947
2018-06-04,8945.483161269947,8945.483161269947
2018-06-05,8945.483161269947,8945.483161269947
2018-06-06,8945.483161269947,8945.483161269947
2018-06-07,8945.483161269947,8945.483161269947
2018-06-08,8945.483161269947,8945.483161269947
2018-06-09,8945.483161269947,8945.483161269947
2018-06-10,8945.483161269947,8945.483161269947
2018-06-11,8945.483161269947,8945.483161269947
2018-06-12,8945.483161269947,8945.483161269947
2018-06-13,8909.909083397191,7858.558690515345
2018-06-14,8901.366580659322,9160.427174820426
2018-06-15,8903.556990248173,9160.427174820426
2018-06-16,8880.44945939635,10231.145825770145
2018-06-17,8884.084374144193,10231.145825770145
2018-06-18,8828.547276443087,10231.145825770145
2018-06-19,8801.852415191364,10231.145825770145
2018-06-20,8801.15089378791,10231.145825770145
2018-06-21,8818.22207253784,10231.145825770145
2018-06-22,8973.079509006377,10231.145825770145
2018-06-23,8959.873275886106,11239.328202256202
2018-06-24,9021.366089944913,11239.328202256202
2018-06-25,8979.083485286556,11239.328202256202
2018-06-26,9107.049238434902,11239.328202256202
2018-06-27,9049.69499104121,11239.328202256202
2018-06-28,9180.156892089937,11239.328202256202
2018-06-29,9067.611037090375,11239.328202256202
2018-06-30,8957.726499385768,11239.328202256202
2018-07-01,8953.167172602223,11239.328202256202
2018-07-02,8814.904804575866,11239.328202256202
2018-07-03,8831.61449352194,9802.118643492433
2018-07-04,8824.18446870783,9802.118643492433
2018-07-05,8833.556798287951,9802.118643492433
2018-07-06,8831.707926660682,9802.118643492433
2018-07-07,8805.543846926486,9802.118643492433
2018-07-08,8818.082154779726,9237.267721387967
2018-07-09,8827.055234288733,9237.267721387967
2018-07-10,8850.762518218777,9237.267721387967
2018-07-11,8838.6794509254,9237.267721387967
2018-07-12,8845.766144401263,9237.267721387967
2018-07-13,8847.091712965093,9237.267721387967
2018-07-14,8848.876132185635,9237.267721387967
2018-07-15,8836.844048298557,9237.267721387967
2018-07-16,8811.607262179477,9237.267721387967
2018-07-17,8810.3649448659,8810.3649448659
2018-07-18,8810.3649448659,8810.3649448659
2018-07-19,8797.847908396172,10335.75697604214
2018-07-20,9015.96052919926,12973.40850727167
2018-07-21,8977.568874753446,12973.40850727167
2018-07-22,8929.18394845098,12973.40850727167
2018-07-23,8855.542387902311,12973.40850727167
2018-07-24,8538.204458358,12973.40850727167
2018-07-25,8541.491367195531,10001.959683592875
2018-07-26,8615.465883945033,10001.959683592875
2018-07-27,8599.402846022285,10001.959683592875
2018-07-28,8598.338446018694,8598.338446018694
2018-07-29,8598.338446018694,8598.338446018694
2018-07-30,8598.338446018694,8598.338446018694
2018-07-31,8598.338446018694,8598.338446018694
2018-08-01,8598.338446018694,8598.338446018694
2018-08-02,8598.338446018694,8598.338446018694
2018-08-03,8598.338446018694,8598.338446018694
2018-08-04,8598.338446018694,8598.338446018694
2018-08-05,8598.338446018694,8598.338446018694
2018-08-06,8598.338446018694,8598.338446018694
2018-08-07,8598.338446018694,8598.338446018694
2018-08-08,8598.338446018694,8598.338446018694
2018-08-09,8668.103775268162,6771.824517768531
2018-08-10,8556.071594760335,6771.824517768531
2018-08-11,8600.623319285445,7223.932281211905
2018-08-12,8622.415514692564,7223.932281211905
2018-08-13,8650.888630107595,7223.932281211905
2018-08-14,8679.394865335675,7996.647840423438
2018-08-15,8689.3518073467,8390.18455239643
2018-08-16,8671.031944494462,8390.18455239643
2018-08-17,8509.86274005219,8390.18455239643
2018-08-18,8615.616277232844,8390.18455239643
2018-08-19,8572.775093046866,10243.421137038604
2018-08-20,8718.17819742906,10243.421137038604
2018-08-21,8648.543884501578,10243.421137038604
2018-08-22,8712.327459617154,10243.421137038604
2018-08-23,8668.151381310658,10243.421137038604
2018-08-24,8649.715378704966,10243.421137038604
2018-08-25,8652.031525048757,10243.421137038604
2018-08-26,8667.37576040793,9913.35199288485
2018-08-27,8586.113159156845,9913.35199288485
2018-08-28,8549.735504610111,9472.298577125988
2018-08-29,8548.812710896827,8548.812710896827
2018-08-30,8548.812710896827,8548.812710896827
2018-08-31,8548.812710896827,8548.812710896827
2018-09-01,8548.812710896827,8548.812710896827
2018-09-02,8548.812710896827,8548.812710896827
2018-09-03,8548.812710896827,8548.812710896827
2018-09-04,8548.812710896827,8548.812710896827
2018-09-05,8548.812710896827,8548.812710896827
2018-09-06,8548.812710896827,8548.812710896827
2018-09-07,8548.812710896827,8548.812710896827
2018-09-08,8548.812710896827,8548.812710896827
2018-09-09,8548.812710896827,8548.812710896827
2018-09-10,8548.812710896827,8548.812710896827
2018-09-11,8548.812710896827,8548.812710896827
2018-09-12,8548.812710896827,8548.812710896827
2018-09-13,8548.812710896827,8548.812710896827
2018-09-14,8548.812710896827,8548.812710896827
2018-09-15,8548.812710896827,8548.812710896827
2018-09-16,8548.812710896827,8548.812710896827
2018-09-17,8548.812710896827,8548.812710896827
2018-09-18,8548.812710896827,8548.812710896827
2018-09-19,8548.812710896827,8548.812710896827
2018-09-20,8548.812710896827,8548.812710896827
2018-09-21,8548.812710896827,8548.812710896827
2018-09-22,8548.812710896827,8548.812710896827
2018-09-23,8548.812710896827,8548.812710896827
2018-09-24,8548.812710896827,8548.812710896827
2018-09-25,8548.812710896827,8548.812710896827
2018-09-26,8548.812710896827,8548.812710896827
2018-09-27,8548.812710896827,8548.812710896827
2018-09-28,8548.812710896827,8548.812710896827
2018-09-29,8548.812710896827,8548.812710896827
2018-09-30,8548.812710896827,8548.812710896827
2018-10-01,8548.812710896827,8548.812710896827
2018-10-02,8548.812710896827,8548.812710896827
2018-10-03,8548.812710896827,8548.812710896827
2018-10-04,8548.812710896827,8548.812710896827
2018-10-05,8548.812710896827,8548.812710896827
2018-10-06,8548.812710896827,8548.812710896827
2018-10-07,8548.812710896827,8548.812710896827
2018-10-08,8548.812710896827,8548.812710896827
2018-10-09,8548.812710896827,8548.812710896827
2018-10-10,8548.812710896827,8548.812710896827
2018-10-11,8548.812710896827,8548.812710896827
2018-10-12,8621.414891288174,7798.927927420307
2018-10-13,8625.30533615066,7798.927927420307
2018-10-14,8600.359569092701,7798.927927420307
2018-10-15,8701.511135517372,7798.927927420307
2018-10-16,8744.208279133816,7798.927927420307
2018-10-17,8745.870026939401,7798.927927420307
2018-10-18,8712.889220492085,7798.927927420307
2018-10-19,8713.889469740809,8713.889469740809
2018-10-20,8713.889469740809,8713.889469740809
2018-10-21,8713.889469740809,8713.889469740809
2018-10-22,8713.889469740809,8713.889469740809
2018-10-23,8713.889469740809,8713.889469740809
2018-10-24,8713.889469740809,8713.889469740809
2018-10-25,8713.889469740809,8713.889469740809
2018-10-26,8713.889469740809,8713.889469740809
2018-10-27,8713.889469740809,8713.889469740809
2018-10-28,8713.889469740809,8713.889469740809
2018-10-29,8713.889469740809,8713.889469740809
2018-10-30,8713.889469740809,8713.889469740809
2018-10-31,8713.889469740809,8713.889469740809
2018-11-01,8713.889469740809,8713.889469740809
2018-11-02,8713.889469740809,8713.889469740809
2018-11-03,8713.889469740809,8713.889469740809
2018-11-04,8713.889469740809,8713.889469740809
2018-11-05,8713.889469740809,8713.889469740809
2018-11-06,8713.889469740809,8713.889469740809
2018-11-07,8713.889469740809,8713.889469740809
2018-11-08,8713.889469740809,8713.889469740809
2018-11-09,8713.889469740809,8713.889469740809
2018-11-10,8713.889469740809,8713.889469740809
2018-11-11,8713.889469740809,8713.889469740809
2018-11-12,8713.889469740809,8713.889469740809
2018-11-13,8713.889469740809,8713.889469740809
2018-11-14,8713.889469740809,8713.889469740809
2018-11-15,8638.975212999463,6099.409818587108
2018-11-16,8638.063429514134,8638.063429514134
2018-11-17,8638.063429514134,8638.063429514134
2018-11-18,8638.063429514134,8638.063429514134
2018-11-19,8638.063429514134,8638.063429514134
2018-11-20,8638.063429514134,8638.063429514134
2018-11-21,8621.865208380746,8910.109245592048
2018-11-22,8645.66937935533,8910.109245592048
2018-11-23,8650.660280816886,8910.109245592048
2018-11-24,8691.572053349377,9153.46393649093
2018-11-25,8657.716891423346,9852.757623535395
2018-11-26,8718.232298194733,9852.757623535395
2018-11-27,8705.869704077186,9852.757623535395
2018-11-28,8588.94796834057,9852.757623535395
2018-11-29,8603.38685401404,9852.757623535395
2018-11-30,8668.756599941602,9852.757623535395
2018-12-01,8614.883333547112,9852.757623535395
2018-12-02,8620.356441137088,9852.757623535395
2018-12-03,8702.171298411542,9852.757623535395
2018-12-04,8662.527288449712,9852.757623535395
2018-12-05,8718.976372763665,9581.997622703391
2018-12-06,8797.881851375343,9581.997622703391
2018-12-07,8836.243878227968,10160.936598673388
2018-12-08,8841.881332283408,10160.936598673388
2018-12-09,8800.874504264757,10160.936598673388
2018-12-10,8849.493508799851,10160.936598673388
2018-12-11,8866.417916763627,10160.936598673388
2018-12-12,8837.700760916487,10160.936598673388
2018-12-13,8877.574490422085,10160.936598673388
2018-12-14,8910.500489403494,10160.936598673388
2018-12-15,8917.941625691732,10160.936598673388
2018-12-16,8890.228377508713,10160.936598673388
2018-12-17,8732.514845840626,10160.936598673388
2018-12-18,8700.078804545372,9311.713576558914
2018-12-19,8699.465652331135,8699.465652331135
2018-12-20,8699.465652331135,8699.465652331135
2018-12-21,8699.465652331135,8699.465652331135
2018-12-22,8699.465652331135,8699.465652331135
2018-12-23,8628.539057099028,10062.125683597273
2018-12-24,8478.091153272911,11584.13499917935
2018-12-25,8474.892265636965,8474.892265636965
2018-12-26,8474.892265636965,8474.892265636965
2018-12-27,8474.892265636965,8474.892265636965
2018-12-28,8474.892265636965,8474.892265636965
2018-12-29,8474.892265636965,8474.892265636965
2018-12-30,8474.892265636965,8474.892265636965
2018-12-31,8474.892265636965,8474.892265636965
2019-01-01,8474.892265636965,8474.892265636965
2019-01-02,8474.892265636965,8474.892265636965
2019-01-03,8474.892265636965,8474.892265636965
2019-01-04,8474.892265636965,8474.892265636965
2019-01-05,8474.892265636965,8474.892265636965
2019-01-06,8474.892265636965,8474.892265636965
2019-01-07,8474.892265636965,8474.892265636965
2019-01-08,8474.892265636965,8474.892265636965
2019-01-09,8474.892265636965,8474.892265636965
2019-01-10,8474.892265636965,8474.892265636965
2019-01-11,8474.892265636965,8474.892265636965
2019-01-12,8474.892265636965,8474.892265636965
2019-01-13,8474.892265636965,8474.892265636965
2019-01-14,8474.892265636965,8474.892265636965
2019-01-15,8474.892265636965,8474.892265636965
2019-01-16,8474.892265636965,8474.892265636965
2019-01-17,8474.892265636965,8474.892265636965
2019-01-18,8474.892265636965,8474.892265636965
2019-01-19,8474.892265636965,8474.892265636965
2019-01-20,8474.892265636965,8474.892265636965
2019-01-21,8474.892265636965,8474.892265636965
2019-01-22,8474.892265636965,8474.892265636965
2019-01-23,8474.892265636965,8474.892265636965
2019-01-24,8474.892265636965,8474.892265636965
2019-01-25,8474.892265636965,8474.892265636965
2019-01-26,8474.892265636965,8474.892265636965
2019-01-27,8474.892265636965,8474.892265636965
2019-01-28,8474.892265636965,8474.892265636965
2019-01-29,8474.892265636965,8474.892265636965
2019-01-30,8474.892265636965,8474.892265636965
2019-01-31,8474.892265636965,8474.892265636965
2019-02-01,8474.892265636965,8474.892265636965
2019-02-02,8474.892265636965,8474.892265636965
2019-02-03,8474.892265636965,8474.892265636965
2019-02-04,8474.892265636965,8474.892265636965
2019-02-05,8474.892265636965,8474.892265636965
2019-02-06,8474.892265636965,8474.892265636965
2019-02-07,8474.892265636965,8474.892265636965
2019-02-08,8474.892265636965,8474.892265636965
2019-02-09,8474.892265636965,8474.892265636965
2019-02-10,8474.892265636965,8474.892265636965
2019-02-11,8493.306109310566,7992.170154606408
2019-02-12,8480.037219065009,7992.170154606408
2019-02-13,8460.778132232179,7992.170154606408
2019-02-14,8453.162851583917,7992.170154606408
2019-02-15,8480.805058135897,7992.170154606408
2019-02-16,8471.212328921512,7992.170154606408
2019-02-17,8477.065787044106,7992.170154606408
2019-02-18,8497.718554382314,7992.170154606408
2019-02-19,8525.493432821286,9999.11146089082
2019-02-20,8557.666298462645,9999.11146089082
2019-02-21,8526.110668332549,9999.11146089082
2019-02-22,8541.681560771936,7421.907947477581
2019-02-23,8564.936558771995,7421.907947477581
2019-02-24,8437.81309962636,7421.907947477581
2019-02-25,8443.201317724863,7421.907947477581
2019-02-26,8421.272758411327,7421.907947477581
2019-02-27,8420.753931964058,8420.753931964058
2019-02-28,8420.753931964058,8420.753931964058
2019-03-01,8420.753931964058,8420.753931964058
2019-03-02,8420.753931964058,8420.753931964058
2019-03-03,8420.753931964058,8420.753931964058
2019-03-04,8420.753931964058,8420.753931964058
2019-03-05,8420.753931964058,8420.753931964058
2019-03-06,8455.283725984518,7893.330289556636
2019-03-07,8477.352815611464,7893.330289556636
2019-03-08,8446.144353606587,7893.330289556636
2019-03-09,8452.796795625225,7893.330289556636
2019-03-10,8449.161158708062,7893.330289556636
2019-03-11,8450.832004610418,7893.330289556636
2019-03-12,8486.376157023953,7893.330289556636
2019-03-13,8474.428835282342,7893.330289556636
2019-03-14,8469.234515729417,7893.330289556636
2019-03-15,8471.288263817729,7893.330289556636
2019-03-16,8510.572481017325,7893.330289556636
2019-03-17,8481.83248697393,6860.580992943804
2019-03-18,8458.744434418697,6860.580992943804
2019-03-19,8462.9604019908,6860.580992943804
2019-03-20,8461.424749793432,6860.580992943804
2019-03-21,8402.19062537266,6860.580992943804
2019-03-22,8413.985966923603,7415.2997783590745
2019-03-23,8519.86889005486,6612.914962500802
2019-03-24,8474.36801053107,6612.914962500802
2019-03-25,8420.436292301376,6612.914962500802
2019-03-26,8459.645686785825,6612.914962500802
2019-03-27,8577.415936176096,6612.914962500802
2019-03-28,8541.319866924456,6612.914962500802
2019-03-29,8635.157490826712,6612.914962500802
2019-03-30,8631.900430581001,6612.914962500802
2019-03-31,8601.746637360387,6612.914962500802
2019-04-01,8631.900430581001,6612.914962500802
2019-04-02,9092.169767380787,6612.914962500802
2019-04-03,9218.017258045053,8627.918418028727
2019-04-04,9174.931865615712,5855.211530917728
2019-04-05,9293.535409793118,5855.211530917728
2019-04-06,9342.197121065132,5855.211530917728
2019-04-07,9325.56908821794,5855.211530917728
2019-04-08,9188.129937887898,5855.211530917728
2019-04-09,9096.204813999833,5055.380327801513
2019-04-10,9230.331301750382,5055.380327801513
2019-04-11,8856.802187294961,4265.17187893241
2019-04-12,8843.363391578501,4896.001702567259
2019-04-13,8832.446323541253,4896.001702567259
2019-04-14,8977.90440213217,4896.001702567259
2019-04-15,8806.220601955896,4896.001702567259
2019-04-16,8905.054851887438,4896.001702567259
2019-04-17,8882.05716803437,4896.001702567259
2019-04-18,8922.314390160172,7365.268212952839
2019-04-19,8995.47363580395,6671.866887103795
2019-04-20,9019.50073221109,6671.866887103795
2019-04-21,8966.89574255522,6671.866887103795
2019-04-22,9059.971609234082,5467.775934695202
2019-04-23,8960.785022893177,5467.775934695202
2019-04-24,8919.02647385474,5467.775934695202
2019-04-25,8833.099877477214,6203.788786091316
2019-04-26,8870.537926525853,6203.788786091316
2019-04-27,8858.089834337998,6203.788786091316
2019-04-28,8850.304988543698,6203.788786091316
2019-04-29,8737.07719918613,6203.788786091316
2019-04-30,8842.81589690068,6203.788786091316
2019-05-01,8829.779241898934,6900.268742708479
2019-05-02,8842.152088016077,6900.268742708479
2019-05-03,8906.576152927326,6900.268742708479
2019-05-04,8864.480496414018,6900.268742708479
2019-05-05,8842.691637038624,6900.268742708479
2019-05-06,8853.812240990746,6900.268742708479
2019-05-07,8821.869836712167,6900.268742708479
2019-05-08,8852.349597495779,6900.268742708479
2019-05-09,8884.289147729523,7960.820249244893
2019-05-10,8908.702583913731,7960.820249244893
2019-05-11,9013.240873036588,7960.820249244893
2019-05-12,8984.4535446135,6909.651391024239
2019-05-13,9149.593167116866,6909.651391024239
2019-05-14,9286.435284974405,6909.651391024239
2019-05-15,9494.518393943148,6909.651391024239
2019-05-16,9656.408204677562,8819.93094768343
2019-05-17,9577.532380494195,8819.93094768343
2019-05-18,9585.97680782094,8819.93094768343
2019-05-19,9710.650735366926,8819.93094768343
2019-05-20,9664.339584312373,8819.93094768343
2019-05-21,9683.615705522585,8819.93094768343
2019-05-22,9721.631316698022,8819.93094768343
2019-05-23,9701.850882012855,8819.93094768343
2019-05-24,9736.80461040814,8819.93094768343
2019-05-25,9781.500314203655,8236.957536698057
2019-05-26,9912.658438813382,6604.567297602721
2019-05-27,10012.771754745358,5780.2475489468825
2019-05-28,9991.507380127272,5780.2475489468825
2019-05-29,9979.371366927702,5780.2475489468825
2019-05-30,9757.417517469996,5780.2475489468825
2019-05-31,9944.998610478824,5780.2475489468825
2019-06-01,9914.955096134052,5780.2475489468825
2019-06-02,9978.84592513556,5780.2475489468825
2019-06-03,9680.014894716796,5780.2475489468825
2019-06-04,9649.02248718503,8891.017479742659
2019-06-05,9659.85113014849,8891.017479742659
2019-06-06,9715.700227076486,8891.017479742659
2019-06-07,9756.641397732865,8891.017479742659
2019-06-08,9766.28334009759,8891.017479742659
2019-06-09,9741.436796311564,8891.017479742659
2019-06-10,9848.907369284558,8891.017479742659
2019-06-11,9897.413756257876,8891.017479742659
2019-06-12,9894.6695111233,8891.017479742659
2019-06-13,9859.290999523495,8891.017479742659
2019-06-14,9870.045473699536,8891.017479742659
2019-06-15,9911.134981930756,8891.017479742659
2019-06-16,9903.05058410187,8891.017479742659
2019-06-17,9883.395855435312,8891.017479742659
2019-06-18,9893.92782324909,8891.017479742659
2019-06-19,9902.902246527028,8891.017479742659
2019-06-20,9895.707874147194,8891.017479742659
2019-06-21,9916.623472199908,8891.017479742659
2019-06-22,9991.109915355966,8073.615496104173
2019-06-23,9969.99715075009,8073.615496104173
2019-06-24,9969.263794733339,8073.615496104173
2019-06-25,10034.844428546581,8073.615496104173
2019-06-26,10106.894417683268,8073.615496104173
2019-06-27,9964.075810216666,9053.442978116309
2019-06-28,10050.127071988294,9053.442978116309
2019-06-29,10010.14117315079,9053.442978116309
2019-06-30,9925.826786301532,9053.442978116309
2019-07-01,9907.407553263158,9053.442978116309
2019-07-02,9924.922582558975,9053.442978116309
2019-07-03,10013.104550216396,9053.442978116309
2019-07-04,9949.261336098618,9053.442978116309
2019-07-05,9935.200766967699,9053.442978116309
2019-07-06,9958.168345765296,9053.442978116309
2019-07-07,9970.204302249549,9053.442978116309
2019-07-08,10037.104126885499,9053.442978116309
2019-07-09,10061.602824020492,9053.442978116309
2019-07-10,10026.637064361663,9053.442978116309
2019-07-11,9965.11263050813,9053.442978116309
2019-07-12,9964.200385840028,9964.200385840028
2019-07-13,9964.200385840028,9964.200385840028
2019-07-14,9964.200385840028,9964.200385840028
2019-07-15,9964.200385840028,9964.200385840028
2019-07-16,9964.200385840028,9964.200385840028
2019-07-17,9989.767423674226,8907.151740531488
2019-07-18,10097.183317465015,8907.151740531488
2019-07-19,10096.159148413106,10096.159148413106
2019-07-20,10096.159148413106,10096.159148413106
2019-07-21,10096.159148413106,10096.159148413106
2019-07-22,10096.159148413106,10096.159148413106
2019-07-23,10096.159148413106,10096.159148413106
2019-07-24,10096.159148413106,10096.159148413106
2019-07-25,10096.159148413106,10096.159148413106
2019-07-26,10096.159148413106,10096.159148413106
2019-07-27,10096.159148413106,10096.159148413106
2019-07-28,10096.159148413106,10096.159148413106
2019-07-29,10096.159148413106,10096.159148413106
2019-07-30,10096.159148413106,10096.159148413106
2019-07-31,10096.159148413106,10096.159148413106
2019-08-01,10096.159148413106,10096.159148413106
2019-08-02,10096.159148413106,10096.159148413106
2019-08-03,10096.159148413106,10096.159148413106
2019-08-04,10096.159148413106,10096.159148413106
2019-08-05,10096.159148413106,10096.159148413106
2019-08-06,10167.641584022222,12472.919158324175
2019-08-07,10169.475373855057,12472.919158324175
2019-08-08,10167.069375094025,10167.069375094025
2019-08-09,10167.069375094025,10167.069375094025
2019-08-10,10167.069375094025,10167.069375094025
2019-08-11,10167.069375094025,10167.069375094025
2019-08-12,10167.069375094025,10167.069375094025
2019-08-13,10167.069375094025,10167.069375094025
2019-08-14,10167.069375094025,10167.069375094025
2019-08-15,10050.209309822043,9547.560727557866
2019-08-16,10134.816205330944,9038.497662003767
2019-08-17,10090.004492501459,10330.553189428265
2019-08-18,9976.50255458873,11753.809791741174
2019-08-19,9990.82827102749,11753.809791741174
2019-08-20,10029.549841861519,11753.809791741174
2019-08-21,10087.994625684958,11753.809791741174
2019-08-22,10041.21156075961,11753.809791741174
2019-08-23,10013.978780294372,11753.809791741174
2019-08-24,10020.369831325379,11753.809791741174
2019-08-25,10038.11478197939,11753.809791741174
2019-08-26,10032.453401687384,11753.809791741174
2019-08-27,10030.996008090186,11753.809791741174
2019-08-28,10070.018216754808,10842.42616403296
2019-08-29,10093.291763388122,11981.610242826711
2019-08-30,10101.578805950398,11064.608321051162
2019-08-31,10077.549848225655,10172.810624834598
2019-09-01,10095.302362309485,9290.28401071445
2019-09-02,10175.07246080001,9258.467628855138
2019-09-03,10151.695169522123,10932.645967505123
2019-09-04,10184.450072657448,11772.767421781433
2019-09-05,10199.000054420974,12116.115497755258
2019-09-06,10245.056865768443,12116.115497755258
2019-09-07,10162.163587773943,12116.115497755258
2019-09-08,10132.246858272974,12116.115497755258
2019-09-09,10141.666743389915,10920.885888767285
2019-09-10,10141.546191211168,10920.885888767285
2019-09-11,10151.793126404682,10920.885888767285
2019-09-12,10155.198725454291,10920.885888767285
2019-09-13,10151.762988359995,10920.885888767285
2019-09-14,10133.559609369164,10920.885888767285
2019-09-15,10132.74191806793,10132.74191806793
2019-09-16,10132.74191806793,10132.74191806793
2019-09-17,10132.74191806793,10132.74191806793
2019-09-18,10095.185863238701,13169.67153943249
2019-09-19,9948.489267775956,13169.67153943249
2019-09-20,9944.974471975966,9944.974471975966
2019-09-21,9982.174611909644,12899.66558823927
2019-09-22,10034.40590816107,12899.66558823927
2019-09-23,10168.850621369285,12899.66558823927
2019-09-24,10650.192541109695,12899.66558823927
2019-09-25,10649.164718331835,10649.164718331835
2019-09-26,10649.164718331835,10649.164718331835
2019-09-27,10649.164718331835,10649.164718331835
2019-09-28,10649.164718331835,10649.164718331835
2019-09-29,10649.164718331835,10649.164718331835
2019-09-30,10649.164718331835,10649.164718331835
2019-10-01,10649.164718331835,10649.164718331835
2019-10-02,10649.164718331835,10649.164718331835
2019-10-03,10649.164718331835,10649.164718331835
2019-10-04,10649.164718331835,10649.164718331835
2019-10-05,10649.164718331835,10649.164718331835
2019-10-06,10649.164718331835,10649.164718331835
2019-10-07,10649.164718331835,10649.164718331835
2019-10-08,10649.164718331835,10649.164718331835
2019-10-09,10649.164718331835,10649.164718331835
2019-10-10,10649.164718331835,10649.164718331835
2019-10-11,10649.164718331835,10649.164718331835
2019-10-12,10649.164718331835,10649.164718331835
2019-10-13,10649.164718331835,10649.164718331835
2019-10-14,10649.164718331835,10649.164718331835
2019-10-15,10629.415496949418,13178.393698243639
2019-10-16,10742.582588275603,13178.393698243639
2019-10-17,10635.662891580989,13178.393698243639
2019-10-18,10676.854504536408,13178.393698243639
2019-10-19,10676.291552492683,13178.393698243639
2019-10-20,10674.33859568628,10674.33859568628
2019-10-21,10674.33859568628,10674.33859568628
2019-10-22,10674.33859568628,10674.33859568628
2019-10-23,10674.33859568628,10674.33859568628
2019-10-24,10674.33859568628,10674.33859568628
2019-10-25,10674.33859568628,10674.33859568628
2019-10-26,10674.33859568628,10674.33859568628
2019-10-27,10674.33859568628,10674.33859568628
2019-10-28,10674.33859568628,10674.33859568628
2019-10-29,10674.33859568628,10674.33859568628
2019-10-30,10674.33859568628,10674.33859568628
2019-10-31,10674.33859568628,10674.33859568628
2019-11-01,10674.33859568628,10674.33859568628
2019-11-02,10674.33859568628,10674.33859568628
2019-11-03,10674.33859568628,10674.33859568628
2019-11-04,10674.33859568628,10674.33859568628
2019-11-05,10674.33859568628,10674.33859568628
2019-11-06,10674.33859568628,10674.33859568628
2019-11-07,10674.33859568628,10674.33859568628
2019-11-08,10674.33859568628,10674.33859568628
2019-11-09,10674.33859568628,10674.33859568628
2019-11-10,10674.33859568628,10674.33859568628
2019-11-11,10674.33859568628,10674.33859568628
2019-11-12,10674.33859568628,10674.33859568628
2019-11-13,10674.33859568628,10674.33859568628
2019-11-14,10674.33859568628,10674.33859568628
2019-11-15,10674.33859568628,10674.33859568628
2019-11-16,10674.33859568628,10674.33859568628
2019-11-17,10674.33859568628,10674.33859568628
2019-11-18,10674.33859568628,10674.33859568628
2019-11-19,10674.33859568628,10674.33859568628
2019-11-20,10674.33859568628,10674.33859568628
2019-11-21,10674.33859568628,10674.33859568628
2019-11-22,10674.33859568628,10674.33859568628
2019-11-23,10674.33859568628,10674.33859568628
2019-11-24,10674.33859568628,10674.33859568628
2019-11-25,10674.33859568628,10674.33859568628
2019-11-26,10674.33859568628,10674.33859568628
2019-11-27,10674.33859568628,10674.33859568628
2019-11-28,10674.33859568628,10674.33859568628
2019-11-29,10674.33859568628,10674.33859568628
2019-11-30,10674.33859568628,10674.33859568628
2019-12-01,10674.33859568628,10674.33859568628
2019-12-02,10674.33859568628,10674.33859568628
2019-12-03,10674.33859568628,10674.33859568628
2019-12-04,10674.33859568628,10674.33859568628
2019-12-05,10674.33859568628,10674.33859568628
2019-12-06,10674.33859568628,10674.33859568628
2019-12-07,10674.33859568628,10674.33859568628
2019-12-08,10674.33859568628,10674.33859568628
2019-12-09,10674.33859568628,10674.33859568628
2019-12-10,10674.33859568628,10674.33859568628
2019-12-11,10674.33859568628,10674.33859568628
2019-12-12,10674.33859568628,10674.33859568628
2019-12-13,10674.33859568628,10674.33859568628
2019-12-14,10674.33859568628,10674.33859568628
2019-12-15,10674.33859568628,10674.33859568628
2019-12-16,10674.33859568628,10674.33859568628
2019-12-17,10674.33859568628,10674.33859568628
2019-12-18,10674.33859568628,10674.33859568628
2019-12-19,10674.33859568628,10674.33859568628
2019-12-20,10674.33859568628,10674.33859568628
2019-12-21,10674.33859568628,10674.33859568628
2019-12-22,10674.33859568628,10674.33859568628
2019-12-23,10674.33859568628,10674.33859568628
2019-12-24,10674.33859568628,10674.33859568628
2019-12-25,10674.33859568628,10674.33859568628
2019-12-26,10674.33859568628,10674.33859568628
2019-12-27,10674.33859568628,10674.33859568628
2019-12-28,10674.33859568628,10674.33859568628
2019-12-29,10674.33859568628,10674.33859568628
2019-12-30,10674.33859568628,10674.33859568628
2019-12-31,10674.33859568628,10674.33859568628
2020-01-01,10674.33859568628,10674.33859568628
2020-01-02,10674.33859568628,10674.33859568628
2020-01-03,10674.33859568628,10674.33859568628
2020-01-04,10674.33859568628,10674.33859568628
2020-01-05,10674.33859568628,10674.33859568628
2020-01-06,10674.33859568628,10674.33859568628
2020-01-07,10697.977621348698,13791.988808504142
2020-01-08,10799.21562314747,16998.173500764482
2020-01-09,10878.73364552501,16998.173500764482
2020-01-10,10654.774089618006,16998.173500764482
2020-01-11,10722.605245698198,16998.173500764482
2020-01-12,10533.781321985423,16998.173500764482
2020-01-13,10692.290677283689,16998.173500764482
2020-01-14,9795.94883351085,16998.173500764482
2020-01-15,9610.195398145612,15177.941128349477
2020-01-16,9707.491038502088,15194.514736313344
2020-01-17,9399.48901552473,15194.514736313344
2020-01-18,9361.578411566354,12209.433080886389
2020-01-19,9356.232712893112,9356.232712893112
2020-01-20,9356.232712893112,9356.232712893112
2020-01-21,9356.232712893112,9356.232712893112
2020-01-22,9349.689162152052,8458.851187927577
2020-01-23,9299.646460649168,8458.851187927577
2020-01-24,9334.111667520803,8458.851187927577
2020-01-25,9298.867585917606,8458.851187927577
2020-01-26,9330.606731228774,8458.851187927577
2020-01-27,9392.721991070874,8458.851187927577
2020-01-28,9488.913020418828,8458.851187927577
2020-01-29,9496.50704905156,8458.851187927577
2020-01-30,9552.001873675381,8458.851187927577
2020-01-31,9448.395063766251,5578.179230157425
2020-02-01,9515.870267467657,5578.179230157425
2020-02-02,9545.856241982812,4907.227560933108
2020-02-03,9578.330333471857,4907.227560933108
2020-02-04,9514.393415413977,4907.227560933108
2020-02-05,9854.45219598525,3903.5294082939245
2020-02-06,10087.235163058882,3903.5294082939245
2020-02-07,10332.291829382866,994.0196575105965
2020-02-08,10524.269392720176,994.0196575105965
2020-02-09,10920.396619706094,994.0196575105965
2020-02-10,10683.217018628588,994.0196575105965
2020-02-11,11026.296617781441,994.0196575105965
2020-02-12,11538.990993594894,994.0196575105965
2020-02-13,11520.20547277713,994.0196575105965
2020-02-14,11873.925336040493,994.0196575105965
2020-02-15,11085.984003984786,994.0196575105965
2020-02-16,10759.659244803794,994.0196575105965
2020-02-17,10715.699414479484,994.0196575105965
2020-02-18,10896.496682038043,5762.076346552063
2020-02-19,10495.863225118934,5762.076346552063
2020-02-20,10466.353843481727,6790.888455118742
2020-02-21,10518.762570064438,8779.668858993835
2020-02-22,10494.505598937054,8779.668858993835
2020-02-23,10579.142760357197,8779.668858993835
2020-02-24,10520.401554600072,8779.668858993835
2020-02-25,10396.822120613264,8779.668858993835
2020-02-26,10395.205371639959,10395.205371639959
2020-02-27,10478.464742870074,7770.770702130036
2020-02-28,10452.615607546639,7770.770702130036
2020-02-29,10426.067213926362,7770.770702130036
2020-03-01,10391.84107639413,7770.770702130036
2020-03-02,10535.886458109306,7770.770702130036
2020-03-03,10488.797890315422,7770.770702130036
2020-03-04,10508.637477778851,7770.770702130036
2020-03-05,10590.594014670944,7770.770702130036
2020-03-06,10621.45983039926,9228.775419443424
2020-03-07,10619.953812574677,10619.953812574677
2020-03-08,10619.953812574677,10619.953812574677
2020-03-09,10619.953812574677,10619.953812574677
2020-03-10,10619.953812574677,10619.953812574677
2020-03-11,10619.953812574677,10619.953812574677
2020-03-12,10619.953812574677,10619.953812574677
2020-03-13,10784.340840755687,9945.840313280232
2020-03-14,10712.287088133598,9945.840313280232
2020-03-15,10711.520832970438,10711.520832970438
2020-03-16,10711.520832970438,10711.520832970438
2020-03-17,10711.520832970438,10711.520832970438
2020-03-18,10711.520832970438,10711.520832970438
2020-03-19,10711.520832970438,10711.520832970438
2020-03-20,10711.520832970438,10711.520832970438
2020-03-21,10711.520832970438,10711.520832970438
2020-03-22,10711.520832970438,10711.520832970438
2020-03-23,10711.520832970438,10711.520832970438
2020-03-24,10711.520832970438,10711.520832970438
2020-03-25,10711.520832970438,10711.520832970438
2020-03-26,10711.520832970438,10711.520832970438
2020-03-27,10711.520832970438,10711.520832970438
2020-03-28,10711.520832970438,10711.520832970438
2020-03-29,10711.520832970438,10711.520832970438
2020-03-30,10711.520832970438,10711.520832970438
2020-03-31,10711.520832970438,10711.520832970438
2020-04-01,10711.520832970438,10711.520832970438
2020-04-02,10711.520832970438,10711.520832970438
2020-04-03,10711.520832970438,10711.520832970438
2020-04-04,10711.520832970438,10711.520832970438
2020-04-05,10711.520832970438,10711.520832970438
2020-04-06,10711.520832970438,10711.520832970438
2020-04-07,10932.009883813073,20323.203401027546
2020-04-08,10563.927434611593,20323.203401027546
2020-04-09,10641.799522232735,18181.408181561197
2020-04-10,11245.389344732022,18181.408181561197
2020-04-11,11214.446034182536,16512.587436145743
2020-04-12,11207.692859795865,14720.176086316404
2020-04-13,11205.577306111216,11205.577306111216
2020-04-14,11205.577306111216,11205.577306111216
2020-04-15,11205.577306111216,11205.577306111216
2020-04-16,11205.577306111216,11205.577306111216
2020-04-17,11205.577306111216,11205.577306111216
2020-04-18,11205.577306111216,11205.577306111216
2020-04-19,11205.577306111216,11205.577306111216
2020-04-20,11205.577306111216,11205.577306111216
2020-04-21,11205.577306111216,11205.577306111216
2020-04-22,11205.577306111216,11205.577306111216
2020-04-23,11205.577306111216,11205.577306111216
2020-04-24,11205.577306111216,11205.577306111216
2020-04-25,11205.577306111216,11205.577306111216
2020-04-26,11205.577306111216,11205.577306111216
2020-04-27,11205.577306111216,11205.577306111216
2020-04-28,11205.577306111216,11205.577306111216
2020-04-29,11205.577306111216,11205.577306111216
2020-04-30,11161.660222155182,10212.525256580418
2020-05-01,11189.017858488227,10212.525256580418
2020-05-02,11197.67650433101,10212.525256580418
2020-05-03,11179.069627094392,10212.525256580418
2020-05-04,11163.502487228114,10212.525256580418
2020-05-05,11158.02174863614,10212.525256580418
2020-05-06,11128.91396048381,10212.525256580418
2020-05-07,11188.925745234581,10212.525256580418
2020-05-08,11167.295906541647,9272.786279326192
2020-05-09,11137.085255018334,9272.786279326192
2020-05-10,10956.549279630563,9272.786279326192
2020-05-11,10940.894917450682,10136.036813381275
2020-05-12,10964.328487611283,10136.036813381275
2020-05-13,11011.199388283934,10136.036813381275
2020-05-14,11056.568968639402,10136.036813381275
2020-05-15,11011.862150227338,10136.036813381275
2020-05-16,11017.958620018788,10136.036813381275
2020-05-17,11046.04562510116,10136.036813381275
2020-05-18,11051.11175859478,10136.036813381275
2020-05-19,11055.022524104792,10136.036813381275
2020-05-20,11031.484465566302,9255.868547628896
2020-05-21,10915.177813590704,9255.868547628896
2020-05-22,10913.876213823345,10913.876213823345
2020-05-23,10913.876213823345,10913.876213823345
2020-05-24,10913.876213823345,10913.876213823345
2020-05-25,10913.876213823345,10913.876213823345
2020-05-26,10913.876213823345,10913.876213823345
2020-05-27,10913.876213823345,10913.876213823345
2020-05-28,10913.876213823345,10913.876213823345
2020-05-29,10913.876213823345,10913.876213823345
2020-05-30,10913.876213823345,10913.876213823345
2020-05-31,10913.876213823345,10913.876213823345
2020-06-01,10913.876213823345,10913.876213823345
2020-06-02,10913.876213823345,10913.876213823345
2020-06-03,10913.876213823345,10913.876213823345
2020-06-04,10913.876213823345,10913.876213823345
2020-06-05,10892.286128633723,10400.468754490159
2020-06-06,10897.887430182616,10400.468754490159
2020-06-07,10900.370481384702,10400.468754490159
2020-06-08,10899.850772993568,10400.468754490159
2020-06-09,10879.235673478568,10400.468754490159
2020-06-10,10883.220104477266,10400.468754490159
2020-06-11,10835.118205608933,10400.468754490159
2020-06-12,10859.429009238667,10400.468754490159
2020-06-13,10857.003703413373,10400.468754490159
2020-06-14,10841.758923940095,10400.468754490159
2020-06-15,10841.433119384892,10841.433119384892
2020-06-16,10841.433119384892,10841.433119384892
2020-06-17,10841.433119384892,10841.433119384892
2020-06-18,10841.433119384892,10841.433119384892
2020-06-19,10841.433119384892,10841.433119384892
2020-06-20,10841.433119384892,10841.433119384892
2020-06-21,10841.433119384892,10841.433119384892
2020-06-22,10841.433119384892,10841.433119384892
2020-06-23,10841.433119384892,10841.433119384892
2020-06-24,10841.433119384892,10841.433119384892
2020-06-25,10841.433119384892,10841.433119384892
2020-06-26,10841.433119384892,10841.433119384892
2020-06-27,10841.433119384892,10841.433119384892
2020-06-28,10841.433119384892,10841.433119384892
2020-06-29,10841.433119384892,10841.433119384892
2020-06-30,10841.433119384892,10841.433119384892
2020-07-01,10841.433119384892,10841.433119384892
2020-07-02,10841.433119384892,10841.433119384892
2020-07-03,10841.433119384892,10841.433119384892
2020-07-04,10841.433119384892,10841.433119384892
2020-07-05,10841.433119384892,10841.433119384892
2020-07-06,10841.433119384892,10841.433119384892
2020-07-07,10841.433119384892,10841.433119384892
2020-07-08,10841.433119384892,10841.433119384892
2020-07-09,10841.433119384892,10841.433119384892
2020-07-10,10895.002318634792,14090.61143512285
2020-07-11,10862.739651880354,14090.61143512285
2020-07-12,10731.033347186214,17346.175320241302
2020-07-13,10768.763888031974,13957.631551765373
2020-07-14,10815.262517931178,17184.346996074066
2020-07-15,10923.357993246787,17184.346996074066
2020-07-16,11050.390573365394,17184.346996074066
2020-07-17,11068.076947344816,17184.346996074066
2020-07-18,10965.209160593338,17184.346996074066
2020-07-19,10958.534156522703,10958.534156522703
2020-07-20,10958.534156522703,10958.534156522703
2020-07-21,10958.534156522703,10958.534156522703
2020-07-22,10958.534156522703,10958.534156522703
2020-07-23,10958.534156522703,10958.534156522703
2020-07-24,10958.534156522703,10958.534156522703
2020-07-25,11009.813067879655,9362.776124545788
2020-07-26,11022.97318036955,8269.595436242696
2020-07-27,10963.65173554612,8269.595436242696
2020-07-28,11098.689123510432,10772.664907584342
2020-07-29,11004.0982532398,7517.20029121331
2020-07-30,11058.364214598154,7517.20029121331
2020-07-31,11129.816160868631,7517.20029121331
2020-08-01,11454.55451949613,6635.241100236707
2020-08-02,11150.421210578033,4803.595594368848
2020-08-03,11408.153203366735,4803.595594368848
2020-08-04,11439.13928606499,4803.595594368848
2020-08-05,11608.943627252598,4803.595594368848
2020-08-06,11573.70738276337,4803.595594368848
2020-08-07,11391.418633209192,4803.595594368848
2020-08-08,11516.819044768388,5858.372358241259
2020-08-09,11407.576360224046,5858.372358241259
2020-08-10,11496.685352265322,5858.372358241259
2020-08-11,11208.551641735958,5858.372358241259
2020-08-12,11257.548621698328,6529.577013044915
2020-08-13,11430.8914036761,6529.577013044915
2020-08-14,11480.516493630412,8336.890232077363
2020-08-15,11470.967769270736,8336.890232077363
2020-08-16,11498.806277627571,8336.890232077363
2020-08-17,11562.37862889497,8336.890232077363
2020-08-18,11466.5997293223,8336.890232077363
2020-08-19,11370.888843994078,8336.890232077363
2020-08-20,11399.222492594965,9319.943201174723
2020-08-21,11302.229403823054,9319.943201174723
2020-08-22,11300.140647204416,11300.140647204416
2020-08-23,11300.140647204416,11300.140647204416
2020-08-24,11300.140647204416,11300.140647204416
2020-08-25,11300.140647204416,11300.140647204416
2020-08-26,11300.993505744911,8518.413200337038
2020-08-27,11296.270597869632,11296.270597869632
2020-08-28,11351.602902606395,9105.79930688628
2020-08-29,11368.627836025044,9105.79930688628
2020-08-30,11444.826809869674,9105.79930688628
2020-08-31,11429.372137300317,9105.79930688628
2020-09-01,11427.049145363111,11427.049145363111
2020-09-02,11427.049145363111,11427.049145363111
2020-09-03,11427.049145363111,11427.049145363111
2020-09-04,11427.049145363111,11427.049145363111
2020-09-05,11427.049145363111,11427.049145363111
2020-09-06,11427.049145363111,11427.049145363111
2020-09-07,11427.049145363111,11427.049145363111
2020-09-08,11427.049145363111,11427.049145363111
2020-09-09,11427.049145363111,11427.049145363111
2020-09-10,11427.049145363111,11427.049145363111
2020-09-11,11427.049145363111,11427.049145363111
2020-09-12,11427.049145363111,11427.049145363111
2020-09-13,11427.049145363111,11427.049145363111
2020-09-14,11427.049145363111,11427.049145363111
2020-09-15,11427.049145363111,11427.049145363111
2020-09-16,11427.049145363111,11427.049145363111
2020-09-17,11427.049145363111,11427.049145363111
2020-09-18,11427.049145363111,11427.049145363111
2020-09-19,11427.049145363111,11427.049145363111
2020-09-20,11427.049145363111,11427.049145363111
2020-09-21,11427.049145363111,11427.049145363111
2020-09-22,11427.049145363111,11427.049145363111
2020-09-23,11427.049145363111,11427.049145363111
2020-09-24,11427.049145363111,11427.049145363111
2020-09-25,11427.049145363111,11427.049145363111
2020-09-26,11427.049145363111,11427.049145363111
2020-09-27,11427.049145363111,11427.049145363111
2020-09-28,11427.049145363111,11427.049145363111
2020-09-29,11427.049145363111,11427.049145363111
2020-09-30,11427.049145363111,11427.049145363111
2020-10-01,11427.049145363111,11427.049145363111
2020-10-02,11427.049145363111,11427.049145363111
2020-10-03,11427.049145363111,11427.049145363111
2020-10-04,11427.049145363111,11427.049145363111
2020-10-05,11427.049145363111,11427.049145363111
2020-10-06,11427.049145363111,11427.049145363111
2020-10-07,11427.049145363111,11427.049145363111
2020-10-08,11427.049145363111,11427.049145363111
2020-10-09,11427.049145363111,11427.049145363111
2020-10-10,11427.049145363111,11427.049145363111
2020-10-11,11427.049145363111,11427.049145363111
2020-10-12,11427.049145363111,11427.049145363111
2020-10-13,11427.049145363111,11427.049145363111
2020-10-14,11427.049145363111,11427.049145363111
2020-10-15,11427.049145363111,11427.049145363111
2020-10-16,11427.049145363111,11427.049145363111
2020-10-17,11427.049145363111,11427.049145363111
2020-10-18,11427.049145363111,11427.049145363111
2020-10-19,11427.049145363111,11427.049145363111
2020-10-20,11427.049145363111,11427.049145363111
2020-10-21,11427.049145363111,11427.049145363111
2020-10-22,11427.049145363111,11427.049145363111
2020-10-23,11427.049145363111,11427.049145363111
2020-10-24,11427.049145363111,11427.049145363111
2020-10-25,11427.049145363111,11427.049145363111
2020-10-26,11427.049145363111,11427.049145363111
2020-10-27,11427.049145363111,11427.049145363111
2020-10-28,11427.049145363111,11427.049145363111
2020-10-29,11427.049145363111,11427.049145363111
2020-10-30,11427.049145363111,11427.049145363111
2020-10-31,11427.049145363111,11427.049145363111
2020-11-01,11427.049145363111,11427.049145363111
2020-11-02,11427.049145363111,11427.049145363111
2020-11-03,11427.049145363111,11427.049145363111
2020-11-04,11427.049145363111,11427.049145363111
2020-11-05,11427.049145363111,11427.049145363111
2020-11-06,11427.049145363111,11427.049145363111
2020-11-07,11427.049145363111,11427.049145363111
2020-11-08,11427.049145363111,11427.049145363111
2020-11-09,11427.049145363111,11427.049145363111
2020-11-10,11427.049145363111,11427.049145363111
2020-11-11,11427.049145363111,11427.049145363111
2020-11-12,11427.049145363111,11427.049145363111
2020-11-13,11427.049145363111,11427.049145363111
2020-11-14,11427.049145363111,11427.049145363111
2020-11-15,11427.049145363111,11427.049145363111
2020-11-16,11427.049145363111,11427.049145363111
2020-11-17,11427.049145363111,11427.049145363111
2020-11-18,11427.049145363111,11427.049145363111
2020-11-19,11427.049145363111,11427.049145363111
2020-11-20,11427.049145363111,11427.049145363111
2020-11-21,11427.049145363111,11427.049145363111
2020-11-22,11427.049145363111,11427.049145363111
2020-11-23,11427.049145363111,11427.049145363111
2020-11-24,11427.049145363111,11427.049145363111
2020-11-25,11427.049145363111,11427.049145363111
2020-11-26,11427.049145363111,11427.049145363111
2020-11-27,11427.049145363111,11427.049145363111
2020-11-28,11427.049145363111,11427.049145363111
2020-11-29,11427.049145363111,11427.049145363111
2020-11-30,11427.049145363111,11427.049145363111
2020-12-01,11427.049145363111,11427.049145363111
2020-12-02,11427.049145363111,11427.049145363111
2020-12-03,11427.049145363111,11427.049145363111
2020-12-04,11427.049145363111,11427.049145363111
2020-12-05,11427.049145363111,11427.049145363111
2020-12-06,11427.049145363111,11427.049145363111
2020-12-07,11427.049145363111,11427.049145363111
2020-12-08,11427.049145363111,11427.049145363111
2020-12-09,11427.049145363111,11427.049145363111
2020-12-10,11427.049145363111,11427.049145363111
2020-12-11,11427.049145363111,11427.049145363111
2020-12-12,11427.049145363111,11427.049145363111
2020-12-13,11427.049145363111,11427.049145363111
2020-12-14,11427.049145363111,11427.049145363111
2020-12-15,11427.049145363111,11427.049145363111
2020-12-16,11651.629211495714,10385.658881881252
2020-12-17,11668.281742657464,10385.658881881252
2020-12-18,11666.88838649517,11666.88838649517
2020-12-19,11666.88838649517,11666.88838649517
2020-12-20,11666.88838649517,11666.88838649517
2020-12-21,11666.88838649517,11666.88838649517
2020-12-22,11666.88838649517,11666.88838649517
2020-12-23,11666.88838649517,11666.88838649517
2020-12-24,11666.88838649517,11666.88838649517
2020-12-25,11666.88838649517,11666.88838649517
2020-12-26,11666.88838649517,11666.88838649517
2020-12-27,11666.88838649517,11666.88838649517
2020-12-28,11666.88838649517,11666.88838649517
2020-12-29,11666.88838649517,11666.88838649517
2020-12-30,11666.88838649517,11666.88838649517
2020-12-31,11666.88838649517,11666.88838649517
2021-01-01,11666.88838649517,11666.88838649517
2021-01-02,11666.88838649517,11666.88838649517
2021-01-03,11666.88838649517,11666.88838649517
2021-01-04,11666.88838649517,11666.88838649517
2021-01-05,11666.88838649517,11666.88838649517
2021-01-06,11666.88838649517,11666.88838649517
2021-01-07,11666.88838649517,11666.88838649517
2021-01-08,11666.88838649517,11666.88838649517
2021-01-09,11229.279796967514,13335.34104279187
2021-01-10,11220.192618135614,11220.192618135614
2021-01-11,11220.192618135614,11220.192618135614
2021-01-12,11220.192618135614,11220.192618135614
2021-01-13,11220.192618135614,11220.192618135614
2021-01-14,11220.192618135614,11220.192618135614
2021-01-15,11220.192618135614,11220.192618135614
2021-01-16,11220.192618135614,11220.192618135614
2021-01-17,11220.192618135614,11220.192618135614
2021-01-18,11220.192618135614,11220.192618135614
2021-01-19,11220.192618135614,11220.192618135614
2021-01-20,11220.192618135614,11220.192618135614
2021-01-21,11220.192618135614,11220.192618135614
2021-01-22,11220.192618135614,11220.192618135614
2021-01-23,11220.192618135614,11220.192618135614
2021-01-24,11220.192618135614,11220.192618135614
2021-01-25,11220.192618135614,11220.192618135614
2021-01-26,11220.192618135614,11220.192618135614
2021-01-27,11220.192618135614,11220.192618135614
2021-01-28,11220.192618135614,11220.192618135614
2021-01-29,11220.192618135614,11220.192618135614
2021-01-30,11220.192618135614,11220.192618135614
2021-01-31,11220.192618135614,11220.192618135614
2021-02-01,11220.192618135614,11220.192618135614
2021-02-02,11220.192618135614,11220.192618135614
2021-02-03,11220.192618135614,11220.192618135614
2021-02-04,11220.192618135614,11220.192618135614
2021-02-05,11220.192618135614,11220.192618135614
2021-02-06,11220.192618135614,11220.192618135614
2021-02-07,11220.192618135614,11220.192618135614
2021-02-08,11220.192618135614,11220.192618135614
2021-02-09,11220.192618135614,11220.192618135614
2021-02-10,11220.192618135614,11220.192618135614
2021-02-11,11220.192618135614,11220.192618135614
2021-02-12,11220.192618135614,11220.192618135614
2021-02-13,11220.192618135614,11220.192618135614
2021-02-14,11220.192618135614,11220.192618135614
2021-02-15,11220.192618135614,11220.192618135614
2021-02-16,11220.192618135614,11220.192618135614
2021-02-17,11220.192618135614,11220.192618135614
2021-02-18,11220.192618135614,11220.192618135614
2021-02-19,11220.192618135614,11220.192618135614
2021-02-20,11220.192618135614,11220.192618135614
2021-02-21,11220.192618135614,11220.192618135614
2021-02-22,11220.192618135614,11220.192618135614
2021-02-23,11220.192618135614,11220.192618135614
2021-02-24,11220.192618135614,11220.192618135614
2021-02-25,11220.192618135614,11220.192618135614
2021-02-26,11220.192618135614,11220.192618135614
2021-02-27,11220.192618135614,11220.192618135614
2021-02-28,11220.192618135614,11220.192618135614
2021-03-01,11220.192618135614,11220.192618135614
2021-03-02,11220.192618135614,11220.192618135614
2021-03-03,11220.192618135614,11220.192618135614
2021-03-04,11220.192618135614,11220.192618135614
2021-03-05,11220.192618135614,11220.192618135614
2021-03-06,11220.192618135614,11220.192618135614
2021-03-07,11220.192618135614,11220.192618135614
2021-03-08,11220.192618135614,11220.192618135614
2021-03-09,11220.192618135614,11220.192618135614
2021-03-10,11220.192618135614,11220.192618135614
2021-03-11,11220.192618135614,11220.192618135614
2021-03-12,11220.192618135614,11220.192618135614
2021-03-13,11220.192618135614,11220.192618135614
2021-03-14,11220.192618135614,11220.192618135614
2021-03-15,11220.192618135614,11220.192618135614
2021-03-16,11220.192618135614,11220.192618135614
2021-03-17,11220.192618135614,11220.192618135614
2021-03-18,11220.192618135614,11220.192618135614
2021-03-19,11220.192618135614,11220.192618135614
2021-03-20,11220.192618135614,11220.192618135614
2021-03-21,11220.192618135614,11220.192618135614
2021-03-22,11220.192618135614,11220.192618135614
2021-03-23,11220.192618135614,11220.192618135614
2021-03-24,11220.192618135614,11220.192618135614
2021-03-25,11220.192618135614,11220.192618135614
2021-03-26,11220.192618135614,11220.192618135614
2021-03-27,11220.192618135614,11220.192618135614
2021-03-28,11220.192618135614,11220.192618135614
2021-03-29,11220.192618135614,11220.192618135614
2021-03-30,11220.192618135614,11220.192618135614
2021-03-31,11220.192618135614,11220.192618135614
2021-04-01,11220.192618135614,11220.192618135614
2021-04-02,11220.192618135614,11220.192618135614
2021-04-03,11220.192618135614,11220.192618135614
2021-04-04,11220.192618135614,11220.192618135614
2021-04-05,11220.192618135614,11220.192618135614
2021-04-06,11220.192618135614,11220.192618135614
2021-04-07,11220.192618135614,11220.192618135614
2021-04-08,11220.192618135614,11220.192618135614
2021-04-09,11220.192618135614,11220.192618135614
2021-04-10,11220.192618135614,11220.192618135614
2021-04-11,11220.192618135614,11220.192618135614
2021-04-12,11220.192618135614,11220.192618135614
2021-04-13,11220.192618135614,11220.192618135614
2021-04-14,11220.192618135614,11220.192618135614
2021-04-15,11220.192618135614,11220.192618135614
2021-04-16,11220.192618135614,11220.192618135614
2021-04-17,11220.192618135614,11220.192618135614
2021-04-18,11220.192618135614,11220.192618135614
2021-04-19,11220.192618135614,11220.192618135614
2021-04-20,11220.192618135614,11220.192618135614
2021-04-21,11220.192618135614,11220.192618135614
2021-04-22,11220.192618135614,11220.192618135614
2021-04-23,11220.192618135614,11220.192618135614
2021-04-24,11220.192618135614,11220.192618135614
2021-04-25,11220.192618135614,11220.192618135614
2021-04-26,11220.192618135614,11220.192618135614
2021-04-27,11220.192618135614,11220.192618135614
2021-04-28,11220.192618135614,11220.192618135614
2021-04-29,11220.192618135614,11220.192618135614
2021-04-30,11220.192618135614,11220.192618135614
2021-05-01,11220.192618135614,11220.192618135614
2021-05-02,11220.192618135614,11220.192618135614
2021-05-03,11220.192618135614,11220.192618135614
2021-05-04,11220.192618135614,11220.192618135614
2021-05-05,11220.192618135614,11220.192618135614
2021-05-06,11220.192618135614,11220.192618135614
2021-05-07,11220.192618135614,11220.192618135614
2021-05-08,11220.192618135614,11220.192618135614
2021-05-09,11220.192618135614,11220.192618135614
2021-05-10,11220.192618135614,11220.192618135614
2021-05-11,11220.192618135614,11220.192618135614
2021-05-12,11220.192618135614,11220.192618135614
2021-05-13,11220.192618135614,11220.192618135614
2021-05-14,11220.192618135614,11220.192618135614
2021-05-15,11220.192618135614,11220.192618135614
2021-05-16,11220.192618135614,11220.192618135614
2021-05-17,11220.192618135614,11220.192618135614
2021-05-18,11208.222300313617,9912.561300370751
2021-05-19,10766.675072877784,9912.561300370751
2021-05-20,10839.106336194545,10202.068614608734
2021-05-21,10614.8837445053,9420.296060799532
2021-05-22,10582.478452519965,10070.647632462502
2021-05-23,10430.44110296417,9531.79371397804
2021-05-24,10856.045032006115,8984.58406666015
2021-05-25,10861.689906890535,8984.58406666015
2021-05-26,11018.98987129959,8984.58406666015
2021-05-27,10950.862666947573,8984.58406666015
2021-05-28,10813.051460707877,9648.090903203016
2021-05-29,10777.653461655478,10183.508334567847
2021-05-30,10805.614582024136,10183.508334567847
2021-05-31,10889.093805340375,10183.508334567847
2021-06-01,10870.430461476253,10183.508334567847
2021-06-02,10889.112056724429,10183.508334567847
2021-06-03,10928.49072148831,10183.508334567847
2021-06-04,10927.745925346986,10927.745925346986
2021-06-05,10927.745925346986,10927.745925346986
2021-06-06,10927.745925346986,10927.745925346986
2021-06-07,10927.745925346986,10927.745925346986
2021-06-08,10927.745925346986,10927.745925346986
2021-06-09,10927.745925346986,10927.745925346986
2021-06-10,10927.745925346986,10927.745925346986
2021-06-11,10927.745925346986,10927.745925346986
2021-06-12,10927.745925346986,10927.745925346986
2021-06-13,10927.745925346986,10927.745925346986
2021-06-14,10927.745925346986,10927.745925346986
2021-06-15,10927.745925346986,10927.745925346986
2021-06-16,10927.745925346986,10927.745925346986
2021-06-17,10927.745925346986,10927.745925346986
2021-06-18,10927.745925346986,10927.745925346986
2021-06-19,10927.745925346986,10927.745925346986
2021-06-20,10927.745925346986,10927.745925346986
2021-06-21,10927.745925346986,10927.745925346986
2021-06-22,10927.745925346986,10927.745925346986
2021-06-23,10927.745925346986,10927.745925346986
2021-06-24,10927.745925346986,10927.745925346986
2021-06-25,10927.745925346986,10927.745925346986
2021-06-26,10927.745925346986,10927.745925346986
2021-06-27,10927.745925346986,10927.745925346986
2021-06-28,10927.745925346986,10927.745925346986
2021-06-29,10927.745925346986,10927.745925346986
2021-06-30,10927.745925346986,10927.745925346986
2021-07-01,10927.745925346986,10927.745925346986
2021-07-02,10927.745925346986,10927.745925346986
2021-07-03,10927.745925346986,10927.745925346986
2021-07-04,10927.745925346986,10927.745925346986
2021-07-05,10927.745925346986,10927.745925346986
2021-07-06,10927.745925346986,10927.745925346986
2021-07-07,10927.745925346986,10927.745925346986
2021-07-08,10927.745925346986,10927.745925346986
2021-07-09,10927.745925346986,10927.745925346986
2021-07-10,10927.745925346986,10927.745925346986
2021-07-11,10927.745925346986,10927.745925346986
2021-07-12,10927.745925346986,10927.745925346986
2021-07-13,10927.745925346986,10927.745925346986
2021-07-14,10927.745925346986,10927.745925346986
2021-07-15,10927.745925346986,10927.745925346986
2021-07-16,10927.745925346986,10927.745925346986
2021-07-17,10927.745925346986,10927.745925346986
2021-07-18,10927.745925346986,10927.745925346986
2021-07-19,10927.745925346986,10927.745925346986
2021-07-20,10927.745925346986,10927.745925346986
2021-07-21,10927.745925346986,10927.745925346986
2021-07-22,10927.745925346986,10927.745925346986
2021-07-23,10927.745925346986,10927.745925346986
2021-07-24,10927.745925346986,10927.745925346986
2021-07-25,10927.745925346986,10927.745925346986
2021-07-26,10927.745925346986,10927.745925346986
2021-07-27,10927.745925346986,10927.745925346986
2021-07-28,10927.745925346986,10927.745925346986
2021-07-29,10927.745925346986,10927.745925346986
2021-07-30,10914.683565728295,13341.243267663183
2021-07-31,10986.16550005437,16451.083030352176
2021-08-01,11175.718245300453,16451.083030352176
2021-08-02,11182.647538402143,16451.083030352176
2021-08-03,11258.553974363243,13560.898081929707
2021-08-04,11202.414978466866,13560.898081929707
2021-08-05,11196.930134040207,13560.898081929707
2021-08-06,11194.565575100332,11194.565575100332
2021-08-07,11194.565575100332,11194.565575100332
2021-08-08,11194.565575100332,11194.565575100332
2021-08-09,11194.565575100332,11194.565575100332
2021-08-10,11194.565575100332,11194.565575100332
2021-08-11,11194.565575100332,11194.565575100332
2021-08-12,11194.565575100332,11194.565575100332
2021-08-13,11194.565575100332,11194.565575100332
2021-08-14,11194.565575100332,11194.565575100332
2021-08-15,11194.565575100332,11194.565575100332
2021-08-16,11194.565575100332,11194.565575100332
2021-08-17,11194.565575100332,11194.565575100332
2021-08-18,11194.565575100332,11194.565575100332
2021-08-19,11194.565575100332,11194.565575100332
2021-08-20,11194.565575100332,11194.565575100332
2021-08-21,11194.565575100332,11194.565575100332
2021-08-22,11194.565575100332,11194.565575100332
2021-08-23,11194.565575100332,11194.565575100332
2021-08-24,11194.565575100332,11194.565575100332
2021-08-25,11194.565575100332,11194.565575100332
2021-08-26,11194.565575100332,11194.565575100332
2021-08-27,11194.565575100332,11194.565575100332
2021-08-28,11194.565575100332,11194.565575100332
2021-08-29,11194.565575100332,11194.565575100332
2021-08-30,11194.565575100332,11194.565575100332
2021-08-31,11194.565575100332,11194.565575100332
2021-09-01,11194.565575100332,11194.565575100332
2021-09-02,11194.565575100332,11194.565575100332
2021-09-03,11194.565575100332,11194.565575100332
2021-09-04,11194.565575100332,11194.565575100332
2021-09-05,11194.565575100332,11194.565575100332
2021-09-06,11194.565575100332,11194.565575100332
2021-09-07,11194.565575100332,11194.565575100332
2021-09-08,11194.565575100332,11194.565575100332
2021-09-09,11194.565575100332,11194.565575100332
2021-09-10,11194.565575100332,11194.565575100332
2021-09-11,11194.565575100332,11194.565575100332
2021-09-12,11194.565575100332,11194.565575100332
2021-09-13,11194.565575100332,11194.565575100332
2021-09-14,11194.565575100332,11194.565575100332
2021-09-15,11194.565575100332,11194.565575100332
2021-09-16,11194.565575100332,11194.565575100332
2021-09-17,11194.565575100332,11194.565575100332
2021-09-18,11194.565575100332,11194.565575100332
2021-09-19,11194.565575100332,11194.565575100332
2021-09-20,11194.565575100332,11194.565575100332
2021-09-21,11194.565575100332,11194.565575100332
2021-09-22,11194.565575100332,11194.565575100332
2021-09-23,11194.565575100332,11194.565575100332
2021-09-24,11194.565575100332,11194.565575100332
2021-09-25,11194.565575100332,11194.565575100332
2021-09-26,11194.565575100332,11194.565575100332
2021-09-27,11194.565575100332,11194.565575100332
2021-09-28,11194.565575100332,11194.565575100332
2021-09-29,11194.565575100332,11194.565575100332
2021-09-30,11194.565575100332,11194.565575100332
2021-10-01,11194.565575100332,11194.565575100332
2021-10-02,11194.565575100332,11194.565575100332
2021-10-03,11194.565575100332,11194.565575100332
2021-10-04,11194.565575100332,11194.565575100332
2021-10-05,11194.565575100332,11194.565575100332
2021-10-06,11194.565575100332,11194.565575100332
2021-10-07,11273.262721198707,14143.933519409888
2021-10-08,11264.39161881462,14143.933519409888
2021-10-09,11211.110030468486,14143.933519409888
2021-10-10,11226.62658714439,14143.933519409888
2021-10-11,11076.52343577029,14143.933519409888
2021-10-12,11073.455258834128,11073.455258834128
2021-10-13,11073.455258834128,11073.455258834128
2021-10-14,11073.455258834128,11073.455258834128
2021-10-15,11073.455258834128,11073.455258834128
2021-10-16,11073.455258834128,11073.455258834128
2021-10-17,11073.455258834128,11073.455258834128
2021-10-18,11073.455258834128,11073.455258834128
2021-10-19,11073.455258834128,11073.455258834128
2021-10-20,11073.455258834128,11073.455258834128
2021-10-21,11073.455258834128,11073.455258834128
2021-10-22,11073.455258834128,11073.455258834128
2021-10-23,11073.455258834128,11073.455258834128
2021-10-24,11073.455258834128,11073.455258834128
2021-10-25,11073.455258834128,11073.455258834128
2021-10-26,11073.455258834128,11073.455258834128
2021-10-27,11073.455258834128,11073.455258834128
2021-10-28,11073.455258834128,11073.455258834128
2021-10-29,11073.455258834128,11073.455258834128
2021-10-30,11073.455258834128,11073.455258834128
2021-10-31,11073.455258834128,11073.455258834128
2021-11-01,11073.455258834128,11073.455258834128
2021-11-02,11073.455258834128,11073.455258834128
2021-11-03,11073.455258834128,11073.455258834128
2021-11-04,11073.455258834128,11073.455258834128
2021-11-05,11073.455258834128,11073.455258834128
2021-11-06,11073.455258834128,11073.455258834128
2021-11-07,11073.455258834128,11073.455258834128
2021-11-08,11073.455258834128,11073.455258834128
2021-11-09,11073.455258834128,11073.455258834128
2021-11-10,11073.455258834128,11073.455258834128
2021-11-11,11073.455258834128,11073.455258834128
2021-11-12,11073.455258834128,11073.455258834128
2021-11-13,11073.455258834128,11073.455258834128
2021-11-14,11073.455258834128,11073.455258834128
2021-11-15,11073.455258834128,11073.455258834128
2021-11-16,11073.455258834128,11073.455258834128
2021-11-17,11073.455258834128,11073.455258834128
2021-11-18,11073.455258834128,11073.455258834128
2021-11-19,11073.455258834128,11073.455258834128
2021-11-20,11073.455258834128,11073.455258834128
2021-11-21,11073.455258834128,11073.455258834128
2021-11-22,11073.455258834128,11073.455258834128
2021-11-23,11073.455258834128,11073.455258834128
2021-11-24,11073.455258834128,11073.455258834128
2021-11-25,11073.455258834128,11073.455258834128
2021-11-26,11073.455258834128,11073.455258834128
2021-11-27,11073.455258834128,11073.455258834128
2021-11-28,11073.455258834128,11073.455258834128
2021-11-29,11073.455258834128,11073.455258834128
2021-11-30,11073.455258834128,11073.455258834128
2021-12-01,11073.455258834128,11073.455258834128
2021-12-02,11073.455258834128,11073.455258834128
2021-12-03,11073.455258834128,11073.455258834128
2021-12-04,11073.455258834128,11073.455258834128
2021-12-05,11073.455258834128,11073.455258834128
2021-12-06,11073.455258834128,11073.455258834128
2021-12-07,11073.455258834128,11073.455258834128
2021-12-08,11073.455258834128,11073.455258834128
2021-12-09,11073.455258834128,11073.455258834128
2021-12-10,11073.455258834128,11073.455258834128
2021-12-11,11073.455258834128,11073.455258834128
2021-12-12,11073.455258834128,11073.455258834128
2021-12-13,11073.455258834128,11073.455258834128
2021-12-14,11073.455258834128,11073.455258834128
2021-12-15,11073.455258834128,11073.455258834128
2021-12-16,11073.455258834128,11073.455258834128
2021-12-17,11073.455258834128,11073.455258834128
2021-12-18,11073.455258834128,11073.455258834128
2021-12-19,11073.455258834128,11073.455258834128
2021-12-20,11073.455258834128,11073.455258834128
2021-12-21,11073.455258834128,11073.455258834128
2021-12-22,11073.455258834128,11073.455258834128
2021-12-23,11073.455258834128,11073.455258834128
2021-12-24,11222.399286612914,12886.029831298792
2021-12-25,11197.39463662696,12886.029831298792
2021-12-26,11206.885452680022,12886.029831298792
2021-12-27,11194.291869840381,12886.029831298792
2021-12-28,11357.458567675862,13373.475112815147
2021-12-29,11455.37937129691,13373.475112815147
2021-12-30,11416.499052212082,13373.475112815147
2021-12-31,11414.541586907464,11414.541586907464
2022-01-01,11414.541586907464,11414.541586907464
2022-01-02,11414.541586907464,11414.541586907464
2022-01-03,11414.541586907464,11414.541586907464
2022-01-04,11414.541586907464,11414.541586907464
2022-01-05,11414.541586907464,11414.541586907464
2022-01-06,11414.541586907464,11414.541586907464
2022-01-07,11414.541586907464,11414.541586907464
2022-01-08,11414.541586907464,11414.541586907464
2022-01-09,11414.541586907464,11414.541586907464
2022-01-10,11414.541586907464,11414.541586907464
2022-01-11,11414.541586907464,11414.541586907464
2022-01-12,11414.541586907464,11414.541586907464
2022-01-13,11414.541586907464,11414.541586907464
2022-01-14,11414.541586907464,11414.541586907464
2022-01-15,11414.541586907464,11414.541586907464
2022-01-16,11414.541586907464,11414.541586907464
2022-01-17,11414.541586907464,11414.541586907464
2022-01-18,11414.541586907464,11414.541586907464
2022-01-19,11414.541586907464,11414.541586907464
2022-01-20,11414.541586907464,11414.541586907464
2022-01-21,11414.541586907464,11414.541586907464
2022-01-22,11414.541586907464,11414.541586907464
2022-01-23,11414.541586907464,11414.541586907464
2022-01-24,11414.541586907464,11414.541586907464
2022-01-25,11414.541586907464,11414.541586907464
2022-01-26,11414.541586907464,11414.541586907464
2022-01-27,11414.541586907464,11414.541586907464
2022-01-28,11414.541586907464,11414.541586907464
2022-01-29,11414.541586907464,11414.541586907464
2022-01-30,11414.541586907464,11414.541586907464
2022-01-31,11414.541586907464,11414.541586907464
2022-02-01,11414.541586907464,11414.541586907464
2022-02-02,11414.541586907464,11414.541586907464
2022-02-03,11414.541586907464,11414.541586907464
2022-02-04,11414.541586907464,11414.541586907464
2022-02-05,11414.541586907464,11414.541586907464
2022-02-06,11414.541586907464,11414.541586907464
2022-02-07,11414.541586907464,11414.541586907464
2022-02-08,11317.566729832917,18845.48247626558
2022-02-09,11126.564139566854,17788.683175556765
2022-02-10,11362.935407489833,20063.68383825043
2022-02-11,11917.346616798288,20063.68383825043
2022-02-12,11752.924497790093,20063.68383825043
2022-02-13,11822.921417882902,18599.54467098743
2022-02-14,11801.489744400958,16656.93831138608
2022-02-15,11539.553529549125,16656.93831138608
2022-02-16,11622.086561041331,16656.93831138608
2022-02-17,12016.776658926778,16656.93831138608
2022-02-18,11974.880410160255,14027.28351242963
2022-02-19,11876.710618916502,14027.28351242963
2022-02-20,11993.467223969072,14027.28351242963
2022-02-21,11991.43289922654,11991.43289922654
2022-02-22,11991.43289922654,11991.43289922654
2022-02-23,11991.43289922654,11991.43289922654
2022-02-24,11991.43289922654,11991.43289922654
2022-02-25,11991.43289922654,11991.43289922654
2022-02-26,11991.43289922654,11991.43289922654
2022-02-27,11991.43289922654,11991.43289922654
2022-02-28,11991.43289922654,11991.43289922654
2022-03-01,11991.43289922654,11991.43289922654
2022-03-02,11991.43289922654,11991.43289922654
2022-03-03,11991.43289922654,11991.43289922654
2022-03-04,11991.43289922654,11991.43289922654
2022-03-05,11991.43289922654,11991.43289922654
2022-03-06,11991.43289922654,11991.43289922654
2022-03-07,11991.43289922654,11991.43289922654
2022-03-08,11991.43289922654,11991.43289922654
2022-03-09,11991.43289922654,11991.43289922654
2022-03-10,11991.43289922654,11991.43289922654
2022-03-11,11991.43289922654,11991.43289922654
2022-03-12,11991.43289922654,11991.43289922654
2022-03-13,11991.43289922654,11991.43289922654
2022-03-14,11991.43289922654,11991.43289922654
2022-03-15,11991.43289922654,11991.43289922654
2022-03-16,11991.43289922654,11991.43289922654
2022-03-17,11991.43289922654,11991.43289922654
2022-03-18,11991.43289922654,11991.43289922654
2022-03-19,11991.43289922654,11991.43289922654
2022-03-20,11991.43289922654,11991.43289922654
2022-03-21,11991.43289922654,11991.43289922654
2022-03-22,11991.43289922654,11991.43289922654
2022-03-23,11991.43289922654,11991.43289922654
2022-03-24,11991.43289922654,11991.43289922654
2022-03-25,11991.43289922654,11991.43289922654
2022-03-26,11991.43289922654,11991.43289922654
2022-03-27,11991.43289922654,11991.43289922654
2022-03-28,11991.43289922654,11991.43289922654
2022-03-29,11991.43289922654,11991.43289922654
2022-03-30,11991.43289922654,11991.43289922654
2022-03-31,11991.43289922654,11991.43289922654
2022-04-01,11991.43289922654,11991.43289922654
2022-04-02,11991.43289922654,11991.43289922654
2022-04-03,11991.43289922654,11991.43289922654
2022-04-04,11991.43289922654,11991.43289922654
2022-04-05,11991.43289922654,11991.43289922654
2022-04-06,11991.43289922654,11991.43289922654
2022-04-07,11991.43289922654,11991.43289922654
2022-04-08,11991.43289922654,11991.43289922654
2022-04-09,11991.43289922654,11991.43289922654
2022-04-10,11991.43289922654,11991.43289922654
2022-04-11,11991.43289922654,11991.43289922654
2022-04-12,12060.593392856801,10177.844783113876
2022-04-13,12098.051218600378,10177.844783113876
2022-04-14,12017.221173574766,10177.844783113876
2022-04-15,12062.564857369622,10177.844783113876
2022-04-16,12052.707534805522,10177.844783113876
2022-04-17,12048.863647228345,12048.863647228345
2022-04-18,12048.863647228345,12048.863647228345
2022-04-19,12048.863647228345,12048.863647228345
2022-04-20,12048.863647228345,12048.863647228345
2022-04-21,12048.863647228345,12048.863647228345
2022-04-22,12048.863647228345,12048.863647228345
2022-04-23,12048.863647228345,12048.863647228345
2022-04-24,12048.863647228345,12048.863647228345
2022-04-25,12048.863647228345,12048.863647228345
2022-04-26,12048.863647228345,12048.863647228345
2022-04-27,12048.863647228345,12048.863647228345
2022-04-28,12048.863647228345,12048.863647228345
2022-04-29,12048.863647228345,12048.863647228345
2022-04-30,12048.863647228345,12048.863647228345
2022-05-01,12048.863647228345,12048.863647228345
2022-05-02,12048.863647228345,12048.863647228345
2022-05-03,12048.863647228345,12048.863647228345
2022-05-04,12048.863647228345,12048.863647228345
2022-05-05,12048.863647228345,12048.863647228345
2022-05-06,12048.863647228345,12048.863647228345
2022-05-07,12048.863647228345,12048.863647228345
2022-05-08,12048.863647228345,12048.863647228345
2022-05-09,12048.863647228345,12048.863647228345
2022-05-10,12048.863647228345,12048.863647228345
2022-05-11,12048.863647228345,12048.863647228345
2022-05-12,12048.863647228345,12048.863647228345
2022-05-13,12048.863647228345,12048.863647228345
2022-05-14,12048.863647228345,12048.863647228345
2022-05-15,12048.863647228345,12048.863647228345
2022-05-16,12048.863647228345,12048.863647228345
2022-05-17,12048.863647228345,12048.863647228345
2022-05-18,12048.863647228345,12048.863647228345
2022-05-19,12048.863647228345,12048.863647228345
2022-05-20,12048.863647228345,12048.863647228345
2022-05-21,12048.863647228345,12048.863647228345
2022-05-22,12048.863647228345,12048.863647228345
2022-05-23,12048.863647228345,12048.863647228345
2022-05-24,12048.863647228345,12048.863647228345
2022-05-25,12048.863647228345,12048.863647228345
2022-05-26,12048.863647228345,12048.863647228345
2022-05-27,12048.863647228345,12048.863647228345
2022-05-28,12048.863647228345,12048.863647228345
2022-05-29,12048.863647228345,12048.863647228345
2022-05-30,12048.863647228345,12048.863647228345
2022-05-31,12048.863647228345,12048.863647228345
2022-06-01,12048.863647228345,12048.863647228345
2022-06-02,12048.863647228345,12048.863647228345
2022-06-03,12048.863647228345,12048.863647228345
2022-06-04,12048.863647228345,12048.863647228345
2022-06-05,12048.863647228345,12048.863647228345
2022-06-06,12048.863647228345,12048.863647228345
2022-06-07,12048.863647228345,12048.863647228345
2022-06-08,12048.863647228345,12048.863647228345
2022-06-09,12048.863647228345,12048.863647228345
2022-06-10,12048.863647228345,12048.863647228345
2022-06-11,12048.863647228345,12048.863647228345
2022-06-12,12048.863647228345,12048.863647228345
2022-06-13,12048.863647228345,12048.863647228345
2022-06-14,12048.863647228345,12048.863647228345
2022-06-15,12048.863647228345,12048.863647228345
2022-06-16,12048.863647228345,12048.863647228345
2022-06-17,12048.863647228345,12048.863647228345
2022-06-18,12048.863647228345,12048.863647228345
2022-06-19,12048.863647228345,12048.863647228345
2022-06-20,12048.863647228345,12048.863647228345
2022-06-21,12048.863647228345,12048.863647228345
2022-06-22,12048.863647228345,12048.863647228345
2022-06-23,12048.863647228345,12048.863647228345
2022-06-24,12048.863647228345,12048.863647228345
2022-06-25,12048.863647228345,12048.863647228345
2022-06-26,12048.863647228345,12048.863647228345
2022-06-27,12048.863647228345,12048.863647228345
2022-06-28,12048.863647228345,12048.863647228345
2022-06-29,12048.863647228345,12048.863647228345
2022-06-30,12048.863647228345,12048.863647228345
2022-07-01,12048.863647228345,12048.863647228345
2022-07-02,12048.863647228345,12048.863647228345
2022-07-03,12048.863647228345,12048.863647228345
2022-07-04,12048.863647228345,12048.863647228345
2022-07-05,12048.863647228345,12048.863647228345
2022-07-06,12048.863647228345,12048.863647228345
2022-07-07,12048.863647228345,12048.863647228345
2022-07-08,12048.863647228345,12048.863647228345
2022-07-09,12048.863647228345,12048.863647228345
2022-07-10,12048.863647228345,12048.863647228345
2022-07-11,12048.863647228345,12048.863647228345
2022-07-12,12048.863647228345,12048.863647228345
2022-07-13,12048.863647228345,12048.863647228345
2022-07-14,12048.863647228345,12048.863647228345
2022-07-15,12048.863647228345,12048.863647228345
2022-07-16,12048.863647228345,12048.863647228345
2022-07-17,12048.863647228345,12048.863647228345
2022-07-18,11624.948752357908,14374.840181500509
2022-07-19,11622.21558378081,11622.21558378081
2022-07-20,11650.897342011527,13922.94354165168
2022-07-21,11570.457845715167,13922.94354165168
2022-07-22,11630.455227582399,13922.94354165168
2022-07-23,11610.44614552613,13922.94354165168
2022-07-24,11537.233810211288,13922.94354165168
2022-07-25,11771.534188229885,13922.94354165168
2022-07-26,11759.095706623264,13922.94354165168
2022-07-27,11480.431908612743,13922.94354165168
2022-07-28,11347.864273914567,13922.94354165168
2022-07-29,11345.288550877014,11345.288550877014
2022-07-30,11345.288550877014,11345.288550877014
2022-07-31,11345.288550877014,11345.288550877014
2022-08-01,11345.288550877014,11345.288550877014
2022-08-02,11345.288550877014,11345.288550877014
2022-08-03,11345.288550877014,11345.288550877014
2022-08-04,11345.288550877014,11345.288550877014
2022-08-05,11345.288550877014,11345.288550877014
2022-08-06,11345.288550877014,11345.288550877014
2022-08-07,11345.288550877014,11345.288550877014
2022-08-08,11345.288550877014,11345.288550877014
2022-08-09,11345.288550877014,11345.288550877014
2022-08-10,11345.288550877014,11345.288550877014
2022-08-11,11345.288550877014,11345.288550877014
2022-08-12,11345.288550877014,11345.288550877014
2022-08-13,11345.288550877014,11345.288550877014
2022-08-14,11345.288550877014,11345.288550877014
2022-08-15,11345.288550877014,11345.288550877014
2022-08-16,11345.288550877014,11345.288550877014
2022-08-17,11345.288550877014,11345.288550877014
2022-08-18,11345.288550877014,11345.288550877014
2022-08-19,11345.288550877014,11345.288550877014
2022-08-20,11345.288550877014,11345.288550877014
2022-08-21,11391.587190431273,9692.790776473537
2022-08-22,11384.737204891122,9692.790776473537
2022-08-23,11437.253760698955,9692.790776473537
2022-08-24,11418.987132591883,9692.790776473537
2022-08-25,11423.55378961865,9692.790776473537
2022-08-26,11275.137436248686,9692.790776473537
2022-08-27,11300.254049895912,9692.790776473537
2022-08-28,11259.154136655,9692.790776473537
2022-08-29,11352.770605703745,9692.790776473537
2022-08-30,11291.120735842374,9692.790776473537
2022-08-31,11297.970721382528,9692.790776473537
2022-09-01,11332.220649083289,9692.790776473537
2022-09-02,11359.620591243896,9692.790776473537
2022-09-03,11357.954178136579,11357.954178136579
2022-09-04,11357.954178136579,11357.954178136579
2022-09-05,11357.954178136579,11357.954178136579
2022-09-06,11357.954178136579,11357.954178136579
2022-09-07,11357.954178136579,11357.954178136579
2022-09-08,11357.954178136579,11357.954178136579
2022-09-09,11357.954178136579,11357.954178136579
2022-09-10,11357.954178136579,11357.954178136579
2022-09-11,11357.954178136579,11357.954178136579
2022-09-12,11357.954178136579,11357.954178136579
2022-09-13,11357.954178136579,11357.954178136579
2022-09-14,11357.954178136579,11357.954178136579
2022-09-15,11357.954178136579,11357.954178136579
2022-09-16,11357.954178136579,11357.954178136579
2022-09-17,11357.954178136579,11357.954178136579
2022-09-18,11357.954178136579,11357.954178136579
2022-09-19,11357.954178136579,11357.954178136579
2022-09-20,11357.954178136579,11357.954178136579
2022-09-21,11357.954178136579,11357.954178136579
2022-09-22,11357.954178136579,11357.954178136579
2022-09-23,11357.954178136579,11357.954178136579
2022-09-24,11357.954178136579,11357.954178136579
2022-09-25,11357.954178136579,11357.954178136579
2022-09-26,11357.954178136579,11357.954178136579
2022-09-27,11357.954178136579,11357.954178136579
2022-09-28,11357.954178136579,11357.954178136579
2022-09-29,11357.954178136579,11357.954178136579
2022-09-30,11357.954178136579,11357.954178136579
2022-10-01,11357.954178136579,11357.954178136579
2022-10-02,11357.954178136579,11357.954178136579
2022-10-03,11357.954178136579,11357.954178136579
2022-10-04,11357.954178136579,11357.954178136579
2022-10-05,11357.954178136579,11357.954178136579
2022-10-06,11357.954178136579,11357.954178136579
2022-10-07,11357.954178136579,11357.954178136579
2022-10-08,11357.954178136579,11357.954178136579
2022-10-09,11357.954178136579,11357.954178136579
2022-10-10,11357.954178136579,11357.954178136579
2022-10-11,11357.954178136579,11357.954178136579
2022-10-12,11357.954178136579,11357.954178136579
2022-10-13,11357.954178136579,11357.954178136579
2022-10-14,11357.954178136579,11357.954178136579
2022-10-15,11357.954178136579,11357.954178136579
2022-10-16,11357.954178136579,11357.954178136579
2022-10-17,11357.954178136579,11357.954178136579
2022-10-18,11357.954178136579,11357.954178136579
2022-10-19,11357.954178136579,11357.954178136579
2022-10-20,11357.954178136579,11357.954178136579
2022-10-21,11357.954178136579,11357.954178136579
2022-10-22,11357.954178136579,11357.954178136579
2022-10-23,11357.954178136579,11357.954178136579
2022-10-24,11357.954178136579,11357.954178136579
2022-10-25,11357.954178136579,11357.954178136579
2022-10-26,11357.954178136579,11357.954178136579
2022-10-27,11467.815311258428,14761.955629158532
2022-10-28,11380.003479924952,14761.955629158532
2022-10-29,11238.277446895652,14761.955629158532
2022-10-30,11234.752887793844,11234.752887793844
2022-10-31,11234.752887793844,11234.752887793844
2022-11-01,11234.752887793844,11234.752887793844
2022-11-02,11234.752887793844,11234.752887793844
2022-11-03,11234.752887793844,11234.752887793844
2022-11-04,11234.752887793844,11234.752887793844
2022-11-05,11234.752887793844,11234.752887793844
2022-11-06,11234.752887793844,11234.752887793844
2022-11-07,11234.752887793844,11234.752887793844
2022-11-08,11234.752887793844,11234.752887793844
2022-11-09,11234.752887793844,11234.752887793844
2022-11-10,11234.752887793844,11234.752887793844
2022-11-11,11234.752887793844,11234.752887793844
2022-11-12,11234.752887793844,11234.752887793844
2022-11-13,11234.752887793844,11234.752887793844
2022-11-14,11234.752887793844,11234.752887793844
2022-11-15,11234.752887793844,11234.752887793844
2022-11-16,11234.752887793844,11234.752887793844
2022-11-17,11234.752887793844,11234.752887793844
2022-11-18,11234.752887793844,11234.752887793844
2022-11-19,11234.752887793844,11234.752887793844
2022-11-20,11234.752887793844,11234.752887793844
2022-11-21,11234.752887793844,11234.752887793844
2022-11-22,11234.752887793844,11234.752887793844
2022-11-23,11234.752887793844,11234.752887793844
2022-11-24,11234.752887793844,11234.752887793844
2022-11-25,11234.752887793844,11234.752887793844
2022-11-26,11234.752887793844,11234.752887793844
2022-11-27,11234.752887793844,11234.752887793844
2022-11-28,11234.752887793844,11234.752887793844
2022-11-29,11234.752887793844,11234.752887793844
2022-11-30,11234.752887793844,11234.752887793844
2022-12-01,11234.752887793844,11234.752887793844
2022-12-02,11234.752887793844,11234.752887793844
2022-12-03,11234.752887793844,11234.752887793844
2022-12-04,11234.752887793844,11234.752887793844
2022-12-05,11301.863825101134,14189.511153690713
2022-12-06,11287.000934439275,14189.511153690713
2022-12-07,11369.808468126772,14189.511153690713
2022-12-08,11366.988060515538,11366.988060515538
2022-12-09,11366.988060515538,11366.988060515538
2022-12-10,11366.988060515538,11366.988060515538
2022-12-11,11366.988060515538,11366.988060515538
2022-12-12,11366.988060515538,11366.988060515538
2022-12-13,11366.988060515538,11366.988060515538
2022-12-14,11366.988060515538,11366.988060515538
2022-12-15,11366.988060515538,11366.988060515538
2022-12-16,11140.04038003992,8735.336882625144
2022-12-17,11137.27366648893,11137.27366648893
2022-12-18,11117.151621099641,8902.683708324963
2022-12-19,11082.749447528495,8902.683708324963
2022-12-20,11157.746185913595,8902.683708324963
2022-12-21,11155.835365001607,11155.835365001607
2022-12-22,11155.835365001607,11155.835365001607
2022-12-23,11155.835365001607,11155.835365001607
2022-12-24,11155.835365001607,11155.835365001607
2022-12-25,11155.835365001607,11155.835365001607
2022-12-26,11155.835365001607,11155.835365001607
2022-12-27,11155.835365001607,11155.835365001607
2022-12-28,11155.835365001607,11155.835365001607
2022-12-29,11155.835365001607,11155.835365001607
2022-12-30,11155.835365001607,11155.835365001607
2022-12-31,11155.835365001607,11155.835365001607
2023-01-01,11155.835365001607,11155.835365001607
2023-01-02,11155.835365001607,11155.835365001607
2023-01-03,11155.835365001607,11155.835365001607
2023-01-04,11155.835365001607,11155.835365001607
2023-01-05,11155.835365001607,11155.835365001607
2023-01-06,11155.835365001607,11155.835365001607
2023-01-07,11134.461552473582,14499.240057236837
2023-01-08,10959.333394552494,14499.240057236837
2023-01-09,10694.295893869614,17525.92308616452
2023-01-10,10635.914177044906,15787.481863118799
2023-01-11,10372.8847359423,22162.650409851474
2023-01-12,10116.665691660932,18582.110356586447
2023-01-13,9495.736581936399,24407.837341754468
2023-01-14,8931.428904069217,18846.572367211757
2023-01-15,8920.455308423298,8920.455308423298
2023-01-16,8970.138505042034,11593.465518064999
2023-01-17,8905.142102792326,11593.465518064999
2023-01-18,9041.90536585942,11593.465518064999
2023-01-19,8974.652144087153,11593.465518064999
2023-01-20,8972.032676009832,8972.032676009832
2023-01-21,8972.032676009832,8972.032676009832
2023-01-22,8972.032676009832,8972.032676009832
2023-01-23,8972.032676009832,8972.032676009832
2023-01-24,8972.032676009832,8972.032676009832
2023-01-25,8972.032676009832,8972.032676009832
2023-01-26,8972.032676009832,8972.032676009832
2023-01-27,8972.032676009832,8972.032676009832
2023-01-28,8972.032676009832,8972.032676009832
2023-01-29,8972.032676009832,8972.032676009832
2023-01-30,8972.032676009832,8972.032676009832
2023-01-31,8972.032676009832,8972.032676009832
2023-02-01,8972.032676009832,8972.032676009832
2023-02-02,8972.032676009832,8972.032676009832
2023-02-03,8972.032676009832,8972.032676009832
2023-02-04,8972.032676009832,8972.032676009832
2023-02-05,8972.032676009832,8972.032676009832
2023-02-06,8972.032676009832,8972.032676009832
2023-02-07,8972.032676009832,8972.032676009832
2023-02-08,8972.032676009832,8972.032676009832
2023-02-09,8972.032676009832,8972.032676009832
2023-02-10,8948.260358750218,7723.985026335918
2023-02-11,9017.655531617003,5036.821772170864
2023-02-12,9049.245170958055,5036.821772170864
2023-02-13,9004.224352061074,5036.821772170864
2023-02-14,9055.826277301929,6300.01306071589
2023-02-15,9319.518537822916,6300.01306071589
2023-02-16,9316.353452449093,9316.353452449093
2023-02-17,9316.353452449093,9316.353452449093
2023-02-18,9316.353452449093,9316.353452449093
2023-02-19,9316.353452449093,9316.353452449093
2023-02-20,9316.353452449093,9316.353452449093
2023-02-21,9316.353452449093,9316.353452449093
2023-02-22,9316.353452449093,9316.353452449093
2023-02-23,9316.353452449093,9316.353452449093
2023-02-24,9316.353452449093,9316.353452449093
2023-02-25,9316.353452449093,9316.353452449093
2023-02-26,9316.353452449093,9316.353452449093
2023-02-27,9316.353452449093,9316.353452449093
2023-02-28,9316.353452449093,9316.353452449093
2023-03-01,9316.353452449093,9316.353452449093
2023-03-02,9316.353452449093,9316.353452449093
2023-03-03,9316.353452449093,9316.353452449093
2023-03-04,9316.353452449093,9316.353452449093
2023-03-05,9316.353452449093,9316.353452449093
2023-03-06,9316.353452449093,9316.353452449093
2023-03-07,9316.353452449093,9316.353452449093
2023-03-08,9316.353452449093,9316.353452449093
2023-03-09,9316.353452449093,9316.353452449093
2023-03-10,9316.353452449093,9316.353452449093
2023-03-11,9316.353452449093,9316.353452449093
2023-03-12,9316.353452449093,9316.353452449093
2023-03-13,9316.353452449093,9316.353452449093
2023-03-14,9316.353452449093,9316.353452449093
2023-03-15,9316.353452449093,9316.353452449093
2023-03-16,9316.353452449093,9316.353452449093
2023-03-17,9316.353452449093,9316.353452449093
2023-03-18,9316.353452449093,9316.353452449093
2023-03-19,9316.353452449093,9316.353452449093
2023-03-20,9316.353452449093,9316.353452449093
2023-03-21,9316.353452449093,9316.353452449093
2023-03-22,9316.353452449093,9316.353452449093
2023-03-23,9316.353452449093,9316.353452449093
2023-03-24,9316.353452449093,9316.353452449093
2023-03-25,9316.353452449093,9316.353452449093
2023-03-26,9316.353452449093,9316.353452449093
2023-03-27,9316.353452449093,9316.353452449093
2023-03-28,9316.353452449093,9316.353452449093
2023-03-29,9316.353452449093,9316.353452449093
2023-03-30,9316.353452449093,9316.353452449093
2023-03-31,9316.353452449093,9316.353452449093
2023-04-01,9316.353452449093,9316.353452449093
2023-04-02,9316.353452449093,9316.353452449093
2023-04-03,9316.353452449093,9316.353452449093
2023-04-04,9316.353452449093,9316.353452449093
2023-04-05,9316.353452449093,9316.353452449093
2023-04-06,9316.353452449093,9316.353452449093
2023-04-07,9316.353452449093,9316.353452449093
2023-04-08,9316.353452449093,9316.353452449093
2023-04-09,9316.353452449093,9316.353452449093
2023-04-10,9316.353452449093,9316.353452449093
2023-04-11,9316.353452449093,9316.353452449093
2023-04-12,9316.353452449093,9316.353452449093
2023-04-13,9316.353452449093,9316.353452449093
2023-04-14,9316.353452449093,9316.353452449093
2023-04-15,9316.353452449093,9316.353452449093
2023-04-16,9316.353452449093,9316.353452449093
2023-04-17,9375.453914264424,12108.465278082485
2023-04-18,9350.535281241378,12108.465278082485
2023-04-19,9516.927443685596,12108.465278082485
2023-04-20,9551.491999169177,12108.465278082485
2023-04-21,9549.739017546483,9549.739017546483
2023-04-22,9666.13666695907,7208.592376635861
2023-04-23,9628.640759160115,7208.592376635861
2023-04-24,9609.892805260637,7208.592376635861
2023-04-25,9653.638031026085,7208.592376635861
2023-04-26,9613.53824074109,7208.592376635861
2023-04-27,9639.056289104268,7208.592376635861
2023-04-28,9706.236457244064,7208.592376635861
2023-04-29,9697.90403328874,7208.592376635861
2023-04-30,9694.895088109097,9694.895088109097
2023-05-01,9694.895088109097,9694.895088109097
2023-05-02,9694.895088109097,9694.895088109097
2023-05-03,9694.895088109097,9694.895088109097
2023-05-04,9694.895088109097,9694.895088109097
2023-05-05,9694.895088109097,9694.895088109097
2023-05-06,9694.895088109097,9694.895088109097
2023-05-07,9694.895088109097,9694.895088109097
2023-05-08,9694.895088109097,9694.895088109097
2023-05-09,9694.895088109097,9694.895088109097
2023-05-10,9694.895088109097,9694.895088109097
2023-05-11,9694.895088109097,9694.895088109097
2023-05-12,9694.895088109097,9694.895088109097
2023-05-13,9694.895088109097,9694.895088109097
2023-05-14,9694.895088109097,9694.895088109097
2023-05-15,9694.895088109097,9694.895088109097
2023-05-16,9694.895088109097,9694.895088109097
2023-05-17,9694.895088109097,9694.895088109097
2023-05-18,9694.895088109097,9694.895088109097
2023-05-19,9694.895088109097,9694.895088109097
2023-05-20,9694.895088109097,9694.895088109097
2023-05-21,9694.895088109097,9694.895088109097
2023-05-22,9694.895088109097,9694.895088109097
2023-05-23,9694.895088109097,9694.895088109097
2023-05-24,9694.895088109097,9694.895088109097
2023-05-25,9694.895088109097,9694.895088109097
2023-05-26,9694.895088109097,9694.895088109097
2023-05-27,9694.895088109097,9694.895088109097
2023-05-28,9694.895088109097,9694.895088109097
2023-05-29,9694.895088109097,9694.895088109097
2023-05-30,9694.895088109097,9694.895088109097
2023-05-31,9694.895088109097,9694.895088109097
2023-06-01,9694.895088109097,9694.895088109097
2023-06-02,9694.895088109097,9694.895088109097
2023-06-03,9694.895088109097,9694.895088109097
2023-06-04,9694.895088109097,9694.895088109097
2023-06-05,9694.895088109097,9694.895088109097
2023-06-06,9736.100290732213,6782.465950482945
2023-06-07,9506.069735783924,6782.465950482945
2023-06-08,9503.346812899568,9503.346812899568
2023-06-09,9503.346812899568,9503.346812899568
2023-06-10,9503.346812899568,9503.346812899568
2023-06-11,9503.346812899568,9503.346812899568
2023-06-12,9503.346812899568,9503.346812899568
2023-06-13,9503.346812899568,9503.346812899568
2023-06-14,9503.346812899568,9503.346812899568
2023-06-15,9503.346812899568,9503.346812899568
2023-06-16,9503.346812899568,9503.346812899568
2023-06-17,9503.346812899568,9503.346812899568
2023-06-18,9503.346812899568,9503.346812899568
2023-06-19,9503.346812899568,9503.346812899568
2023-06-20,9503.346812899568,9503.346812899568
2023-06-21,9503.346812899568,9503.346812899568
2023-06-22,9503.346812899568,9503.346812899568
2023-06-23,9503.346812899568,9503.346812899568
2023-06-24,9503.346812899568,9503.346812899568
2023-06-25,9503.346812899568,9503.346812899568
2023-06-26,9503.346812899568,9503.346812899568
2023-06-27,9503.346812899568,9503.346812899568
2023-06-28,9503.346812899568,9503.346812899568
2023-06-29,9503.346812899568,9503.346812899568
2023-06-30,9503.346812899568,9503.346812899568
2023-07-01,9503.346812899568,9503.346812899568
2023-07-02,9503.346812899568,9503.346812899568
2023-07-03,9503.346812899568,9503.346812899568
2023-07-04,9503.346812899568,9503.346812899568
2023-07-05,9503.346812899568,9503.346812899568
2023-07-06,9503.346812899568,9503.346812899568
2023-07-07,9503.346812899568,9503.346812899568
2023-07-08,9472.27262088769,11580.261372368388
2023-07-09,9519.632294809082,11580.261372368388
2023-07-10,9521.56534272424,11580.261372368388
2023-07-11,9447.142997990626,11580.261372368388
2023-07-12,9459.707809439158,11580.261372368388
2023-07-13,9458.554216461005,9458.554216461005
2023-07-14,9458.554216461005,9458.554216461005
2023-07-15,9458.554216461005,9458.554216461005
2023-07-16,9458.554216461005,9458.554216461005
2023-07-17,9458.554216461005,9458.554216461005
2023-07-18,9458.554216461005,9458.554216461005
2023-07-19,9458.554216461005,9458.554216461005
2023-07-20,9458.554216461005,9458.554216461005
2023-07-21,9458.554216461005,9458.554216461005
2023-07-22,9458.554216461005,9458.554216461005
2023-07-23,9458.554216461005,9458.554216461005
2023-07-24,9458.554216461005,9458.554216461005
2023-07-25,9458.554216461005,9458.554216461005
2023-07-26,9458.554216461005,9458.554216461005
2023-07-27,9458.554216461005,9458.554216461005
2023-07-28,9458.554216461005,9458.554216461005
2023-07-29,9458.554216461005,9458.554216461005
2023-07-30,9458.554216461005,9458.554216461005
2023-07-31,9458.554216461005,9458.554216461005
2023-08-01,9458.554216461005,9458.554216461005
2023-08-02,9458.554216461005,9458.554216461005
2023-08-03,9458.554216461005,9458.554216461005
2023-08-04,9458.554216461005,9458.554216461005
2023-08-05,9438.276268229865,7723.485078894607
2023-08-06,9425.18625915097,7723.485078894607
2023-08-07,9424.095425061063,7723.485078894607
2023-08-08,9473.728376151874,7723.485078894607
2023-08-09,9477.819003989027,7723.485078894607
2023-08-10,9450.002734696376,7723.485078894607
2023-08-11,9446.457523904175,7723.485078894607
2023-08-12,9435.003765960142,7723.485078894607
2023-08-13,9433.292675152748,9433.292675152748
2023-08-14,9433.292675152748,9433.292675152748
2023-08-15,9433.292675152748,9433.292675152748
2023-08-16,9433.292675152748,9433.292675152748
2023-08-17,9433.292675152748,9433.292675152748
2023-08-18,9304.830570393988,934.8371901152423
2023-08-19,9308.36576872582,6495.246305276056
2023-08-20,9311.307068232356,3699.9433695955627
2023-08-21,9225.40761658805,3699.9433695955627
2023-08-22,9219.883533707121,9219.883533707121
2023-08-23,9219.883533707121,9219.883533707121
2023-08-24,9219.883533707121,9219.883533707121
2023-08-25,9219.883533707121,9219.883533707121
2023-08-26,9219.883533707121,9219.883533707121
2023-08-27,9219.883533707121,9219.883533707121
2023-08-28,9219.883533707121,9219.883533707121
2023-08-29,9219.883533707121,9219.883533707121
2023-08-30,9219.883533707121,9219.883533707121
2023-08-31,9219.883533707121,9219.883533707121
2023-09-01,9219.883533707121,9219.883533707121
2023-09-02,9219.883533707121,9219.883533707121
2023-09-03,9219.883533707121,9219.883533707121
2023-09-04,9219.883533707121,9219.883533707121
2023-09-05,9219.883533707121,9219.883533707121
2023-09-06,9219.883533707121,9219.883533707121
2023-09-07,9219.883533707121,9219.883533707121
2023-09-08,9219.883533707121,9219.883533707121
2023-09-09,9219.883533707121,9219.883533707121
2023-09-10,9219.883533707121,9219.883533707121
2023-09-11,9219.883533707121,9219.883533707121
2023-09-12,9219.883533707121,9219.883533707121
2023-09-13,9219.883533707121,9219.883533707121
2023-09-14,9219.883533707121,9219.883533707121
2023-09-15,9219.883533707121,9219.883533707121
2023-09-16,9219.883533707121,9219.883533707121
2023-09-17,9219.883533707121,9219.883533707121
2023-09-18,9219.883533707121,9219.883533707121
2023-09-19,9219.883533707121,9219.883533707121
2023-09-20,9219.883533707121,9219.883533707121
2023-09-21,9219.883533707121,9219.883533707121
2023-09-22,9219.883533707121,9219.883533707121
2023-09-23,9219.883533707121,9219.883533707121
2023-09-24,9219.883533707121,9219.883533707121
2023-09-25,9219.883533707121,9219.883533707121
2023-09-26,9219.883533707121,9219.883533707121
2023-09-27,9219.883533707121,9219.883533707121
2023-09-28,9219.883533707121,9219.883533707121
2023-09-29,9219.883533707121,9219.883533707121
2023-09-30,9219.883533707121,9219.883533707121
2023-10-01,9219.883533707121,9219.883533707121
2023-10-02,9331.024717925304,11983.099254825549
2023-10-03,9339.830932701345,11983.099254825549
2023-10-04,9356.262818968231,11983.099254825549
2023-10-05,9411.764306659978,11983.099254825549
2023-10-06,9261.573131667405,12229.898794645687
2023-10-07,9258.604063923012,9258.604063923012
2023-10-08,9258.604063923012,9258.604063923012
2023-10-09,9258.604063923012,9258.604063923012
2023-10-10,9258.604063923012,9258.604063923012
2023-10-11,9258.604063923012,9258.604063923012
2023-10-12,9258.604063923012,9258.604063923012
2023-10-13,9258.604063923012,9258.604063923012
2023-10-14,9258.604063923012,9258.604063923012
2023-10-15,9258.604063923012,9258.604063923012
2023-10-16,9258.604063923012,9258.604063923012
2023-10-17,9258.604063923012,9258.604063923012
2023-10-18,9258.604063923012,9258.604063923012
2023-10-19,9258.604063923012,9258.604063923012
2023-10-20,9258.604063923012,9258.604063923012
2023-10-21,9258.604063923012,9258.604063923012
2023-10-22,9258.604063923012,9258.604063923012
2023-10-23,9258.604063923012,9258.604063923012
2023-10-24,9263.683600210541,14809.442796634754
2023-10-25,9258.136454574316,9258.136454574316
2023-10-26,9258.136454574316,9258.136454574316
2023-10-27,9258.136454574316,9258.136454574316
2023-10-28,9258.136454574316,9258.136454574316
2023-10-29,9258.136454574316,9258.136454574316
2023-10-30,9258.136454574316,9258.136454574316
2023-10-31,9258.136454574316,9258.136454574316
2023-11-01,9258.136454574316,9258.136454574316
2023-11-02,9312.175243086842,11965.586814836674
2023-11-03,9308.947379947322,9308.947379947322
2023-11-04,9308.947379947322,9308.947379947322
2023-11-05,9308.947379947322,9308.947379947322
2023-11-06,9308.947379947322,9308.947379947322
2023-11-07,9308.947379947322,9308.947379947322
2023-11-08,9308.947379947322,9308.947379947322
2023-11-09,9308.947379947322,9308.947379947322
2023-11-10,9308.947379947322,9308.947379947322
2023-11-11,9308.947379947322,9308.947379947322
2023-11-12,9308.947379947322,9308.947379947322
2023-11-13,9308.947379947322,9308.947379947322
2023-11-14,9308.947379947322,9308.947379947322
2023-11-15,9308.947379947322,9308.947379947322
2023-11-16,9308.947379947322,9308.947379947322
2023-11-17,9308.947379947322,9308.947379947322
2023-11-18,9308.947379947322,9308.947379947322
2023-11-19,9308.947379947322,9308.947379947322
2023-11-20,9308.947379947322,9308.947379947322
2023-11-21,9308.947379947322,9308.947379947322
2023-11-22,9308.947379947322,9308.947379947322
2023-11-23,9308.947379947322,9308.947379947322
2023-11-24,9308.947379947322,9308.947379947322
2023-11-25,9308.947379947322,9308.947379947322
2023-11-26,9308.947379947322,9308.947379947322
2023-11-27,9308.947379947322,9308.947379947322
2023-11-28,9308.947379947322,9308.947379947322
2023-11-29,9308.947379947322,9308.947379947322
2023-11-30,9308.947379947322,9308.947379947322
2023-12-01,9308.947379947322,9308.947379947322
2023-12-02,9308.947379947322,9308.947379947322
2023-12-03,9308.947379947322,9308.947379947322
2023-12-04,9308.947379947322,9308.947379947322
2023-12-05,9308.947379947322,9308.947379947322
2023-12-06,9308.947379947322,9308.947379947322
2023-12-07,9308.947379947322,9308.947379947322
2023-12-08,9308.947379947322,9308.947379947322
2023-12-09,9308.947379947322,9308.947379947322
2023-12-10,9308.947379947322,9308.947379947322
2023-12-11,9308.947379947322,9308.947379947322
2023-12-12,9308.947379947322,9308.947379947322
2023-12-13,9308.947379947322,9308.947379947322
2023-12-14,9308.947379947322,9308.947379947322
2023-12-15,9308.947379947322,9308.947379947322
2023-12-16,9308.947379947322,9308.947379947322
2023-12-17,9308.947379947322,9308.947379947322
2023-12-18,9308.947379947322,9308.947379947322
2023-12-19,9308.947379947322,9308.947379947322
2023-12-20,9308.947379947322,9308.947379947322
2023-12-21,9308.947379947322,9308.947379947322
2023-12-22,9308.947379947322,9308.947379947322
2023-12-23,9308.947379947322,9308.947379947322
2023-12-24,9308.947379947322,9308.947379947322
2023-12-25,9308.947379947322,9308.947379947322
2023-12-26,9308.947379947322,9308.947379947322
2023-12-27,9308.947379947322,9308.947379947322
2023-12-28,9308.947379947322,9308.947379947322
2023-12-29,9308.947379947322,9308.947379947322
2023-12-30,9308.947379947322,9308.947379947322
2023-12-31,9308.947379947322,9308.947379947322
2024-01-01,9308.947379947322,9308.947379947322
2024-01-02,9308.947379947322,9308.947379947322
2024-01-03,9308.947379947322,9308.947379947322
2024-01-04,9308.947379947322,9308.947379947322
2024-01-05,9308.947379947322,9308.947379947322
2024-01-06,9308.947379947322,9308.947379947322
2024-01-07,9308.947379947322,9308.947379947322
2024-01-08,9431.072143532085,8000.634232678169
2024-01-09,9354.9512790964,8000.634232678169
2024-01-10,9496.620665685035,8000.634232678169
2024-01-11,9538.910034815972,8000.634232678169
2024-01-12,9537.372143582785,9537.372143582785
2024-01-13,9537.372143582785,9537.372143582785
2024-01-14,9537.372143582785,9537.372143582785
2024-01-15,9537.372143582785,9537.372143582785
2024-01-16,9537.372143582785,9537.372143582785
2024-01-17,9537.372143582785,9537.372143582785
2024-01-18,9537.372143582785,9537.372143582785
2024-01-19,9537.372143582785,9537.372143582785
2024-01-20,9537.372143582785,9537.372143582785
2024-01-21,9537.372143582785,9537.372143582785
2024-01-22,9537.372143582785,9537.372143582785
2024-01-23,9537.372143582785,9537.372143582785
2024-01-24,9537.372143582785,9537.372143582785
2024-01-25,9537.372143582785,9537.372143582785
2024-01-26,9537.372143582785,9537.372143582785
2024-01-27,9537.372143582785,9537.372143582785
2024-01-28,9537.372143582785,9537.372143582785
2024-01-29,9537.372143582785,9537.372143582785
2024-01-30,9537.372143582785,9537.372143582785
2024-01-31,9537.372143582785,9537.372143582785
2024-02-01,9537.372143582785,9537.372143582785
2024-02-02,9537.372143582785,9537.372143582785
2024-02-03,9537.372143582785,9537.372143582785
2024-02-04,9537.372143582785,9537.372143582785
2024-02-05,9537.372143582785,9537.372143582785
2024-02-06,9537.372143582785,9537.372143582785
2024-02-07,9537.372143582785,9537.372143582785
2024-02-08,9537.372143582785,9537.372143582785
2024-02-09,9537.372143582785,9537.372143582785
2024-02-10,9537.372143582785,9537.372143582785
2024-02-11,9537.372143582785,9537.372143582785
2024-02-12,9537.372143582785,9537.372143582785
2024-02-13,9537.372143582785,9537.372143582785
2024-02-14,9537.372143582785,9537.372143582785
2024-02-15,9537.372143582785,9537.372143582785
2024-02-16,9523.824090425049,12395.723287459106
2024-02-17,9598.636988168093,12395.723287459106
2024-02-18,9560.467142380825,12395.723287459106
2024-02-19,9532.47592213683,12395.723287459106
2024-02-20,9529.611958959666,9529.611958959666
2024-02-21,9529.611958959666,9529.611958959666
2024-02-22,9529.611958959666,9529.611958959666
2024-02-23,9529.611958959666,9529.611958959666
2024-02-24,9529.611958959666,9529.611958959666
2024-02-25,9529.611958959666,9529.611958959666
2024-02-26,9529.611958959666,9529.611958959666
2024-02-27,9529.611958959666,9529.611958959666
2024-02-28,9529.611958959666,9529.611958959666
2024-02-29,9529.611958959666,9529.611958959666
2024-03-01,9529.611958959666,9529.611958959666
2024-03-02,9529.611958959666,9529.611958959666
2024-03-03,9529.611958959666,9529.611958959666
2024-03-04,9529.611958959666,9529.611958959666
2024-03-05,9529.611958959666,9529.611958959666
2024-03-06,9529.611958959666,9529.611958959666
2024-03-07,9529.611958959666,9529.611958959666
2024-03-08,9529.611958959666,9529.611958959666
2024-03-09,9529.611958959666,9529.611958959666
2024-03-10,9529.611958959666,9529.611958959666
2024-03-11,9529.611958959666,9529.611958959666
2024-03-12,9529.611958959666,9529.611958959666
2024-03-13,9529.611958959666,9529.611958959666
2024-03-14,9529.611958959666,9529.611958959666
2024-03-15,9529.611958959666,9529.611958959666
2024-03-16,9529.611958959666,9529.611958959666
2024-03-17,9529.611958959666,9529.611958959666
2024-03-18,9529.611958959666,9529.611958959666
2024-03-19,9529.611958959666,9529.611958959666
2024-03-20,9529.611958959666,9529.611958959666
2024-03-21,9529.611958959666,9529.611958959666
2024-03-22,9529.611958959666,9529.611958959666
2024-03-23,9529.611958959666,9529.611958959666
2024-03-24,9529.611958959666,9529.611958959666
2024-03-25,9529.611958959666,9529.611958959666
2024-03-26,9529.611958959666,9529.611958959666
2024-03-27,9529.611958959666,9529.611958959666
2024-03-28,9529.611958959666,9529.611958959666
2024-03-29,9529.611958959666,9529.611958959666
2024-03-30,9529.611958959666,9529.611958959666
2024-03-31,9529.611958959666,9529.611958959666
2024-04-01,9529.611958959666,9529.611958959666
2024-04-02,9529.611958959666,9529.611958959666
2024-04-03,9529.611958959666,9529.611958959666
2024-04-04,9529.611958959666,9529.611958959666
2024-04-05,9529.611958959666,9529.611958959666
2024-04-06,9529.611958959666,9529.611958959666
2024-04-07,9529.611958959666,9529.611958959666
2024-04-08,9529.611958959666,9529.611958959666
2024-04-09,9529.611958959666,9529.611958959666
2024-04-10,9529.611958959666,9529.611958959666
2024-04-11,9529.611958959666,9529.611958959666
2024-04-12,9529.611958959666,9529.611958959666
2024-04-13,9529.611958959666,9529.611958959666
2024-04-14,9529.611958959666,9529.611958959666
2024-04-15,9506.430346459907,8441.27684604702
2024-04-16,9531.524871949789,8441.27684604702
2024-04-17,9534.934454217435,8441.27684604702
2024-04-18,9542.571918496964,8441.27684604702
2024-04-19,9544.208517985435,8441.27684604702
2024-04-20,9601.080350209784,8441.27684604702
2024-04-21,9589.078620627668,8441.27684604702
2024-04-22,9587.93110580353,9587.93110580353
2024-04-23,9587.93110580353,9587.93110580353
2024-04-24,9587.93110580353,9587.93110580353
2024-04-25,9587.93110580353,9587.93110580353
2024-04-26,9587.93110580353,9587.93110580353
2024-04-27,9587.93110580353,9587.93110580353
2024-04-28,9587.93110580353,9587.93110580353
2024-04-29,9587.93110580353,9587.93110580353
2024-04-30,9587.93110580353,9587.93110580353
2024-05-01,9587.93110580353,9587.93110580353
2024-05-02,9587.93110580353,9587.93110580353
2024-05-03,9587.93110580353,9587.93110580353
2024-05-04,9587.93110580353,9587.93110580353
2024-05-05,9587.93110580353,9587.93110580353
2024-05-06,9587.93110580353,9587.93110580353
2024-05-07,9587.93110580353,9587.93110580353
2024-05-08,9587.93110580353,9587.93110580353
2024-05-09,9587.93110580353,9587.93110580353
2024-05-10,9587.93110580353,9587.93110580353
2024-05-11,9587.93110580353,9587.93110580353
2024-05-12,9587.93110580353,9587.93110580353
2024-05-13,9587.93110580353,9587.93110580353
2024-05-14,9587.93110580353,9587.93110580353
2024-05-15,9587.93110580353,9587.93110580353
2024-05-16,9587.93110580353,9587.93110580353
2024-05-17,9587.93110580353,9587.93110580353
2024-05-18,9587.93110580353,9587.93110580353
2024-05-19,9587.93110580353,9587.93110580353
2024-05-20,9587.93110580353,9587.93110580353
2024-05-21,9587.93110580353,9587.93110580353
2024-05-22,9587.93110580353,9587.93110580353
2024-05-23,9587.93110580353,9587.93110580353
2024-05-24,9587.93110580353,9587.93110580353
2024-05-25,9587.93110580353,9587.93110580353
2024-05-26,9587.93110580353,9587.93110580353
2024-05-27,9587.93110580353,9587.93110580353
2024-05-28,9587.93110580353,9587.93110580353
2024-05-29,9587.93110580353,9587.93110580353
2024-05-30,9587.93110580353,9587.93110580353
2024-05-31,9587.93110580353,9587.93110580353
2024-06-01,9587.93110580353,9587.93110580353
2024-06-02,9587.93110580353,9587.93110580353
2024-06-03,9587.93110580353,9587.93110580353
2024-06-04,9587.93110580353,9587.93110580353
2024-06-05,9587.93110580353,9587.93110580353
2024-06-06,9587.93110580353,9587.93110580353
2024-06-07,9587.93110580353,9587.93110580353
2024-06-08,9587.93110580353,9587.93110580353
2024-06-09,9587.93110580353,9587.93110580353
2024-06-10,9587.93110580353,9587.93110580353
2024-06-11,9587.93110580353,9587.93110580353
2024-06-12,9587.93110580353,9587.93110580353
2024-06-13,9587.93110580353,9587.93110580353
2024-06-14,9587.93110580353,9587.93110580353
2024-06-15,9587.93110580353,9587.93110580353
2024-06-16,9587.93110580353,9587.93110580353
2024-06-17,9587.93110580353,9587.93110580353
2024-06-18,9587.93110580353,9587.93110580353
2024-06-19,9587.93110580353,9587.93110580353
2024-06-20,9587.93110580353,9587.93110580353
2024-06-21,9587.93110580353,9587.93110580353
2024-06-22,9587.93110580353,9587.93110580353
2024-06-23,9587.93110580353,9587.93110580353
2024-06-24,9587.93110580353,9587.93110580353
2024-06-25,9587.93110580353,9587.93110580353
2024-06-26,9587.93110580353,9587.93110580353
2024-06-27,9587.93110580353,9587.93110580353
2024-06-28,9587.93110580353,9587.93110580353
2024-06-29,9587.93110580353,9587.93110580353
2024-06-30,9587.93110580353,9587.93110580353
2024-07-01,9587.93110580353,9587.93110580353
2024-07-02,9587.93110580353,9587.93110580353
2024-07-03,9587.93110580353,9587.93110580353
2024-07-04,9587.93110580353,9587.93110580353
2024-07-05,9587.93110580353,9587.93110580353
2024-07-06,9587.93110580353,9587.93110580353
2024-07-07,9587.93110580353,9587.93110580353
2024-07-08,9587.93110580353,9587.93110580353
2024-07-09,9587.93110580353,9587.93110580353
2024-07-10,9587.93110580353,9587.93110580353
2024-07-11,9587.93110580353,9587.93110580353
2024-07-12,9587.93110580353,9587.93110580353
2024-07-13,9587.93110580353,9587.93110580353
2024-07-14,9636.5603952083,11856.071010330164
2024-07-15,9634.340329715526,9634.340329715526
2024-07-16,9634.340329715526,9634.340329715526
2024-07-17,9414.898737360652,12314.290382767502
2024-07-18,9411.998620867334,9411.998620867334
2024-07-19,9411.998620867334,9411.998620867334
2024-07-20,9411.998620867334,9411.998620867334
2024-07-21,9316.919288819538,11480.35246902742
2024-07-22,9355.480410668388,11480.35246902742
2024-07-23,9470.392553777961,11480.35246902742
2024-07-24,9506.794252803275,11480.35246902742
2024-07-25,9548.286019912637,11480.35246902742
2024-07-26,9410.545692668546,11480.35246902742
2024-07-27,9408.475368440493,9408.475368440493
2024-07-28,9408.475368440493,9408.475368440493
2024-07-29,9408.475368440493,9408.475368440493
2024-07-30,9408.475368440493,9408.475368440493
2024-07-31,9408.475368440493,9408.475368440493
2024-08-01,9408.475368440493,9408.475368440493
2024-08-02,9408.475368440493,9408.475368440493
2024-08-03,9408.475368440493,9408.475368440493
2024-08-04,9408.475368440493,9408.475368440493
2024-08-05,9316.790358834607,7945.691674520187
2024-08-06,9363.030257644221,7932.59068238123
2024-08-07,9628.659100146633,7932.59068238123
2024-08-08,9627.245757107745,9627.245757107745
2024-08-09,9627.245757107745,9627.245757107745
2024-08-10,9627.245757107745,9627.245757107745
2024-08-11,9627.245757107745,9627.245757107745
2024-08-12,9627.245757107745,9627.245757107745
2024-08-13,9627.245757107745,9627.245757107745
2024-08-14,9627.245757107745,9627.245757107745
2024-08-15,9627.245757107745,9627.245757107745
2024-08-16,9627.245757107745,9627.245757107745
2024-08-17,9627.245757107745,9627.245757107745
2024-08-18,9627.245757107745,9627.245757107745
2024-08-19,9627.245757107745,9627.245757107745
2024-08-20,9627.245757107745,9627.245757107745
2024-08-21,9627.245757107745,9627.245757107745
2024-08-22,9627.245757107745,9627.245757107745
2024-08-23,9627.245757107745,9627.245757107745
2024-08-24,9562.66780129357,13904.93950629674
2024-08-25,9626.44509607453,13904.93950629674
2024-08-26,9809.528164684634,13904.93950629674
2024-08-27,10042.763249018599,13904.93950629674
2024-08-28,10090.25284308011,11903.577445523295
2024-08-29,10089.21311136416,10089.21311136416
2024-08-30,10089.21311136416,10089.21311136416
2024-08-31,10089.21311136416,10089.21311136416
2024-09-01,10089.21311136416,10089.21311136416
2024-09-02,10089.21311136416,10089.21311136416
2024-09-03,10089.21311136416,10089.21311136416
2024-09-04,10089.21311136416,10089.21311136416
2024-09-05,10089.21311136416,10089.21311136416
2024-09-06,10089.21311136416,10089.21311136416
2024-09-07,10089.21311136416,10089.21311136416
2024-09-08,10089.21311136416,10089.21311136416
2024-09-09,10089.21311136416,10089.21311136416
2024-09-10,10089.21311136416,10089.21311136416
2024-09-11,10089.21311136416,10089.21311136416
2024-09-12,10089.21311136416,10089.21311136416
2024-09-13,10089.21311136416,10089.21311136416
2024-09-14,10089.21311136416,10089.21311136416
2024-09-15,10089.21311136416,10089.21311136416
2024-09-16,10089.21311136416,10089.21311136416
2024-09-17,10089.21311136416,10089.21311136416
2024-09-18,10089.21311136416,10089.21311136416
2024-09-19,10089.21311136416,10089.21311136416
2024-09-20,10089.21311136416,10089.21311136416
2024-09-21,10089.21311136416,10089.21311136416
2024-09-22,10089.21311136416,10089.21311136416
2024-09-23,10089.21311136416,10089.21311136416
2024-09-24,10079.240224823405,13063.57507599061
2024-09-25,10161.632252506202,13063.57507599061
2024-09-26,10102.793659085217,13063.57507599061
2024-09-27,10032.864480094917,13063.57507599061
2024-09-28,10054.48324831421,13063.57507599061
2024-09-29,10051.473404213579,10051.473404213579
2024-09-30,10051.473404213579,10051.473404213579
2024-10-01,10051.473404213579,10051.473404213579
2024-10-02,10051.473404213579,10051.473404213579
2024-10-03,10051.473404213579,10051.473404213579
2024-10-04,10051.473404213579,10051.473404213579
2024-10-05,10051.473404213579,10051.473404213579
2024-10-06,10051.473404213579,10051.473404213579
2024-10-07,10051.473404213579,10051.473404213579
2024-10-08,10051.473404213579,10051.473404213579
2024-10-09,10051.473404213579,10051.473404213579
2024-10-10,10051.473404213579,10051.473404213579
2024-10-11,10051.473404213579,10051.473404213579
2024-10-12,10051.473404213579,10051.473404213579
2024-10-13,10051.473404213579,10051.473404213579
2024-10-14,10051.473404213579,10051.473404213579
2024-10-15,10051.473404213579,10051.473404213579
2024-10-16,10051.473404213579,10051.473404213579
2024-10-17,10051.473404213579,10051.473404213579
2024-10-18,10051.473404213579,10051.473404213579
2024-10-19,10051.473404213579,10051.473404213579
2024-10-20,10051.473404213579,10051.473404213579
2024-10-21,10051.473404213579,10051.473404213579
2024-10-22,10051.473404213579,10051.473404213579
2024-10-23,10051.473404213579,10051.473404213579
2024-10-24,10051.473404213579,10051.473404213579
2024-10-25,10051.473404213579,10051.473404213579
2024-10-26,10051.473404213579,10051.473404213579
2024-10-27,10051.473404213579,10051.473404213579
2024-10-28,10051.473404213579,10051.473404213579
2024-10-29,10051.473404213579,10051.473404213579
2024-10-30,10064.696224107982,13063.9003201478
2024-10-31,10149.796484666855,13063.9003201478
2024-11-01,10182.7963469989,13063.9003201478
2024-11-02,10187.823851150919,13063.9003201478
2024-11-03,10212.646297848549,13063.9003201478
2024-11-04,10251.034755791048,13063.9003201478
2024-11-05,10248.221187010298,10248.221187010298
2024-11-06,10248.221187010298,10248.221187010298
2024-11-07,10248.221187010298,10248.221187010298
2024-11-08,10248.221187010298,10248.221187010298
2024-11-09,10248.221187010298,10248.221187010298
2024-11-10,10248.221187010298,10248.221187010298
2024-11-11,10248.221187010298,10248.221187010298
2024-11-12,10248.221187010298,10248.221187010298
2024-11-13,10248.221187010298,10248.221187010298
2024-11-14,10248.221187010298,10248.221187010298
2024-11-15,10248.221187010298,10248.221187010298
2024-11-16,10248.221187010298,10248.221187010298
2024-11-17,10248.221187010298,10248.221187010298
2024-11-18,10248.221187010298,10248.221187010298
2024-11-19,10248.221187010298,10248.221187010298
2024-11-20,10248.221187010298,10248.221187010298
2024-11-21,10248.221187010298,10248.221187010298
2024-11-22,10248.221187010298,10248.221187010298
2024-11-23,10248.221187010298,10248.221187010298
2024-11-24,10248.221187010298,10248.221187010298
2024-11-25,10248.221187010298,10248.221187010298
2024-11-26,10248.221187010298,10248.221187010298
2024-11-27,10248.221187010298,10248.221187010298
2024-11-28,10248.221187010298,10248.221187010298
2024-11-29,10248.221187010298,10248.221187010298
2024-11-30,10248.221187010298,10248.221187010298
2024-12-01,10248.221187010298,10248.221187010298
2024-12-02,10248.221187010298,10248.221187010298
2024-12-03,10248.221187010298,10248.221187010298
2024-12-04,10248.221187010298,10248.221187010298
2024-12-05,10248.221187010298,10248.221187010298
2024-12-06,10248.221187010298,10248.221187010298
2024-12-07,10248.221187010298,10248.221187010298
2024-12-08,10248.221187010298,10248.221187010298
2024-12-09,10248.221187010298,10248.221187010298
2024-12-10,10248.221187010298,10248.221187010298
2024-12-11,10248.221187010298,10248.221187010298
2024-12-12,10248.221187010298,10248.221187010298
2024-12-13,10248.221187010298,10248.221187010298
2024-12-14,10248.221187010298,10248.221187010298
2024-12-15,10248.221187010298,10248.221187010298
2024-12-16,10248.221187010298,10248.221187010298
2024-12-17,10248.221187010298,10248.221187010298
2024-12-18,10248.221187010298,10248.221187010298
2024-12-19,10248.221187010298,10248.221187010298
2024-12-20,10303.394868500265,8255.0331031172
2024-12-21,10271.661959812738,8255.0331031172
2024-12-22,10204.882006618252,7299.547780665778
2024-12-23,10456.68770346008,5871.774283138241
2024-12-24,10630.38235875171,5871.774283138241
2024-12-25,10591.518512029304,5871.774283138241
2024-12-26,10366.880757227877,7430.24441407384
2024-12-27,10341.336806993499,7430.24441407384
2024-12-28,10441.39839967293,7430.24441407384
2024-12-29,10325.974757649563,7430.24441407384
2024-12-30,10303.383687937321,8343.81226466749
2024-12-31,10302.762936222014,8343.81226466749
2025-01-01,10353.758179142356,9453.277376742124
2025-01-02,10369.849596119016,9453.277376742124
2025-01-03,10443.538069099435,9453.277376742124
2025-01-04,10442.420473991435,10442.420473991435
2025-01-05,10442.420473991435,10442.420473991435
2025-01-06,10442.420473991435,10442.420473991435
2025-01-07,10442.420473991435,10442.420473991435
2025-01-08,10442.420473991435,10442.420473991435
2025-01-09,10442.420473991435,10442.420473991435
2025-01-10,10442.420473991435,10442.420473991435
2025-01-11,10442.420473991435,10442.420473991435
2025-01-12,10442.420473991435,10442.420473991435
2025-01-13,10442.420473991435,10442.420473991435
2025-01-14,10442.420473991435,10442.420473991435
2025-01-15,10442.420473991435,10442.420473991435
2025-01-16,10442.420473991435,10442.420473991435
2025-01-17,10442.420473991435,10442.420473991435
2025-01-18,10442.420473991435,10442.420473991435
2025-01-19,10442.420473991435,10442.420473991435
2025-01-20,10442.420473991435,10442.420473991435
2025-01-21,10442.420473991435,10442.420473991435
2025-01-22,10442.420473991435,10442.420473991435
2025-01-23,10442.420473991435,10442.420473991435
2025-01-24,10442.420473991435,10442.420473991435
2025-01-25,10442.420473991435,10442.420473991435
2025-01-26,10442.420473991435,10442.420473991435
2025-01-27,10442.420473991435,10442.420473991435
2025-01-28,10442.420473991435,10442.420473991435
2025-01-29,10442.420473991435,10442.420473991435
2025-01-30,10442.420473991435,10442.420473991435
2025-01-31,10442.420473991435,10442.420473991435
2025-02-01,10442.420473991435,10442.420473991435
2025-02-02,10442.420473991435,10442.420473991435
2025-02-03,10442.420473991435,10442.420473991435
2025-02-04,10442.420473991435,10442.420473991435
2025-02-05,10442.420473991435,10442.420473991435
2025-02-06,10442.420473991435,10442.420473991435
2025-02-07,10442.420473991435,10442.420473991435
2025-02-08,10442.420473991435,10442.420473991435
2025-02-09,10442.420473991435,10442.420473991435
2025-02-10,10442.420473991435,10442.420473991435
2025-02-11,10442.420473991435,10442.420473991435
2025-02-12,10442.420473991435,10442.420473991435
2025-02-13,10442.420473991435,10442.420473991435
2025-02-14,10442.420473991435,10442.420473991435
2025-02-15,10442.420473991435,10442.420473991435
2025-02-16,10442.420473991435,10442.420473991435
2025-02-17,10442.420473991435,10442.420473991435
2025-02-18,10442.420473991435,10442.420473991435
2025-02-19,10442.420473991435,10442.420473991435
2025-02-20,10442.420473991435,10442.420473991435
2025-02-21,10442.420473991435,10442.420473991435
2025-02-22,10442.420473991435,10442.420473991435
2025-02-23,10442.420473991435,10442.420473991435
2025-02-24,10442.420473991435,10442.420473991435
2025-02-25,10442.420473991435,10442.420473991435
2025-02-26,10442.420473991435,10442.420473991435
2025-02-27,10442.420473991435,10442.420473991435
2025-02-28,10442.420473991435,10442.420473991435
2025-03-01,10442.420473991435,10442.420473991435
2025-03-02,10442.420473991435,10442.420473991435
2025-03-03,10442.420473991435,10442.420473991435
2025-03-04,10442.420473991435,10442.420473991435
2025-03-05,10442.420473991435,10442.420473991435
2025-03-06,10442.420473991435,10442.420473991435
2025-03-07,10442.420473991435,10442.420473991435
2025-03-08,10442.420473991435,10442.420473991435
2025-03-09,10442.420473991435,10442.420473991435
2025-03-10,10442.420473991435,10442.420473991435
2025-03-11,10442.420473991435,10442.420473991435
2025-03-12,10442.420473991435,10442.420473991435
2025-03-13,10442.420473991435,10442.420473991435
2025-03-14,10442.420473991435,10442.420473991435
2025-03-15,10442.420473991435,10442.420473991435
2025-03-16,10442.420473991435,10442.420473991435
2025-03-17,10442.420473991435,10442.420473991435
2025-03-18,10442.420473991435,10442.420473991435
2025-03-19,10442.420473991435,10442.420473991435
2025-03-20,10442.420473991435,10442.420473991435
2025-03-21,10442.420473991435,10442.420473991435
2025-03-22,10442.420473991435,10442.420473991435
2025-03-23,10442.420473991435,10442.420473991435
2025-03-24,10442.420473991435,10442.420473991435
2025-03-25,10442.420473991435,10442.420473991435
2025-03-26,10442.420473991435,10442.420473991435
2025-03-27,10442.420473991435,10442.420473991435
2025-03-28,10442.420473991435,10442.420473991435
2025-03-29,10442.420473991435,10442.420473991435
2025-03-30,10442.420473991435,10442.420473991435
2025-03-31,10442.420473991435,10442.420473991435
2025-04-01,10442.420473991435,10442.420473991435
2025-04-02,10442.420473991435,10442.420473991435
2025-04-03,10442.420473991435,10442.420473991435
2025-04-04,10442.420473991435,10442.420473991435
2025-04-05,10442.420473991435,10442.420473991435
2025-04-06,10442.420473991435,10442.420473991435
2025-04-07,10442.420473991435,10442.420473991435
2025-04-08,10442.420473991435,10442.420473991435
2025-04-09,10442.420473991435,10442.420473991435
2025-04-10,10442.420473991435,10442.420473991435
2025-04-11,10442.420473991435,10442.420473991435
2025-04-12,10442.420473991435,10442.420473991435
2025-04-13,10442.420473991435,10442.420473991435
2025-04-14,10442.420473991435,10442.420473991435
2025-04-15,10442.420473991435,10442.420473991435
2025-04-16,10442.420473991435,10442.420473991435
2025-04-17,10442.420473991435,10442.420473991435
2025-04-18,10442.420473991435,10442.420473991435
2025-04-19,10442.420473991435,10442.420473991435
2025-04-20,10442.420473991435,10442.420473991435
2025-04-21,10442.420473991435,10442.420473991435
2025-04-22,10442.420473991435,10442.420473991435
2025-04-23,10442.420473991435,10442.420473991435
2025-04-24,10442.420473991435,10442.420473991435
2025-04-25,10442.420473991435,10442.420473991435
2025-04-26,10442.420473991435,10442.420473991435
2025-04-27,10442.420473991435,10442.420473991435
2025-04-28,10442.420473991435,10442.420473991435
2025-04-29,10442.420473991435,10442.420473991435
2025-04-30,10442.420473991435,10442.420473991435
2025-05-01,10442.420473991435,10442.420473991435
2025-05-02,10442.420473991435,10442.420473991435
2025-05-03,10442.420473991435,10442.420473991435
2025-05-04,10442.420473991435,10442.420473991435
2025-05-05,10442.420473991435,10442.420473991435
2025-05-06,10442.420473991435,10442.420473991435
2025-05-07,10442.420473991435,10442.420473991435
2025-05-08,10442.420473991435,10442.420473991435
2025-05-09,10442.420473991435,10442.420473991435
2025-05-10,10450.525703244752,13572.01467009861
2025-05-11,10510.472960854913,13572.01467009861
2025-05-12,10468.533389256274,13572.01467009861
2025-05-13,10465.382067618952,10465.382067618952
2025-05-14,10465.382067618952,10465.382067618952
2025-05-15,10465.382067618952,10465.382067618952
2025-05-16,10465.382067618952,10465.382067618952
2025-05-17,10465.382067618952,10465.382067618952
2025-05-18,10465.382067618952,10465.382067618952
2025-05-19,10465.382067618952,10465.382067618952
2025-05-20,10465.382067618952,10465.382067618952
2025-05-21,10465.382067618952,10465.382067618952
2025-05-22,10465.382067618952,10465.382067618952
2025-05-23,10465.382067618952,10465.382067618952
2025-05-24,10465.382067618952,10465.382067618952
2025-05-25,10465.382067618952,10465.382067618952
2025-05-26,10465.382067618952,10465.382067618952
2025-05-27,10465.382067618952,10465.382067618952
2025-05-28,10465.382067618952,10465.382067618952
2025-05-29,10465.382067618952,10465.382067618952
2025-05-30,10465.382067618952,10465.382067618952
2025-05-31,10455.854091866822,9004.295532958127
2025-06-01,10479.203196990004,6830.045869063518
2025-06-02,10478.260051176661,6830.045869063518
2025-06-03,10454.020581129842,8299.436775235223
2025-06-04,10451.8665359699,10451.8665359699
2025-06-05,10451.8665359699,10451.8665359699
2025-06-06,10451.8665359699,10451.8665359699
2025-06-07,10451.8665359699,10451.8665359699
2025-06-08,10451.8665359699,10451.8665359699
2025-06-09,10451.8665359699,10451.8665359699
2025-06-10,10451.8665359699,10451.8665359699
2025-06-11,10451.8665359699,10451.8665359699
2025-06-12,10451.8665359699,10451.8665359699
2025-06-13,10451.8665359699,10451.8665359699
2025-06-14,10451.8665359699,10451.8665359699
2025-06-15,10451.8665359699,10451.8665359699
2025-06-16,10451.8665359699,10451.8665359699
2025-06-17,10451.8665359699,10451.8665359699
2025-06-18,10451.8665359699,10451.8665359699
2025-06-19,10451.8665359699,10451.8665359699
2025-06-20,10451.8665359699,10451.8665359699
2025-06-21,10451.8665359699,10451.8665359699
2025-06-22,10451.8665359699,10451.8665359699
2025-06-23,10451.8665359699,10451.8665359699
2025-06-24,10451.8665359699,10451.8665359699
2025-06-25,10451.8665359699,10451.8665359699
2025-06-26,10451.8665359699,10451.8665359699
2025-06-27,10451.8665359699,10451.8665359699
2025-06-28,10451.8665359699,10451.8665359699
2025-06-29,10451.8665359699,10451.8665359699
2025-06-30,10451.8665359699,10451.8665359699
2025-07-01,10451.8665359699,10451.8665359699
2025-07-02,10451.8665359699,10451.8665359699
2025-07-03,10451.8665359699,10451.8665359699
2025-07-04,10451.8665359699,10451.8665359699
2025-07-05,10451.8665359699,10451.8665359699
2025-07-06,10451.8665359699,10451.8665359699
2025-07-07,10451.8665359699,10451.8665359699
2025-07-08,10451.8665359699,10451.8665359699
2025-07-09,10451.8665359699,10451.8665359699
2025-07-10,10451.8665359699,10451.8665359699
2025-07-11,10407.712170202352,13584.291987571023
2025-07-12,10404.534796240028,10404.534796240028
2025-07-13,10357.110143953623,13522.774651895035
2025-07-14,10337.05230624973,13522.774651895035
2025-07-15,10333.86605356808,10333.86605356808
2025-07-16,10333.86605356808,10333.86605356808
2025-07-17,10278.09182064423,13430.926481765327
2025-07-18,10290.479417398901,12829.905442697123
2025-07-19,10230.056523431711,12599.650520110292
2025-07-20,10227.784583492361,10227.784583492361
2025-07-21,10227.784583492361,10227.784583492361
2025-07-22,10227.784583492361,10227.784583492361
2025-07-23,10227.784583492361,10227.784583492361
2025-07-24,10227.784583492361,10227.784583492361
2025-07-25,10227.784583492361,10227.784583492361
2025-07-26,10227.784583492361,10227.784583492361
2025-07-27,10227.784583492361,10227.784583492361
2025-07-28,10227.784583492361,10227.784583492361
2025-07-29,10227.784583492361,10227.784583492361
2025-07-30,10227.784583492361,10227.784583492361
2025-07-31,10227.784583492361,10227.784583492361
2025-08-01,10227.784583492361,10227.784583492361
2025-08-02,10227.784583492361,10227.784583492361
2025-08-03,10227.784583492361,10227.784583492361
2025-08-04,10227.784583492361,10227.784583492361
2025-08-05,10227.784583492361,10227.784583492361
2025-08-06,10227.784583492361,10227.784583492361
2025-08-07,10227.784583492361,10227.784583492361
2025-08-08,10227.784583492361,10227.784583492361
2025-08-09,10227.784583492361,10227.784583492361
2025-08-10,10227.784583492361,10227.784583492361
2025-08-11,10227.784583492361,10227.784583492361
2025-08-12,10227.784583492361,10227.784583492361
2025-08-13,10227.784583492361,10227.784583492361
2025-08-14,10227.784583492361,10227.784583492361
2025-08-15,10227.784583492361,10227.784583492361
2025-08-16,10227.784583492361,10227.784583492361
2025-08-17,10227.784583492361,10227.784583492361
2025-08-18,10227.784583492361,10227.784583492361
2025-08-19,10227.784583492361,10227.784583492361
2025-08-20,10227.784583492361,10227.784583492361
2025-08-21,10227.784583492361,10227.784583492361
2025-08-22,10227.784583492361,10227.784583492361
2025-08-23,10227.784583492361,10227.784583492361
2025-08-24,10227.784583492361,10227.784583492361
2025-08-25,10227.784583492361,10227.784583492361
2025-08-26,10227.784583492361,10227.784583492361
2025-08-27,10227.784583492361,10227.784583492361
2025-08-28,10227.784583492361,10227.784583492361
2025-08-29,10227.784583492361,10227.784583492361
2025-08-30,10227.784583492361,10227.784583492361
2025-08-31,10227.784583492361,10227.784583492361
2025-09-01,10227.784583492361,10227.784583492361
2025-09-02,10227.784583492361,10227.784583492361
2025-09-03,10227.784583492361,10227.784583492361
2025-09-04,10227.784583492361,10227.784583492361
2025-09-05,10227.784583492361,10227.784583492361
2025-09-06,10227.784583492361,10227.784583492361
2025-09-07,10227.784583492361,10227.784583492361
2025-09-08,10227.784583492361,10227.784583492361
2025-09-09,10227.784583492361,10227.784583492361
2025-09-10,10227.784583492361,10227.784583492361
2025-09-11,10227.784583492361,10227.784583492361
2025-09-12,10227.784583492361,10227.784583492361
2025-09-13,10227.784583492361,10227.784583492361
2025-09-14,10227.784583492361,10227.784583492361
2025-09-15,10227.784583492361,10227.784583492361
2025-09-16,10227.784583492361,10227.784583492361
2025-09-17,10227.784583492361,10227.784583492361
2025-09-18,10227.784583492361,10227.784583492361
2025-09-19,10227.784583492361,10227.784583492361
2025-09-20,10227.784583492361,10227.784583492361
2025-09-21,10227.784583492361,10227.784583492361
2025-09-22,10227.784583492361,10227.784583492361
2025-09-23,10227.784583492361,10227.784583492361
2025-09-24,10227.784583492361,10227.784583492361
2025-09-25,10227.784583492361,10227.784583492361
2025-09-26,10376.7264202613,7881.597557140802
2025-09-27,10355.93063941646,7881.597557140802
2025-09-28,10445.559238730191,7881.597557140802
2025-09-29,10468.908887398082,7881.597557140802
2025-09-30,10419.412496732291,7881.597557140802
2025-10-01,10581.887135379704,7881.597557140802
2025-10-02,10579.18752087386,10579.18752087386
2025-10-03,10579.18752087386,10579.18752087386
2025-10-04,10579.18752087386,10579.18752087386
2025-10-05,10579.18752087386,10579.18752087386
2025-10-06,10579.18752087386,10579.18752087386
2025-10-07,10579.18752087386,10579.18752087386
2025-10-08,10579.18752087386,10579.18752087386
2025-10-09,10579.18752087386,10579.18752087386
2025-10-10,10579.18752087386,10579.18752087386
2025-10-11,10579.18752087386,10579.18752087386
2025-10-12,10579.18752087386,10579.18752087386
2025-10-13,10579.18752087386,10579.18752087386
2025-10-14,10579.18752087386,10579.18752087386
2025-10-15,10579.18752087386,10579.18752087386
2025-10-16,10579.18752087386,10579.18752087386
2025-10-17,10579.18752087386,10579.18752087386
2025-10-18,10579.18752087386,10579.18752087386
2025-10-19,10579.18752087386,10579.18752087386
2025-10-20,10579.18752087386,10579.18752087386
2025-10-21,10579.18752087386,10579.18752087386
2025-10-22,10579.18752087386,10579.18752087386
2025-10-23,10579.18752087386,10579.18752087386
2025-10-24,10579.18752087386,10579.18752087386
2025-10-25,10579.18752087386,10579.18752087386
2025-10-26,10579.18752087386,10579.18752087386
2025-10-27,10579.18752087386,10579.18752087386
2025-10-28,10579.18752087386,10579.18752087386
2025-10-29,10579.18752087386,10579.18752087386
2025-10-30,10579.18752087386,10579.18752087386
2025-10-31,10579.18752087386,10579.18752087386
2025-11-01,10579.18752087386,10579.18752087386
2025-11-02,10579.18752087386,10579.18752087386
2025-11-03,10579.18752087386,10579.18752087386
2025-11-04,10579.18752087386,10579.18752087386
2025-11-05,10579.18752087386,10579.18752087386
2025-11-06,10579.18752087386,10579.18752087386
2025-11-07,10579.18752087386,10579.18752087386
2025-11-08,10579.18752087386,10579.18752087386
2025-11-09,10579.18752087386,10579.18752087386
2025-11-10,10579.18752087386,10579.18752087386
2025-11-11,10579.18752087386,10579.18752087386
2025-11-12,10579.18752087386,10579.18752087386
2025-11-13,10579.18752087386,10579.18752087386
2025-11-14,10579.18752087386,10579.18752087386
2025-11-15,10579.18752087386,10579.18752087386
2025-11-16,10579.18752087386,10579.18752087386
2025-11-17,10579.18752087386,10579.18752087386
2025-11-18,10579.18752087386,10579.18752087386
2025-11-19,10579.18752087386,10579.18752087386
2025-11-20,10579.18752087386,10579.18752087386
2025-11-21,10579.18752087386,10579.18752087386
2025-11-22,10579.18752087386,10579.18752087386
2025-11-23,10579.18752087386,10579.18752087386
2025-11-24,10579.18752087386,10579.18752087386
2025-11-25,10579.18752087386,10579.18752087386
2025-11-26,10579.18752087386,10579.18752087386
2025-11-27,10579.18752087386,10579.18752087386
2025-11-28,10579.18752087386,10579.18752087386
2025-11-29,10579.18752087386,10579.18752087386
2025-11-30,10579.18752087386,10579.18752087386
2025-12-01,10579.18752087386,10579.18752087386
2025-12-02,10579.18752087386,10579.18752087386
2025-12-03,10579.18752087386,10579.18752087386
2025-12-04,10579.18752087386,10579.18752087386
2025-12-05,10579.18752087386,10579.18752087386
2025-12-06,10579.18752087386,10579.18752087386
2025-12-07,10579.18752087386,10579.18752087386
2025-12-08,10579.18752087386,10579.18752087386
2025-12-09,10579.18752087386,10579.18752087386
2025-12-10,10579.18752087386,10579.18752087386
2025-12-11,10579.18752087386,10579.18752087386
2025-12-12,10579.18752087386,10579.18752087386
2025-12-13,10579.18752087386,10579.18752087386
2025-12-14,10579.18752087386,10579.18752087386
2025-12-15,10579.18752087386,10579.18752087386
2025-12-16,10579.18752087386,10579.18752087386
2025-12-17,10579.18752087386,10579.18752087386
2025-12-18,10579.18752087386,10579.18752087386
2025-12-19,10579.18752087386,10579.18752087386
2025-12-20,10579.18752087386,10579.18752087386
2025-12-21,10579.18752087386,10579.18752087386
2025-12-22,10579.18752087386,10579.18752087386
2025-12-23,10579.18752087386,10579.18752087386
2025-12-24,10579.18752087386,10579.18752087386
2025-12-25,10579.18752087386,10579.18752087386
2025-12-26,10579.18752087386,10579.18752087386
2025-12-27,10579.18752087386,10579.18752087386
2025-12-28,10579.18752087386,10579.18752087386
2025-12-29,10579.18752087386,10579.18752087386
2025-12-30,10579.18752087386,10579.18752087386
2025-12-31,10579.18752087386,10579.18752087386
2026-01-01,10579.18752087386,10579.18752087386
2026-01-02,10579.18752087386,10579.18752087386
2026-01-03,10579.18752087386,10579.18752087386
2026-01-04,10579.18752087386,10579.18752087386
2026-01-05,10579.18752087386,10579.18752087386
2026-01-06,10569.973458062032,18736.88487867706
2026-01-07,10863.554518716635,18736.88487867706
2026-01-08,11031.292030167133,18736.88487867706
2026-01-09,11114.515272294018,18736.88487867706
2026-01-10,11120.447601588137,16335.12580300608
2026-01-11,11179.780294052278,16335.12580300608
2026-01-12,11195.23038693112,13675.929899741934
2026-01-13,10921.206645126713,13675.929899741934
2026-01-14,10988.807215792118,13675.929899741934
2026-01-15,11120.386897980137,13675.929899741934
2026-01-16,11117.972591884944,13675.929899741934
2026-01-17,11045.543409029153,13675.929899741934
2026-01-18,11044.12072544425,11044.12072544425
2026-01-19,11044.12072544425,11044.12072544425
2026-01-20,11044.12072544425,11044.12072544425
2026-01-21,11044.12072544425,11044.12072544425
2026-01-22,11044.12072544425,11044.12072544425
2026-01-23,11044.12072544425,11044.12072544425
2026-01-24,11044.12072544425,11044.12072544425
2026-01-25,11044.12072544425,11044.12072544425
2026-01-26,11171.21012659254,8175.7202994855525
2026-01-27,11242.336132628967,8175.7202994855525
2026-01-28,11197.972793270652,8175.7202994855525
2026-01-29,11016.42064904886,8175.7202994855525
2026-01-30,11010.87523162907,8175.7202994855525
2026-01-31,10721.308000273992,8175.7202994855525
2026-02-01,10718.76304897013,10718.76304897013
2026-02-02,10718.76304897013,10718.76304897013
2026-02-03,10718.76304897013,10718.76304897013
2026-02-04,10718.76304897013,10718.76304897013
2026-02-05,10718.76304897013,10718.76304897013
2026-02-06,10718.76304897013,10718.76304897013
2026-02-07,10718.76304897013,10718.76304897013
2026-02-08,10718.76304897013,10718.76304897013
2026-02-09,10718.76304897013,10718.76304897013
2026-02-10,10718.76304897013,10718.76304897013
2026-02-11,10718.76304897013,10718.76304897013
2026-02-12,10718.76304897013,10718.76304897013
2026-02-13,10718.76304897013,10718.76304897013
2026-02-14,10718.76304897013,10718.76304897013
2026-02-15,10718.76304897013,10718.76304897013
2026-02-16,10718.76304897013,10718.76304897013
2026-02-17,10718.76304897013,10718.76304897013
2026-02-18,10718.76304897013,10718.76304897013
2026-02-19,10718.76304897013,10718.76304897013
2026-02-20,10718.76304897013,10718.76304897013
2026-02-21,10718.76304897013,10718.76304897013
2026-02-22,10718.76304897013,10718.76304897013
2026-02-23,10718.76304897013,10718.76304897013
2026-02-24,10718.76304897013,10718.76304897013
2026-02-25,10718.76304897013,10718.76304897013
2026-02-26,10718.76304897013,10718.76304897013
2026-02-27,10718.76304897013,10718.76304897013
2026-02-28,10718.76304897013,10718.76304897013
2026-03-01,10718.76304897013,10718.76304897013
2026-03-02,10718.76304897013,10718.76304897013
2026-03-03,10718.76304897013,10718.76304897013
2026-03-04,10718.76304897013,10718.76304897013
2026-03-05,10765.151715361231,13931.225957066035
2026-03-06,10865.531687460663,13931.225957066035
2026-03-07,10899.985377981646,13931.225957066035
2026-03-08,10896.904460226708,10896.904460226708
2026-03-09,10896.904460226708,10896.904460226708
2026-03-10,10896.904460226708,10896.904460226708
2026-03-11,10896.904460226708,10896.904460226708
2026-03-12,10896.904460226708,10896.904460226708
2026-03-13,10896.904460226708,10896.904460226708
2026-03-14,10896.904460226708,10896.904460226708
2026-03-15,10896.904460226708,10896.904460226708
2026-03-16,10896.904460226708,10896.904460226708
2026-03-17,10986.282365985542,17428.46257468413
2026-03-18,11181.114476207349,17428.46257468413
2026-03-19,11235.4016711494,14288.178139851072
2026-03-20,11232.347694502456,11232.347694502456
2026-03-21,11232.347694502456,11232.347694502456
2026-03-22,11232.347694502456,11232.347694502456
2026-03-23,11232.347694502456,11232.347694502456
2026-03-24,11232.347694502456,11232.347694502456
2026-03-25,11232.347694502456,11232.347694502456
2026-03-26,11232.347694502456,11232.347694502456
2026-03-27,11232.347694502456,11232.347694502456
2026-03-28,11232.347694502456,11232.347694502456
2026-03-29,11232.347694502456,11232.347694502456
2026-03-30,11232.347694502456,11232.347694502456
2026-03-31,11232.347694502456,11232.347694502456
2026-04-01,11232.347694502456,11232.347694502456
2026-04-02,11232.347694502456,11232.347694502456
2026-04-03,11232.347694502456,11232.347694502456
2026-04-04,11232.347694502456,11232.347694502456
2026-04-05,11232.347694502456,11232.347694502456
2026-04-06,11232.347694502456,11232.347694502456
2026-04-07,11232.347694502456,11232.347694502456
2026-04-08,11232.347694502456,11232.347694502456
2026-04-09,11232.347694502456,11232.347694502456
2026-04-10,11232.347694502456,11232.347694502456
2026-04-11,11232.347694502456,11232.347694502456
2026-04-12,11232.347694502456,11232.347694502456
2026-04-13,11232.347694502456,11232.347694502456
2026-04-14,11232.347694502456,11232.347694502456
2026-04-15,11232.347694502456,11232.347694502456
2026-04-16,11232.347694502456,11232.347694502456
2026-04-17,11232.347694502456,11232.347694502456
2026-04-18,11232.347694502456,11232.347694502456
2026-04-19,11232.347694502456,11232.347694502456
2026-04-20,11232.347694502456,11232.347694502456
2026-04-21,11232.347694502456,11232.347694502456
2026-04-22,11232.347694502456,11232.347694502456
2026-04-23,11232.347694502456,11232.347694502456
2026-04-24,11232.347694502456,11232.347694502456
2026-04-25,11232.347694502456,11232.347694502456
2026-04-26,11232.347694502456,11232.347694502456
2026-04-27,11232.347694502456,11232.347694502456
2026-04-28,11232.347694502456,11232.347694502456
2026-04-29,11232.347694502456,11232.347694502456
2026-04-30,11232.347694502456,11232.347694502456
2026-05-01,11232.347694502456,11232.347694502456
2026-05-02,11232.347694502456,11232.347694502456
2026-05-03,11232.347694502456,11232.347694502456
2026-05-04,11232.347694502456,11232.347694502456
2026-05-05,11232.347694502456,11232.347694502456
2026-05-06,11232.347694502456,11232.347694502456
2026-05-07,11232.347694502456,11232.347694502456
2026-05-08,11232.347694502456,11232.347694502456
2026-05-09,11232.347694502456,11232.347694502456
2026-05-10,11232.347694502456,11232.347694502456
2026-05-11,11334.927399032335,14598.126073986663
2026-05-12,11357.232243016986,14598.126073986663
2026-05-13,11354.54871782268,11354.54871782268
2026-05-14,11354.54871782268,11354.54871782268
2026-05-15,11354.54871782268,11354.54871782268
2026-05-16,11354.54871782268,11354.54871782268
2026-05-17,11354.54871782268,11354.54871782268
2026-05-18,11354.54871782268,11354.54871782268
2026-05-19,11354.54871782268,11354.54871782268
2026-05-20,11354.54871782268,11354.54871782268
2026-05-21,11354.54871782268,11354.54871782268
2026-05-22,11354.54871782268,11354.54871782268
2026-05-23,11354.54871782268,11354.54871782268
2026-05-24,11354.54871782268,11354.54871782268
2026-05-25,11354.54871782268,11354.54871782268
2026-05-26,11354.54871782268,11354.54871782268
2026-05-27,11354.54871782268,11354.54871782268
2026-05-28,11354.54871782268,11354.54871782268
2026-05-29,11354.54871782268,11354.54871782268
2026-05-30,11354.54871782268,11354.54871782268
2026-05-31,11354.54871782268,11354.54871782268
2026-06-01,11354.54871782268,11354.54871782268
2026-06-02,11354.54871782268,11354.54871782268
2026-06-03,11354.54871782268,11354.54871782268
2026-06-04,11259.078940158532,8344.391044991591
2026-06-05,11255.83626407646,11255.83626407646
2026-06-06,11255.83626407646,11255.83626407646
2026-06-07,11255.83626407646,11255.83626407646
2026-06-08,11255.83626407646,11255.83626407646
2026-06-09,11255.83626407646,11255.83626407646
2026-06-10,11255.83626407646,11255.83626407646
2026-06-11,11255.83626407646,11255.83626407646
2026-06-12,11255.83626407646,11255.83626407646
2026-06-13,11255.83626407646,11255.83626407646
2026-06-14,11255.83626407646,11255.83626407646
2026-06-15,11255.83626407646,11255.83626407646
2026-06-16,11255.83626407646,11255.83626407646
2026-06-17,11255.83626407646,11255.83626407646
2026-06-18,11255.83626407646,11255.83626407646
2026-06-19,11255.83626407646,11255.83626407646
2026-06-20,11255.83626407646,11255.83626407646
2026-06-21,11255.83626407646,11255.83626407646
2026-06-22,11255.83626407646,11255.83626407646
2026-06-23,11255.83626407646,11255.83626407646
2026-06-24,11255.83626407646,11255.83626407646
2026-06-25,11255.83626407646,11255.83626407646
2026-06-26,11255.83626407646,11255.83626407646
2026-06-27,11255.83626407646,11255.83626407646
2026-06-28,11255.83626407646,11255.83626407646
2026-06-29,11255.83626407646,11255.83626407646
2026-06-30,11255.83626407646,11255.83626407646
2026-07-01,11255.83626407646,11255.83626407646
2026-07-02,11255.83626407646,11255.83626407646
2026-07-03,11255.83626407646,11255.83626407646
2026-07-04,11255.83626407646,11255.83626407646
2026-07-05,11255.83626407646,11255.83626407646
2026-07-06,11328.226994890123,13937.413768327762
2026-07-07,11464.21067037873,13937.413768327762
2026-07-08,11570.447916854204,13937.413768327762
2026-07-09,11577.53039995257,13937.413768327762
2026-07-10,11576.113903332896,13937.413768327762
2026-07-11,11588.862372909953,13937.413768327762
2026-07-12,11641.272747837853,13937.413768327762
2026-07-13,11705.015095723138,13937.413768327762
2026-07-14,11704.200052421282,11704.200052421282
2026-07-15,11704.200052421282,11704.200052421282
2026-07-16,11704.200052421282,11704.200052421282
2026-07-17,11704.200052421282,11704.200052421282
2026-07-18,11704.200052421282,11704.200052421282
2026-07-19,11704.200052421282,11704.200052421282
2026-07-20,11704.200052421282,11704.200052421282
2026-07-21,11704.200052421282,11704.200052421282
2026-07-22,11704.200052421282,11704.200052421282
2026-07-23,11704.200052421282,11704.200052421282
2026-07-24,11704.200052421282,11704.200052421282
2026-07-25,11704.200052421282,11704.200052421282
2026-07-26,11704.200052421282,11704.200052421282
2026-07-27,11704.200052421282,11704.200052421282
2026-07-28,11704.200052421282,11704.200052421282
2026-07-29,11704.200052421282,11704.200052421282
2026-07-30,11704.200052421282,11704.200052421282
2026-07-31,11704.200052421282,11704.200052421282
