order_id,signal_time,fill_time,symbol,side,qty,fill_price,commission,slip,slip_dir,costs,strategy_id,exit_reason,is_maker
qt_c69391d7f09ee348daa24ea3,2017-10-20,2017-10-21,BTC-USDT,buy,0.15044154593732603,6016.72686,0.45258284515051667,3.006859999999506,positive,"{'commission': np.float64(0.45258284515051667), 'slippage': np.float64(0.4523566668170338), 'impact': np.float64(0.0), 'funding': None, 'borrow': None, 'funding_status': 'not_modeled', 'borrow_status': 'not_modeled', 'modeled_total': np.float64(0.9049395119675505)}",TrendBreakout,signal,False
qt_cc164492307749765185c258,2017-10-25,2017-10-26,BTC-USDT,sell,0.15044154593732603,5667.264950000001,0.42629605015721145,2.8350499999996828,negative,"{'commission': np.float64(0.42629605015721145), 'slippage': np.float64(0.42650930480956845), 'impact': np.float64(0.0), 'funding': None, 'borrow': None, 'funding_status': 'not_modeled', 'borrow_status': 'not_modeled', 'modeled_total': np.float64(0.8528053549667799)}",Router,StateSwitch,False
qt_25093263a015d62a93dda851,2017-11-19,2017-11-20,BTC-USDT,buy,0.07332535343748472,8061.1385549999995,0.29554291682695494,4.028554999999869,positive,"{'commission': np.float64(0.29554291682695494), 'slippage': np.float64(0.2953952192173367), 'impact': np.float64(0.0), 'funding': None, 'borrow': None, 'funding_status': 'not_modeled', 'borrow_status': 'not_modeled', 'modeled_total': np.float64(0.5909381360442916)}",TrendBreakout,signal,False
qt_49a84a27aafb44a67806b210,2017-12-14,2017-12-15,BNB-USDT,short,392.2440654341954,3.1502241000000004,0.6178283540063898,0.0015758999999997414,negative,"{'commission': np.float64(0.6178283540063898), 'slippage': np.float64(0.6181374227176472), 'impact': np.float64(0.0), 'funding': None, 'borrow': None, 'funding_status': 'not_modeled', 'borrow_status': 'not_modeled', 'modeled_total': np.float64(1.2359657767240368)}",VolatilityReversion,signal,False
qt_3f12221e35f39300f576da68,2017-12-15,2017-12-16,BNB-USDT,cover,392.2440654341954,4.16208,0.816275589931178,0.0020799999999994156,positive,"{'commission': np.float64(0.816275589931178), 'slippage': np.float64(0.8158676561028972), 'impact': np.float64(0.0), 'funding': None, 'borrow': None, 'funding_status': 'not_modeled', 'borrow_status': 'not_modeled', 'modeled_total': np.float64(1.6321432460340752)}",VolatilityReversion,hard_stop,False
qt_b0e833e512ae8f4ef1637836,2017-12-16,2017-12-17,BNB-USDT,short,304.94203698150505,4.6276850000000005,0.7055878452043781,0.002314999999999401,negative,"{'commission': np.float64(0.7055878452043781), 'slippage': np.float64(0.7059408156120015), 'impact': np.float64(0.0), 'funding': None, 'borrow': None, 'funding_status': 'not_modeled', 'borrow_status': 'not_modeled', 'modeled_total': np.float64(1.4115286608163795)}",VolatilityReversion,signal,False
qt_12e4a15cf8b0b874bf11e12e,2017-12-17,2017-12-18,BNB-USDT,cover,304.94203698150505,6.001999499999999,0.9151309767459874,0.0029994999999995997,positive,"{'commission': np.float64(0.9151309767459874), 'slippage': np.float64(0.9146736399259023), 'impact': np.float64(0.0), 'funding': None, 'borrow': None, 'funding_status': 'not_modeled', 'borrow_status': 'not_modeled', 'modeled_total': np.float64(1.8298046166718898)}",VolatilityReversion,hard_stop,False
qt_00eef21aae6e75729b254bb2,2017-12-18,2017-12-19,ETH-USDT,buy,0.5034909539393013,784.3919999999999,0.1974671381711782,0.39199999999993906,positive,"{'commission': np.float64(0.1974671381711782), 'slippage': np.float64(0.19736845394417543), 'impact': np.float64(0.0), 'funding': None, 'borrow': None, 'funding_status': 'not_modeled', 'borrow_status': 'not_modeled', 'modeled_total': np.float64(0.39483559211535363)}",TrendBreakout,signal,False
qt_0a1f3c705909484caa69d51a,2017-12-18,2017-12-19,BNB-USDT,short,217.76585170228537,5.977010000000001,0.6507943366415384,0.002989999999999604,negative,"{'commission': np.float64(0.6507943366415384), 'slippage': np.float64(0.651119896589747), 'impact': np.float64(0.0), 'funding': None, 'borrow': None, 'funding_status': 'not_modeled', 'borrow_status': 'not_modeled', 'modeled_total': np.float64(1.3019142332312854)}",VolatilityReversion,signal,False
qt_73d0c5ea35c23af564beefae,2017-12-21,2017-12-22,BTC-USDT,sell,0.07332535343748472,15506.272985000001,0.5685014735616233,7.757014999999228,negative,"{'commission': np.float64(0.5685014735616233), 'slippage': np.float64(0.568785866494814), 'impact': np.float64(0.0), 'funding': None, 'borrow': None, 'funding_status': 'not_modeled', 'borrow_status': 'not_modeled', 'modeled_total': np.float64(1.1372873400564374)}",Router,StateSwitch,False
qt_b2cda336420d3b1a30d24381,2017-12-26,2017-12-27,BNB-USDT,cover,217.76585170228537,9.29074305,1.0116032866151692,0.004643050000000315,positive,"{'commission': np.float64(1.0116032866151692), 'slippage': np.float64(1.0110977377463648), 'impact': np.float64(0.0), 'funding': None, 'borrow': None, 'funding_status': 'not_modeled', 'borrow_status': 'not_modeled', 'modeled_total': np.float64(2.0227010243615338)}",VolatilityReversion,hard_stop,False
qt_4c043dea6b8ce7481ed3fab6,2017-12-27,2017-12-28,BNB-USDT,short,91.34245228365523,10.064965,0.45967929262458007,0.005034999999999457,negative,"{'commission': np.float64(0.45967929262458007), 'slippage': np.float64(0.45990924724815446), 'impact': np.float64(0.0), 'funding': None, 'borrow': None, 'funding_status': 'not_modeled', 'borrow_status': 'not_modeled', 'modeled_total': np.float64(0.9195885398727346)}",VolatilityReversion,signal,False
qt_eab76d0a2398e8a90a64225b,2017-12-28,2017-12-29,ETH-USDT,sell,0.5034909539393013,709.14525,0.17852410920201217,0.35474999999996726,negative,"{'commission': np.float64(0.17852410920201217), 'slippage': np.float64(0.17861341590995067), 'impact': np.float64(0.0), 'funding': None, 'borrow': None, 'funding_status': 'not_modeled', 'borrow_status': 'not_modeled', 'modeled_total': np.float64(0.35713752511196284)}",Router,StateSwitch,False
qt_88fa0e5733666826612978a8,2018-01-04,2018-01-05,BNB-USDT,cover,91.34245228365523,9.1395675,0.4174152541309981,0.00456750000000028,positive,"{'commission': np.float64(0.4174152541309981), 'slippage': np.float64(0.4172066508056208), 'impact': np.float64(0.0), 'funding': None, 'borrow': None, 'funding_status': 'not_modeled', 'borrow_status': 'not_modeled', 'modeled_total': np.float64(0.8346219049366189)}",Router,StateSwitch,False
qt_ef0e55a2f0d6e3fc0e70a3e2,2018-02-02,2018-02-03,LTC-USDT,buy,4.047962411846192,132.055995,0.2672788520094743,0.0659949999999867,positive,"{'commission': np.float64(0.2672788520094743), 'slippage': np.float64(0.2671452793697356), 'impact': np.float64(0.0), 'funding': None, 'borrow': None, 'funding_status': 'not_modeled', 'borrow_status': 'not_modeled', 'modeled_total': np.float64(0.53442413137921)}",VolatilityReversion,signal,False
qt_ff62e64ecee61d27c41cdee7,2018-02-05,2018-02-06,BTC-USDT,short,0.033810389310737966,6936.160185000001,0.11725713808824514,3.469814999999471,negative,"{'commission': np.float64(0.11725713808824514), 'slippage': np.float64(0.11731579598622038), 'impact': np.float64(0.0), 'funding': None, 'borrow': None, 'funding_status': 'not_modeled', 'borrow_status': 'not_modeled', 'modeled_total': np.float64(0.23457293407446553)}",TrendBreakdown,signal,False
qt_042eab2d424e59372572813e,2018-02-09,2018-02-10,LTC-USDT,sell,4.047962411846192,163.65813000000003,0.33124097931651886,0.08186999999998079,negative,"{'commission': np.float64(0.33124097931651886), 'slippage': np.float64(0.33140668265776996), 'impact': np.float64(0.0), 'funding': None, 'borrow': None, 'funding_status': 'not_modeled', 'borrow_status': 'not_modeled', 'modeled_total': np.float64(0.6626476619742888)}",VolatilityReversion,Volatility mean reversion complete,False
qt_cc55005bc75c8dc1e3e9db51,2018-02-14,2018-02-15,BTC-USDT,cover,0.033810389310737966,9454.704989999998,0.15983362826503844,4.724989999998797,positive,"{'commission': np.float64(0.15983362826503844), 'slippage': np.float64(0.15975375138930312), 'impact': np.float64(0.0), 'funding': None, 'borrow': None, 'funding_status': 'not_modeled', 'borrow_status': 'not_modeled', 'modeled_total': np.float64(0.3195873796543416)}",Router,StateSwitch,False
qt_03cbecb6db76cdcd799d5c8b,2018-02-16,2018-02-17,LTC-USDT,short,4.439565622970382,227.88600000000002,0.5058574257781143,0.1139999999999759,negative,"{'commission': np.float64(0.5058574257781143), 'slippage': np.float64(0.5061104810185165), 'impact': np.float64(0.0), 'funding': None, 'borrow': None, 'funding_status': 'not_modeled', 'borrow_status': 'not_modeled', 'modeled_total': np.float64(1.011967906796631)}",VolatilityReversion,signal,False
qt_bc171b27d918b9c92d96ce6e,2018-02-22,2018-02-23,LTC-USDT,cover,4.439565622970382,192.78634499999998,0.42794381492005396,0.09634499999998525,positive,"{'commission': np.float64(0.42794381492005396), 'slippage': np.float64(0.42772994994501595), 'impact': np.float64(0.0), 'funding': None, 'borrow': None, 'funding_status': 'not_modeled', 'borrow_status': 'not_modeled', 'modeled_total': np.float64(0.8556737648650699)}",Router,StateSwitch,False
qt_0c3d605232b05c040ffaecc3,2018-03-14,2018-03-15,ETH-USDT,short,0.7025769357783893,609.7949500000001,0.2142139337120681,0.3050499999999374,negative,"{'commission': np.float64(0.2142139337120681), 'slippage': np.float64(0.2143210942591537), 'impact': np.float64(0.0), 'funding': None, 'borrow': None, 'funding_status': 'not_modeled', 'borrow_status': 'not_modeled', 'modeled_total': np.float64(0.4285350279712218)}",TrendBreakdown,signal,False
qt_7c946fcd38bf37f2a3528099,2018-03-29,2018-03-30,BTC-USDT,short,0.08960679747633825,7086.61492,0.3175044339646185,3.545079999999871,negative,"{'commission': np.float64(0.3175044339646185), 'slippage': np.float64(0.3176632655974056), 'impact': np.float64(0.0), 'funding': None, 'borrow': None, 'funding_status': 'not_modeled', 'borrow_status': 'not_modeled', 'modeled_total': np.float64(0.6351676995620241)}",TrendBreakdown,signal,False
qt_c6b1704dfc7dfabe0d26209f,2018-03-29,2018-03-30,LTC-USDT,short,3.05651744768627,114.49272500000001,0.174974505797823,0.05727499999998997,negative,"{'commission': np.float64(0.174974505797823), 'slippage': np.float64(0.17506203681620047), 'impact': np.float64(0.0), 'funding': None, 'borrow': None, 'funding_status': 'not_modeled', 'borrow_status': 'not_modeled', 'modeled_total': np.float64(0.3500365426140235)}",TrendBreakdown,signal,False
qt_527634d1507deff93886e6c4,2018-04-11,2018-04-12,ETH-USDT,cover,0.7025769357783893,430.11494999999996,0.15109442180173754,0.21494999999998754,positive,"{'commission': np.float64(0.15109442180173754), 'slippage': np.float64(0.15101891234555603), 'impact': np.float64(0.0), 'funding': None, 'borrow': None, 'funding_status': 'not_modeled', 'borrow_status': 'not_modeled', 'modeled_total': np.float64(0.3021133341472936)}",Router,StateSwitch,False
qt_6c328a27931e10f4305408d2,2018-04-12,2018-04-13,BTC-USDT,cover,0.08960679747633825,7926.951494999999,0.3551543686086108,3.961494999999559,positive,"{'commission': np.float64(0.3551543686086108), 'slippage': np.float64(0.35497688016848705), 'impact': np.float64(0.0), 'funding': None, 'borrow': None, 'funding_status': 'not_modeled', 'borrow_status': 'not_modeled', 'modeled_total': np.float64(0.7101312487770979)}",Router,StateSwitch,False
qt_e7bf4a816ee0e8184168235e,2018-04-12,2018-04-13,LTC-USDT,cover,3.05651744768627,129.68481,0.19819194223243944,0.06480999999999426,positive,"{'commission': np.float64(0.19819194223243944), 'slippage': np.float64(0.19809289578452963), 'impact': np.float64(0.0), 'funding': None, 'borrow': None, 'funding_status': 'not_modeled', 'borrow_status': 'not_modeled', 'modeled_total': np.float64(0.39628483801696907)}",Router,StateSwitch,False
qt_e49f92b43d3f16414e334f8f,2018-04-15,2018-04-16,BTC-USDT,short,0.23955595749345396,8350.892465,1.0002530201889726,4.1775349999988975,negative,"{'commission': np.float64(1.0002530201889726), 'slippage': np.float64(1.000753396887152), 'impact': np.float64(0.0), 'funding': None, 'borrow': None, 'funding_status': 'not_modeled', 'borrow_status': 'not_modeled', 'modeled_total': np.float64(2.0010064170761246)}",VolatilityReversion,signal,False
qt_ae490d753fdab5951646530d,2018-04-15,2018-04-16,ETH-USDT,short,3.26682332200926,533.61306,0.8716097946683634,0.26693999999997686,negative,"{'commission': np.float64(0.8716097946683634), 'slippage': np.float64(0.8720458175770763), 'impact': np.float64(0.0), 'funding': None, 'borrow': None, 'funding_status': 'not_modeled', 'borrow_status': 'not_modeled', 'modeled_total': np.float64(1.7436556122454396)}",VolatilityReversion,signal,False
qt_2f21c87618b2415147984329,2018-04-18,2018-04-19,BTC-USDT,cover,0.23955595749345396,8178.076994999999,0.9795535324962068,4.086994999999661,positive,"{'commission': np.float64(0.9795535324962068), 'slippage': np.float64(0.9790640004958776), 'impact': np.float64(0.0), 'funding': None, 'borrow': None, 'funding_status': 'not_modeled', 'borrow_status': 'not_modeled', 'modeled_total': np.float64(1.9586175329920845)}",Router,StateSwitch,False
qt_f2d23e30d9e463f1df7b7a16,2018-04-20,2018-04-21,ETH-USDT,cover,3.26682332200926,617.1084,1.0079920566639096,0.308400000000006,positive,"{'commission': np.float64(1.0079920566639096), 'slippage': np.float64(1.0074883125076755), 'impact': np.float64(0.0), 'funding': None, 'borrow': None, 'funding_status': 'not_modeled', 'borrow_status': 'not_modeled', 'modeled_total': np.float64(2.015480369171585)}",VolatilityReversion,hard_stop,False
qt_59927b0d64d2ec399fcf753f,2018-04-24,2018-04-25,LTC-USDT,short,12.496887336009372,164.147885,1.0256688126446116,0.0821149999999875,negative,"{'commission': np.float64(1.0256688126446116), 'slippage': np.float64(1.0261819035962534), 'impact': np.float64(0.0), 'funding': None, 'borrow': None, 'funding_status': 'not_modeled', 'borrow_status': 'not_modeled', 'modeled_total': np.float64(2.051850716240865)}",VolatilityReversion,signal,False
qt_c1a9497f6ca98ff6cb422944,2018-05-01,2018-05-02,LTC-USDT,cover,12.496887336009372,148.35414,0.9269824867052807,0.07413999999999987,positive,"{'commission': np.float64(0.9269824867052807), 'slippage': np.float64(0.9265192270917333), 'impact': np.float64(0.0), 'funding': None, 'borrow': None, 'funding_status': 'not_modeled', 'borrow_status': 'not_modeled', 'modeled_total': np.float64(1.853501713797014)}",Router,StateSwitch,False
qt_59cab4e72159a753956738b5,2018-05-03,2018-05-04,ETH-USDT,buy,0.9887941841494671,779.3895,0.38532790239358056,0.3894999999999982,positive,"{'commission': np.float64(0.38532790239358056), 'slippage': np.float64(0.38513533472621564), 'impact': np.float64(0.0), 'funding': None, 'borrow': None, 'funding_status': 'not_modeled', 'borrow_status': 'not_modeled', 'modeled_total': np.float64(0.7704632371197961)}",TrendBreakout,signal,False
qt_2ffd54ef2ec8250f2b768aae,2018-05-05,2018-05-06,BTC-USDT,buy,0.1516690584663023,9868.921994999999,0.7484050535295157,4.931994999999006,positive,"{'commission': np.float64(0.7484050535295157), 'slippage': np.float64(0.7480310380103599), 'impact': np.float64(0.0), 'funding': None, 'borrow': None, 'funding_status': 'not_modeled', 'borrow_status': 'not_modeled', 'modeled_total': np.float64(1.4964360915398756)}",TrendBreakout,signal,False
qt_6583cf7fe73aaa4cb29e1d27,2018-05-08,2018-05-09,BTC-USDT,sell,0.1516690584663023,9173.411,0.6956613046472103,4.588999999999942,negative,"{'commission': np.float64(0.6956613046472103), 'slippage': np.float64(0.6960093093018525), 'impact': np.float64(0.0), 'funding': None, 'borrow': None, 'funding_status': 'not_modeled', 'borrow_status': 'not_modeled', 'modeled_total': np.float64(1.3916706139490627)}",Router,StateSwitch,False
qt_5c35cc1deb81f6bc403cf1f5,2018-05-11,2018-05-12,ETH-USDT,sell,0.9887941841494671,676.62152,0.33451971192318614,0.3384800000000041,negative,"{'commission': np.float64(0.33451971192318614), 'slippage': np.float64(0.3346870554509157), 'impact': np.float64(0.0), 'funding': None, 'borrow': None, 'funding_status': 'not_modeled', 'borrow_status': 'not_modeled', 'modeled_total': np.float64(0.6692067673741018)}",Router,StateSwitch,False
qt_ecb7ad4e825ca3d2707f4e3a,2018-06-12,2018-06-13,ADA-USDT,buy,6657.9088903922875,0.163171545,0.5431906400572726,8.154499999998843e-05,positive,"{'commission': np.float64(0.5431906400572726), 'slippage': np.float64(0.5429191804669621), 'impact': np.float64(0.0), 'funding': None, 'borrow': None, 'funding_status': 'not_modeled', 'borrow_status': 'not_modeled', 'modeled_total': np.float64(1.0861098205242348)}",VolatilityReversion,signal,False
qt_534f3d2ff8acefaf48a0ad9b,2018-06-13,2018-06-14,BTC-USDT,short,0.11928307707153968,6289.63361,0.3751234253266882,3.146389999999883,negative,"{'commission': np.float64(0.3751234253266882), 'slippage': np.float64(0.3753110808671078), 'impact': np.float64(0.0), 'funding': None, 'borrow': None, 'funding_status': 'not_modeled', 'borrow_status': 'not_modeled', 'modeled_total': np.float64(0.750434506193796)}",TrendBreakdown,signal,False
qt_10e63e58dc8e671e585978b1,2018-06-13,2018-06-14,ETH-USDT,short,1.162111527767992,475.23226500000004,0.27613644676189664,0.23773499999998648,negative,"{'commission': np.float64(0.27613644676189664), 'slippage': np.float64(0.27627458405390787), 'impact': np.float64(0.0), 'funding': None, 'borrow': None, 'funding_status': 'not_modeled', 'borrow_status': 'not_modeled', 'modeled_total': np.float64(0.5524110308158046)}",TrendBreakdown,signal,False
qt_bc633f2057dc83fbc0cce6f8,2018-06-15,2018-06-16,ADA-USDT,sell,6657.9088903922875,0.16089951000000002,0.5356271390443815,8.048999999998863e-05,negative,"{'commission': np.float64(0.5356271390443815), 'slippage': np.float64(0.5358950865875995), 'impact': np.float64(0.0), 'funding': None, 'borrow': None, 'funding_status': 'not_modeled', 'borrow_status': 'not_modeled', 'modeled_total': np.float64(1.071522225631981)}",Router,StateSwitch,False
qt_9c57ddb2b1507c529a546838,2018-06-22,2018-06-23,ADA-USDT,short,4186.181249828028,0.13779107000000002,0.28840919681387067,6.892999999999483e-05,negative,"{'commission': np.float64(0.28840919681387067), 'slippage': np.float64(0.28855347355062433), 'impact': np.float64(0.0), 'funding': None, 'borrow': None, 'funding_status': 'not_modeled', 'borrow_status': 'not_modeled', 'modeled_total': np.float64(0.576962670364495)}",TrendBreakdown,signal,False
qt_90305aa1aef8fb5b7ced2ee0,2018-06-22,2018-06-23,LTC-USDT,short,5.098340630117259,84.70762500000001,0.21593416310911825,0.042374999999992724,negative,"{'commission': np.float64(0.21593416310911825), 'slippage': np.float64(0.21604218420118176), 'impact': np.float64(0.0), 'funding': None, 'borrow': None, 'funding_status': 'not_modeled', 'borrow_status': 'not_modeled', 'modeled_total': np.float64(0.4319763473103)}",TrendBreakdown,signal,False
qt_e660f789509620e963bfed96,2018-07-02,2018-07-03,BTC-USDT,cover,0.11928307707153968,6618.597645,0.394743346497023,3.307644999999866,positive,"{'commission': np.float64(0.394743346497023), 'slippage': np.float64(0.39454607346027687), 'impact': np.float64(0.0), 'funding': None, 'borrow': None, 'funding_status': 'not_modeled', 'borrow_status': 'not_modeled', 'modeled_total': np.float64(0.7892894199572998)}",Router,StateSwitch,False
qt_d6194cdeca2da142b4ef9655,2018-07-02,2018-07-03,ADA-USDT,cover,4186.181249828028,0.15455723999999998,0.3235023100565852,7.723999999997844e-05,positive,"{'commission': np.float64(0.3235023100565852), 'slippage': np.float64(0.3233406397366266), 'impact': np.float64(0.0), 'funding': None, 'borrow': None, 'funding_status': 'not_modeled', 'borrow_status': 'not_modeled', 'modeled_total': np.float64(0.6468429497932118)}",Router,StateSwitch,False
qt_b241b6bd89ae492ebf22dbb0,2018-07-07,2018-07-08,ETH-USDT,cover,1.162111527767992,485.81278499999996,0.28228431889278655,0.2427849999999694,positive,"{'commission': np.float64(0.28228431889278655), 'slippage': np.float64(0.2821432472691164), 'impact': np.float64(0.0), 'funding': None, 'borrow': None, 'funding_status': 'not_modeled', 'borrow_status': 'not_modeled', 'modeled_total': np.float64(0.5644275661619029)}",Router,StateSwitch,False
qt_f9ebe94772b1f8623e97e826,2018-07-16,2018-07-17,LTC-USDT,cover,5.098340630117259,83.691825,0.21334471590308166,0.04182499999998868,positive,"{'commission': np.float64(0.21334471590308166), 'slippage': np.float64(0.21323809685459663), 'impact': np.float64(0.0), 'funding': None, 'borrow': None, 'funding_status': 'not_modeled', 'borrow_status': 'not_modeled', 'modeled_total': np.float64(0.4265828127576783)}",Router,StateSwitch,False
qt_e6659c27cfa1b938029aa63a,2018-07-18,2018-07-19,ADA-USDT,short,8454.230485657568,0.180519695,0.7630775543653031,9.030499999998498e-05,negative,"{'commission': np.float64(0.7630775543653031), 'slippage': np.float64(0.7634592840071798), 'impact': np.float64(0.0), 'funding': None, 'borrow': None, 'funding_status': 'not_modeled', 'borrow_status': 'not_modeled', 'modeled_total': np.float64(1.5265368383724829)}",VolatilityReversion,signal,False
qt_a13cc242873ec93ede8fbcd0,2018-07-19,2018-07-20,BTC-USDT,short,0.35350658096671506,7465.12557,1.3194855083689498,3.73442999999952,negative,"{'commission': np.float64(1.3194855083689498), 'slippage': np.float64(1.32014558115936), 'impact': np.float64(0.0), 'funding': None, 'borrow': None, 'funding_status': 'not_modeled', 'borrow_status': 'not_modeled', 'modeled_total': np.float64(2.6396310895283097)}",VolatilityReversion,signal,False
qt_65d3a94279dd1dc594d5eda4,2018-07-24,2018-07-25,BTC-USDT,cover,0.35350658096671506,8401.438619999999,1.484981920878958,4.1986199999992095,positive,"{'commission': np.float64(1.484981920878958), 'slippage': np.float64(1.4842398009781896), 'impact': np.float64(0.0), 'funding': None, 'borrow': None, 'funding_status': 'not_modeled', 'borrow_status': 'not_modeled', 'modeled_total': np.float64(2.9692217218571475)}",Router,StateSwitch,False
qt_d866afa2466401f41a7e119f,2018-07-27,2018-07-28,ADA-USDT,cover,8454.230485657568,0.16594293,0.70145988884267,8.292999999998107e-05,positive,"{'commission': np.float64(0.70145988884267), 'slippage': np.float64(0.7011093341754221), 'impact': np.float64(0.0), 'funding': None, 'borrow': None, 'funding_status': 'not_modeled', 'borrow_status': 'not_modeled', 'modeled_total': np.float64(1.4025692230180922)}",Router,StateSwitch,False
qt_678e04368c0cc979dba795ad,2018-08-08,2018-08-09,BTC-USDT,buy,0.29040432502417873,6286.411635,0.9128005638431594,3.141634999999951,positive,"{'commission': np.float64(0.9128005638431594), 'slippage': np.float64(0.9123443916473215), 'impact': np.float64(0.0), 'funding': None, 'borrow': None, 'funding_status': 'not_modeled', 'borrow_status': 'not_modeled', 'modeled_total': np.float64(1.8251449554904808)}",VolatilityReversion,signal,False
qt_b81aeafa263bd21c6e84f296,2018-08-10,2018-08-11,ETH-USDT,short,1.3636260410806176,331.71406,0.22616696520428922,0.16593999999997777,negative,"{'commission': np.float64(0.22616696520428922), 'slippage': np.float64(0.22628010525688738), 'impact': np.float64(0.0), 'funding': None, 'borrow': None, 'funding_status': 'not_modeled', 'borrow_status': 'not_modeled', 'modeled_total': np.float64(0.4524470704611766)}",TrendBreakdown,signal,False
qt_86939bf39e501326d22f639c,2018-08-13,2018-08-14,XRP-USDT,short,1006.5610134513463,0.27416285,0.13798081807335472,0.0001371499999999748,negative,"{'commission': np.float64(0.13798081807335472), 'slippage': np.float64(0.13804984299482678), 'impact': np.float64(0.0), 'funding': None, 'borrow': None, 'funding_status': 'not_modeled', 'borrow_status': 'not_modeled', 'modeled_total': np.float64(0.2760306610681815)}",TrendBreakdown,signal,False
qt_edf0cb0d4d936c4807413095,2018-08-13,2018-08-14,ADA-USDT,short,4923.670250488103,0.10096949000000001,0.24857023705997805,5.050999999998973e-05,negative,"{'commission': np.float64(0.24857023705997805), 'slippage': np.float64(0.24869458435210354), 'impact': np.float64(0.0), 'funding': None, 'borrow': None, 'funding_status': 'not_modeled', 'borrow_status': 'not_modeled', 'modeled_total': np.float64(0.4972648214120816)}",TrendBreakdown,signal,False
qt_7cee77b432113fa07f52117b,2018-08-14,2018-08-15,LTC-USDT,short,7.260054257913571,54.23287,0.19686678938118657,0.027129999999999654,negative,"{'commission': np.float64(0.19686678938118657), 'slippage': np.float64(0.19696527201719266), 'impact': np.float64(0.0), 'funding': None, 'borrow': None, 'funding_status': 'not_modeled', 'borrow_status': 'not_modeled', 'modeled_total': np.float64(0.39383206139837923)}",TrendBreakdown,signal,False
qt_652dc15bf10f0f6ea52b39d6,2018-08-18,2018-08-19,BTC-USDT,sell,0.29040432502417873,6384.76602,0.9270818332377061,3.1939800000000105,negative,"{'commission': np.float64(0.9270818332377061), 'slippage': np.float64(0.9275456060407294), 'impact': np.float64(0.0), 'funding': None, 'borrow': None, 'funding_status': 'not_modeled', 'borrow_status': 'not_modeled', 'modeled_total': np.float64(1.8546274392784357)}",Router,StateSwitch,False
qt_262b8f3d7593eb73ae8fa06b,2018-08-25,2018-08-26,XRP-USDT,cover,1006.5610134513463,0.32775379499999996,0.16495209602886238,0.0001637949999999666,positive,"{'commission': np.float64(0.16495209602886238), 'slippage': np.float64(0.16486966119822966), 'impact': np.float64(0.0), 'funding': None, 'borrow': None, 'funding_status': 'not_modeled', 'borrow_status': 'not_modeled', 'modeled_total': np.float64(0.32982175722709206)}",Router,StateSwitch,False
qt_28664bed91659d6d8c4bb7e3,2018-08-27,2018-08-28,LTC-USDT,cover,7.260054257913571,60.720344999999995,0.2204164996296155,0.030344999999996958,positive,"{'commission': np.float64(0.2204164996296155), 'slippage': np.float64(0.2203063464563652), 'impact': np.float64(0.0), 'funding': None, 'borrow': None, 'funding_status': 'not_modeled', 'borrow_status': 'not_modeled', 'modeled_total': np.float64(0.44072284608598067)}",Router,StateSwitch,False
qt_89bfa2badb048305a5f947dc,2018-08-28,2018-08-29,ETH-USDT,cover,1.3636260410806176,295.58772,0.20153555620782304,0.14771999999999252,positive,"{'commission': np.float64(0.20153555620782304), 'slippage': np.float64(0.20143483878841864), 'impact': np.float64(0.0), 'funding': None, 'borrow': None, 'funding_status': 'not_modeled', 'borrow_status': 'not_modeled', 'modeled_total': np.float64(0.40297039499624165)}",Router,StateSwitch,False
qt_1b0700a3c2460c74bd312689,2018-08-28,2018-08-29,ADA-USDT,cover,4923.670250488103,0.105602775,0.2599766208182444,5.2774999999991024e-05,positive,"{'commission': np.float64(0.2599766208182444), 'slippage': np.float64(0.2598466974694654), 'impact': np.float64(0.0), 'funding': None, 'borrow': None, 'funding_status': 'not_modeled', 'borrow_status': 'not_modeled', 'modeled_total': np.float64(0.5198233182877099)}",Router,StateSwitch,False
qt_49cbe49bc2d79d8c3b5e6181,2018-10-11,2018-10-12,XRP-USDT,buy,1954.9974183353524,0.38338159499999996,0.3747550142311448,0.00019159499999998886,positive,"{'commission': np.float64(0.3747550142311448), 'slippage': np.float64(0.37456773036594004), 'impact': np.float64(0.0), 'funding': None, 'borrow': None, 'funding_status': 'not_modeled', 'borrow_status': 'not_modeled', 'modeled_total': np.float64(0.7493227445970849)}",VolatilityReversion,signal,False
qt_4503b3316335f30065d34cb5,2018-10-18,2018-10-19,XRP-USDT,sell,1954.9974183353524,0.46824576,0.4577096259732375,0.00023423999999999667,negative,"{'commission': np.float64(0.4577096259732375), 'slippage': np.float64(0.45793859527086644), 'impact': np.float64(0.0), 'funding': None, 'borrow': None, 'funding_status': 'not_modeled', 'borrow_status': 'not_modeled', 'modeled_total': np.float64(0.9156482212441039)}",Router,StateSwitch,False
qt_ea45d2f325e24c3799345563,2018-11-14,2018-11-15,BTC-USDT,buy,0.44140254361114406,5920.1586,1.3065865323106949,2.958599999999933,positive,"{'commission': np.float64(1.3065865323106949), 'slippage': np.float64(1.3059335655279012), 'impact': np.float64(0.0), 'funding': None, 'borrow': None, 'funding_status': 'not_modeled', 'borrow_status': 'not_modeled', 'modeled_total': np.float64(2.612520097838596)}",RangeMeanReversion,signal,False
qt_aaea61e572f69d178c31f225,2018-11-15,2018-11-16,BTC-USDT,sell,0.44140254361114406,5754.211455000001,1.2699617863566912,2.8785449999995762,negative,"{'commission': np.float64(1.2699617863566912), 'slippage': np.float64(1.2705970848989536), 'impact': np.float64(0.0), 'funding': None, 'borrow': None, 'funding_status': 'not_modeled', 'borrow_status': 'not_modeled', 'modeled_total': np.float64(2.540558871255645)}",RangeMeanReversion,hard_stop,False
qt_f98f9895216b5c2b05930ce0,2018-11-20,2018-11-21,BNB-USDT,short,45.83013279665817,5.9389290500000005,0.13609095351571548,0.0029709499999999167,negative,"{'commission': np.float64(0.13609095351571548), 'slippage': np.float64(0.13615903303222776), 'impact': np.float64(0.0), 'funding': None, 'borrow': None, 'funding_status': 'not_modeled', 'borrow_status': 'not_modeled', 'modeled_total': np.float64(0.27224998654794325)}",TrendBreakdown,signal,False
qt_028c0d322e3d27b1ccb7a24a,2018-11-23,2018-11-24,ETH-USDT,short,1.9487858258204291,124.9375,0.12173821455671995,0.0625,negative,"{'commission': np.float64(0.12173821455671995), 'slippage': np.float64(0.12179911411377682), 'impact': np.float64(0.0), 'funding': None, 'borrow': None, 'funding_status': 'not_modeled', 'borrow_status': 'not_modeled', 'modeled_total': np.float64(0.24353732867049677)}",TrendBreakdown,signal,False
qt_4ce18096224e49ed639778bd,2018-11-24,2018-11-25,BTC-USDT,short,0.06815850104571343,3931.7131600000002,0.13398983776365264,1.9668399999995927,negative,"{'commission': np.float64(0.13398983776365264), 'slippage': np.float64(0.13405686619672325), 'impact': np.float64(0.0), 'funding': None, 'borrow': None, 'funding_status': 'not_modeled', 'borrow_status': 'not_modeled', 'modeled_total': np.float64(0.2680467039603759)}",TrendBreakdown,signal,False
qt_7a61b1486cb8dbf57784e0ef,2018-11-24,2018-11-25,ADA-USDT,short,4869.228041092088,0.0389805,0.09490247182789506,1.9499999999998685e-05,negative,"{'commission': np.float64(0.09490247182789506), 'slippage': np.float64(0.0949499468012893), 'impact': np.float64(0.0), 'funding': None, 'borrow': None, 'funding_status': 'not_modeled', 'borrow_status': 'not_modeled', 'modeled_total': np.float64(0.18985241862918437)}",TrendBreakdown,signal,False
qt_e4bb6c0083166e604893f26e,2018-11-24,2018-11-25,LTC-USDT,short,8.14198787199005,29.70514,0.12092944480788326,0.014859999999998763,negative,"{'commission': np.float64(0.12092944480788326), 'slippage': np.float64(0.12098993977776208), 'impact': np.float64(0.0), 'funding': None, 'borrow': None, 'funding_status': 'not_modeled', 'borrow_status': 'not_modeled', 'modeled_total': np.float64(0.24191938458564533)}",TrendBreakdown,signal,False
qt_11398a16341fcef075c8d5b3,2018-12-04,2018-12-05,BNB-USDT,cover,45.83013279665817,5.904951,0.13531234424387972,0.002950999999999482,positive,"{'commission': np.float64(0.13531234424387972), 'slippage': np.float64(0.1352447218829145), 'impact': np.float64(0.0), 'funding': None, 'borrow': None, 'funding_status': 'not_modeled', 'borrow_status': 'not_modeled', 'modeled_total': np.float64(0.2705570661267942)}",TrendBreakdown,Breakdown Exit (Above High10),False
qt_fb9aff1ccde11c893c7baf5b,2018-12-06,2018-12-07,XRP-USDT,short,1871.8897556117759,0.309435205,0.28961429513256487,0.00015479499999998536,negative,"{'commission': np.float64(0.28961429513256487), 'slippage': np.float64(0.2897591747198974), 'impact': np.float64(0.0), 'funding': None, 'borrow': None, 'funding_status': 'not_modeled', 'borrow_status': 'not_modeled', 'modeled_total': np.float64(0.5793734698524623)}",TrendBreakdown,signal,False
qt_01c5a6092e62e38b0689bdeb,2018-12-17,2018-12-18,XRP-USDT,cover,1871.8897556117759,0.32737360499999996,0.306403648728598,0.0001636049999999556,positive,"{'commission': np.float64(0.306403648728598), 'slippage': np.float64(0.30625052346678144), 'impact': np.float64(0.0), 'funding': None, 'borrow': None, 'funding_status': 'not_modeled', 'borrow_status': 'not_modeled', 'modeled_total': np.float64(0.6126541721953794)}",Router,StateSwitch,False
qt_23ecd0e9cf3607d78f692ebc,2018-12-17,2018-12-18,LTC-USDT,cover,8.14198787199005,28.984484999999996,0.11799566267293875,0.014484999999996973,positive,"{'commission': np.float64(0.11799566267293875), 'slippage': np.float64(0.11793669432575123), 'impact': np.float64(0.0), 'funding': None, 'borrow': None, 'funding_status': 'not_modeled', 'borrow_status': 'not_modeled', 'modeled_total': np.float64(0.23593235699868997)}",Router,StateSwitch,False
qt_1363d43eaa91fcbe9884c734,2018-12-18,2018-12-19,BTC-USDT,cover,0.06815850104571343,3654.8264999999997,0.12455374791107557,1.826499999999669,positive,"{'commission': np.float64(0.12455374791107557), 'slippage': np.float64(0.12449150215997301), 'impact': np.float64(0.0), 'funding': None, 'borrow': None, 'funding_status': 'not_modeled', 'borrow_status': 'not_modeled', 'modeled_total': np.float64(0.24904525007104858)}",Router,StateSwitch,False
qt_192008c7c3c655f8e6653ec9,2018-12-18,2018-12-19,ETH-USDT,cover,1.9487858258204291,100.44019499999999,0.09786821417931997,0.050194999999988,positive,"{'commission': np.float64(0.09786821417931997), 'slippage': np.float64(0.09781930452703305), 'impact': np.float64(0.0), 'funding': None, 'borrow': None, 'funding_status': 'not_modeled', 'borrow_status': 'not_modeled', 'modeled_total': np.float64(0.19568751870635304)}",Router,StateSwitch,False
qt_ae800be50bc5fe2f74be8808,2018-12-18,2018-12-19,ADA-USDT,cover,4869.228041092088,0.03431715,0.08354901453518165,1.7150000000000498e-05,positive,"{'commission': np.float64(0.08354901453518165), 'slippage': np.float64(0.08350726090473173), 'impact': np.float64(0.0), 'funding': None, 'borrow': None, 'funding_status': 'not_modeled', 'borrow_status': 'not_modeled', 'modeled_total': np.float64(0.1670562754399134)}",Router,StateSwitch,False
qt_cb6ef3677fb2cbfe45225187,2018-12-22,2018-12-23,ADA-USDT,short,32812.69458682181,0.04154921500000001,0.6816708510585979,2.078499999999539e-05,negative,"{'commission': np.float64(0.6816708510585979), 'slippage': np.float64(0.6820118569869401), 'impact': np.float64(0.0), 'funding': None, 'borrow': None, 'funding_status': 'not_modeled', 'borrow_status': 'not_modeled', 'modeled_total': np.float64(1.363682708045538)}",VolatilityReversion,signal,False
qt_fbdca0b2eab81bd8164eb609,2018-12-23,2018-12-24,ETH-USDT,short,11.80758325324442,128.965485,0.7613853504662723,0.0645150000000001,negative,"{'commission': np.float64(0.7613853504662723), 'slippage': np.float64(0.761766233583065), 'impact': np.float64(0.0), 'funding': None, 'borrow': None, 'funding_status': 'not_modeled', 'borrow_status': 'not_modeled', 'modeled_total': np.float64(1.5231515840493373)}",VolatilityReversion,signal,False
qt_6cb146eea1df7801006dffb8,2018-12-24,2018-12-25,ETH-USDT,cover,11.80758325324442,138.079005,0.8151896735313262,0.0690050000000042,positive,"{'commission': np.float64(0.8151896735313262), 'slippage': np.float64(0.8147822823901808), 'impact': np.float64(0.0), 'funding': None, 'borrow': None, 'funding_status': 'not_modeled', 'borrow_status': 'not_modeled', 'modeled_total': np.float64(1.6299719559215071)}",VolatilityReversion,hard_stop,False
qt_e759faaa6dd567a79a3cc349,2018-12-24,2018-12-25,ADA-USDT,cover,32812.69458682181,0.04502249999999999,0.7386547710175924,2.2499999999994746e-05,positive,"{'commission': np.float64(0.7386547710175924), 'slippage': np.float64(0.7382856282033183), 'impact': np.float64(0.0), 'funding': None, 'borrow': None, 'funding_status': 'not_modeled', 'borrow_status': 'not_modeled', 'modeled_total': np.float64(1.4769403992209107)}",VolatilityReversion,hard_stop,False
qt_c3c39c52d673e0d3ef825d9d,2019-02-10,2019-02-11,BNB-USDT,buy,52.59171718413207,9.174084749999999,0.24124043529762945,0.00458474999999936,positive,"{'commission': np.float64(0.24124043529762945), 'slippage': np.float64(0.24111987535991586), 'impact': np.float64(0.0), 'funding': None, 'borrow': None, 'funding_status': 'not_modeled', 'borrow_status': 'not_modeled', 'modeled_total': np.float64(0.4823603106575453)}",TrendBreakout,signal,False
qt_1b15ad0c24f347fba14ca3fb,2019-02-18,2019-02-19,BTC-USDT,short,0.6539053926448927,3895.4013250000003,1.2736119664667802,1.9486749999996391,negative,"{'commission': np.float64(1.2736119664667802), 'slippage': np.float64(1.2742490910120503), 'impact': np.float64(0.0), 'funding': None, 'borrow': None, 'funding_status': 'not_modeled', 'borrow_status': 'not_modeled', 'modeled_total': np.float64(2.5478610574788307)}",RangeMeanReversion,signal,False
qt_bd6dc24cba86d8a1c2b447c0,2019-02-18,2019-02-19,LTC-USDT,buy,11.26271511515217,47.833905,0.26936982243012647,0.023904999999999177,positive,"{'commission': np.float64(0.26936982243012647), 'slippage': np.float64(0.26923520482770336), 'impact': np.float64(0.0), 'funding': None, 'borrow': None, 'funding_status': 'not_modeled', 'borrow_status': 'not_modeled', 'modeled_total': np.float64(0.5386050272578298)}",TrendBreakout,signal,False
qt_930a2e927e822d6b396a788a,2019-02-21,2019-02-22,BTC-USDT,cover,0.6539053926448927,3939.2786549999996,1.2879577778177098,1.9686549999996714,positive,"{'commission': np.float64(1.2879577778177098), 'slippage': np.float64(1.2873141207571164), 'impact': np.float64(0.0), 'funding': None, 'borrow': None, 'funding_status': 'not_modeled', 'borrow_status': 'not_modeled', 'modeled_total': np.float64(2.575271898574826)}",Router,StateSwitch,False
qt_67b7ef29eb73a3f7a8f679db,2019-02-26,2019-02-27,BNB-USDT,sell,52.59171718413207,9.4190881,0.24768300874381194,0.004711900000000213,negative,"{'commission': np.float64(0.24768300874381194), 'slippage': np.float64(0.24780691219992312), 'impact': np.float64(0.0), 'funding': None, 'borrow': None, 'funding_status': 'not_modeled', 'borrow_status': 'not_modeled', 'modeled_total': np.float64(0.49548992094373506)}",Router,StateSwitch,False
qt_08e1745ec8edbe9588ef0306,2019-02-26,2019-02-27,LTC-USDT,sell,11.26271511515217,44.747615,0.251989819913755,0.022384999999999877,negative,"{'commission': np.float64(0.251989819913755), 'slippage': np.float64(0.25211587785267997), 'impact': np.float64(0.0), 'funding': None, 'borrow': None, 'funding_status': 'not_modeled', 'borrow_status': 'not_modeled', 'modeled_total': np.float64(0.504105697766435)}",Router,StateSwitch,False
qt_d262dece38aa54af526708ac,2019-03-05,2019-03-06,BNB-USDT,buy,38.67698848045222,13.629811499999999,0.26358003118811757,0.006811499999999526,positive,"{'commission': np.float64(0.26358003118811757), 'slippage': np.float64(0.263448307034582), 'impact': np.float64(0.0), 'funding': None, 'borrow': None, 'funding_status': 'not_modeled', 'borrow_status': 'not_modeled', 'modeled_total': np.float64(0.5270283382226996)}",TrendBreakout,signal,False
qt_7999d35c78228f03c8220dd3,2019-03-16,2019-03-17,LTC-USDT,buy,16.85261877429173,61.250609999999995,0.5161165900114104,0.030609999999995807,positive,"{'commission': np.float64(0.5161165900114104), 'slippage': np.float64(0.5158586606809992), 'impact': np.float64(0.0), 'funding': None, 'borrow': None, 'funding_status': 'not_modeled', 'borrow_status': 'not_modeled', 'modeled_total': np.float64(1.0319752506924096)}",TrendBreakout,signal,False
qt_99972ded454b5c5db155c394,2019-03-21,2019-03-22,BNB-USDT,sell,38.67698848045222,14.349521650000002,0.27749814177852494,0.007178349999998446,negative,"{'commission': np.float64(0.27749814177852494), 'slippage': np.float64(0.2776369602585941), 'impact': np.float64(0.0), 'funding': None, 'borrow': None, 'funding_status': 'not_modeled', 'borrow_status': 'not_modeled', 'modeled_total': np.float64(0.555135102037119)}",Router,StateSwitch,False
qt_8dfdfd05195e67cf606898f8,2019-03-22,2019-03-23,ADA-USDT,buy,13873.018906716574,0.057808889999999995,0.4009919119731493,2.8889999999996696e-05,positive,"{'commission': np.float64(0.4009919119731493), 'slippage': np.float64(0.400791516214996), 'impact': np.float64(0.0), 'funding': None, 'borrow': None, 'funding_status': 'not_modeled', 'borrow_status': 'not_modeled', 'modeled_total': np.float64(0.8017834281881453)}",TrendBreakout,signal,False
qt_d86c755069908f5bbe4ba0c7,2019-04-02,2019-04-03,BTC-USDT,short,0.5615581790435787,4854.761405,1.363115487141423,2.4285949999994045,negative,"{'commission': np.float64(1.363115487141423), 'slippage': np.float64(1.3637973858340058), 'impact': np.float64(0.0), 'funding': None, 'borrow': None, 'funding_status': 'not_modeled', 'borrow_status': 'not_modeled', 'modeled_total': np.float64(2.726912872975429)}",RangeMeanReversion,signal,False
qt_733897189defea280846f2b3,2019-04-02,2019-04-03,BNB-USDT,buy,35.969418523907784,19.725357749999997,0.3547548242217789,0.009857749999998333,positive,"{'commission': np.float64(0.3547548242217789), 'slippage': np.float64(0.354577535453992), 'impact': np.float64(0.0), 'funding': None, 'borrow': None, 'funding_status': 'not_modeled', 'borrow_status': 'not_modeled', 'modeled_total': np.float64(0.7093323596757709)}",TrendBreakout,signal,False
qt_7745d9d9828fff97b5eb4bb8,2019-04-03,2019-04-04,BTC-USDT,cover,0.5615581790435787,4935.056295,1.3856606132488754,2.466295000000173,positive,"{'commission': np.float64(1.3856606132488754), 'slippage': np.float64(1.38496812918438), 'impact': np.float64(0.0), 'funding': None, 'borrow': None, 'funding_status': 'not_modeled', 'borrow_status': 'not_modeled', 'modeled_total': np.float64(2.7706287424332556)}",RangeMeanReversion,hard_stop,False
qt_1c8f2391c82d74f5ee775069,2019-04-08,2019-04-09,ETH-USDT,buy,4.471109458826228,178.799355,0.3997157436862643,0.08935499999998342,positive,"{'commission': np.float64(0.3997157436862643), 'slippage': np.float64(0.39951598569334346), 'impact': np.float64(0.0), 'funding': None, 'borrow': None, 'funding_status': 'not_modeled', 'borrow_status': 'not_modeled', 'modeled_total': np.float64(0.7992317293796077)}",TrendBreakout,signal,False
qt_d99d3c5e4f1763a5fa5d0b71,2019-04-10,2019-04-11,BTC-USDT,buy,0.14872638552669298,5310.513929999999,0.3949067710490267,2.653929999999491,positive,"{'commission': np.float64(0.3949067710490267), 'slippage': np.float64(0.3947094163407806), 'impact': np.float64(0.0), 'funding': None, 'borrow': None, 'funding_status': 'not_modeled', 'borrow_status': 'not_modeled', 'modeled_total': np.float64(0.7896161873898073)}",TrendBreakout,signal,False
qt_852bfa3a4b8ba11b6b5b17f8,2019-04-11,2019-04-12,BNB-USDT,sell,35.969418523907784,17.54672225,0.3155726981665074,0.00877775000000014,negative,"{'commission': np.float64(0.3155726981665074), 'slippage': np.float64(0.3157305634482366), 'impact': np.float64(0.0), 'funding': None, 'borrow': None, 'funding_status': 'not_modeled', 'borrow_status': 'not_modeled', 'modeled_total': np.float64(0.631303261614744)}",Router,StateSwitch,False
qt_c2ca49035ace2b3f2b084dcb,2019-04-17,2019-04-18,ADA-USDT,sell,13873.018906716574,0.08237879,0.5714212555912171,4.120999999999986e-05,negative,"{'commission': np.float64(0.5714212555912171), 'slippage': np.float64(0.571707109145788), 'impact': np.float64(0.0), 'funding': None, 'borrow': None, 'funding_status': 'not_modeled', 'borrow_status': 'not_modeled', 'modeled_total': np.float64(1.1431283647370052)}",Router,StateSwitch,False
qt_89c5d8d305d16aee1782b013,2019-04-17,2019-04-18,LTC-USDT,sell,16.85261877429173,78.78059,0.6638296250418897,0.03940999999998951,negative,"{'commission': np.float64(0.6638296250418897), 'slippage': np.float64(0.6641617058946603), 'impact': np.float64(0.0), 'funding': None, 'borrow': None, 'funding_status': 'not_modeled', 'borrow_status': 'not_modeled', 'modeled_total': np.float64(1.32799133093655)}",Router,StateSwitch,False
qt_a6cd546dc4ae80945fd5ef33,2019-04-18,2019-04-19,BNB-USDT,buy,31.646707184848186,21.8997444,0.3465273992249094,0.010944399999999632,positive,"{'commission': np.float64(0.3465273992249094), 'slippage': np.float64(0.34635422211384087), 'impact': np.float64(0.0), 'funding': None, 'borrow': None, 'funding_status': 'not_modeled', 'borrow_status': 'not_modeled', 'modeled_total': np.float64(0.6928816213387503)}",TrendBreakout,signal,False
qt_1456a200031c9a9c8b8cdd60,2019-04-21,2019-04-22,ADA-USDT,buy,16408.235764871508,0.073346655,0.6017446039023459,3.665499999999655e-05,positive,"{'commission': np.float64(0.6017446039023459), 'slippage': np.float64(0.6014438819613085), 'impact': np.float64(0.0), 'funding': None, 'borrow': None, 'funding_status': 'not_modeled', 'borrow_status': 'not_modeled', 'modeled_total': np.float64(1.2031884858636543)}",VolatilityReversion,signal,False
qt_14853a355c7a5b54464d0358,2019-04-24,2019-04-25,ETH-USDT,sell,4.471109458826228,164.69761,0.3681905209585366,0.08239000000000374,negative,"{'commission': np.float64(0.3681905209585366), 'slippage': np.float64(0.36837470831270963), 'impact': np.float64(0.0), 'funding': None, 'borrow': None, 'funding_status': 'not_modeled', 'borrow_status': 'not_modeled', 'modeled_total': np.float64(0.7365652292712462)}",Router,StateSwitch,False
qt_a7635125115d6c7e4bd97d73,2019-04-30,2019-05-01,BNB-USDT,sell,31.646707184848186,22.018985,0.3484141854012822,0.011015000000000441,negative,"{'commission': np.float64(0.3484141854012822), 'slippage': np.float64(0.3485884796411167), 'impact': np.float64(0.0), 'funding': None, 'borrow': None, 'funding_status': 'not_modeled', 'borrow_status': 'not_modeled', 'modeled_total': np.float64(0.6970026650423989)}",Router,StateSwitch,False
qt_9783c595a87a8eb725010620,2019-05-08,2019-05-09,ADA-USDT,sell,16408.235764871508,0.06466765,0.5305410237800965,3.2350000000000434e-05,negative,"{'commission': np.float64(0.5305410237800965), 'slippage': np.float64(0.5308064269936004), 'impact': np.float64(0.0), 'funding': None, 'borrow': None, 'funding_status': 'not_modeled', 'borrow_status': 'not_modeled', 'modeled_total': np.float64(1.0613474507736969)}",VolatilityReversion,hard_stop,False
qt_5d41cdf2fed29d19ae0784a0,2019-05-11,2019-05-12,ETH-USDT,buy,5.521127640451207,190.2951,0.5253217682262132,0.09510000000000218,positive,"{'commission': np.float64(0.5253217682262132), 'slippage': np.float64(0.5250592386069218), 'impact': np.float64(0.0), 'funding': None, 'borrow': None, 'funding_status': 'not_modeled', 'borrow_status': 'not_modeled', 'modeled_total': np.float64(1.0503810068331352)}",TrendBreakout,signal,False
qt_6adabc0558b6cda2d37e953a,2019-05-15,2019-05-16,ADA-USDT,short,20364.124279885556,0.09385305000000001,0.9556175871231567,4.6949999999990055e-05,negative,"{'commission': np.float64(0.9556175871231567), 'slippage': np.float64(0.9560956349404244), 'impact': np.float64(0.0), 'funding': None, 'borrow': None, 'funding_status': 'not_modeled', 'borrow_status': 'not_modeled', 'modeled_total': np.float64(1.911713222063581)}",VolatilityReversion,signal,False
qt_b736874f9e552b7b69813ee8,2019-05-24,2019-05-25,BNB-USDT,buy,17.12914336803353,34.016999999999996,0.2913410349751983,0.016999999999995907,positive,"{'commission': np.float64(0.2913410349751983), 'slippage': np.float64(0.29119543725649993), 'impact': np.float64(0.0), 'funding': None, 'borrow': None, 'funding_status': 'not_modeled', 'borrow_status': 'not_modeled', 'modeled_total': np.float64(0.5825364722316982)}",TrendBreakout,signal,False
qt_86ed3c41958581b5cb20d8a8,2019-05-25,2019-05-26,ADA-USDT,cover,20364.124279885556,0.08012003999999999,0.815787225934701,4.0039999999991194e-05,positive,"{'commission': np.float64(0.815787225934701), 'slippage': np.float64(0.8153795361664383), 'impact': np.float64(0.0), 'funding': None, 'borrow': None, 'funding_status': 'not_modeled', 'borrow_status': 'not_modeled', 'modeled_total': np.float64(1.6311667621011394)}",Router,StateSwitch,False
qt_414eca1d4260702dbb68885a,2019-05-26,2019-05-27,LTC-USDT,buy,7.416878742097554,111.085515,0.4119538973792295,0.05551499999999976,positive,"{'commission': np.float64(0.4119538973792295), 'slippage': np.float64(0.4117480233675439), 'impact': np.float64(0.0), 'funding': None, 'borrow': None, 'funding_status': 'not_modeled', 'borrow_status': 'not_modeled', 'modeled_total': np.float64(0.8237019207467734)}",TrendBreakout,signal,False
qt_9f7ba32eab09d493a7e4bb64,2019-06-03,2019-06-04,BTC-USDT,sell,0.14872638552669298,8111.60217,0.6032046357872897,4.05782999999974,negative,"{'commission': np.float64(0.6032046357872897), 'slippage': np.float64(0.6035063889817419), 'impact': np.float64(0.0), 'funding': None, 'borrow': None, 'funding_status': 'not_modeled', 'borrow_status': 'not_modeled', 'modeled_total': np.float64(1.2067110247690316)}",Router,StateSwitch,False
qt_7b9b1b9dc642f14a11b92051,2019-06-03,2019-06-04,ETH-USDT,sell,5.521127640451207,249.89499000000004,0.689851068249639,0.12500999999997475,negative,"{'commission': np.float64(0.689851068249639), 'slippage': np.float64(0.6901961663326659), 'impact': np.float64(0.0), 'funding': None, 'borrow': None, 'funding_status': 'not_modeled', 'borrow_status': 'not_modeled', 'modeled_total': np.float64(1.380047234582305)}",Router,StateSwitch,False
qt_7ba7cb037087d585e21b667d,2019-06-03,2019-06-04,BNB-USDT,sell,17.12914336803353,30.720432100000004,0.2631073428844197,0.015367899999997547,negative,"{'commission': np.float64(0.2631073428844197), 'slippage': np.float64(0.2632389623655605), 'impact': np.float64(0.0), 'funding': None, 'borrow': None, 'funding_status': 'not_modeled', 'borrow_status': 'not_modeled', 'modeled_total': np.float64(0.5263463052499802)}",Router,StateSwitch,False
qt_1d807bb7b3a1d6f4d6a9bb26,2019-06-21,2019-06-22,BTC-USDT,buy,0.0803736660050324,10164.93993,0.40849674344751874,5.079929999999877,positive,"{'commission': np.float64(0.40849674344751874), 'slippage': np.float64(0.40829259714893434), 'impact': np.float64(0.0), 'funding': None, 'borrow': None, 'funding_status': 'not_modeled', 'borrow_status': 'not_modeled', 'modeled_total': np.float64(0.816789340596453)}",TrendBreakout,signal,False
qt_10e8eea034cfef96e36d7bba,2019-06-26,2019-06-27,LTC-USDT,sell,7.416878742097554,132.17388000000003,0.4901588204162766,0.06611999999998375,negative,"{'commission': np.float64(0.4901588204162766), 'slippage': np.float64(0.4904040224273697), 'impact': np.float64(0.0), 'funding': None, 'borrow': None, 'funding_status': 'not_modeled', 'borrow_status': 'not_modeled', 'modeled_total': np.float64(0.9805628428436464)}",Router,StateSwitch,False
qt_a8c3f4ddf6756c52bdb2089a,2019-07-11,2019-07-12,BTC-USDT,sell,0.0803736660050324,11337.20856,0.4556065071154171,5.671440000000075,negative,"{'commission': np.float64(0.4556065071154171), 'slippage': np.float64(0.455834424327587), 'impact': np.float64(0.0), 'funding': None, 'borrow': None, 'funding_status': 'not_modeled', 'borrow_status': 'not_modeled', 'modeled_total': np.float64(0.9114409314430041)}",Router,StateSwitch,False
qt_f8fd62cbd0c47228798243d6,2019-07-16,2019-07-17,BTC-USDT,buy,0.1119802070293029,9434.885085,0.5282601925579911,4.715084999999817,positive,"{'commission': np.float64(0.5282601925579911), 'slippage': np.float64(0.5279961944607402), 'impact': np.float64(0.0), 'funding': None, 'borrow': None, 'funding_status': 'not_modeled', 'borrow_status': 'not_modeled', 'modeled_total': np.float64(1.0562563870187311)}",VolatilityReversion,signal,False
qt_4623f6a75e664b3a2e16ab68,2019-07-18,2019-07-19,BTC-USDT,sell,0.1119802070293029,10623.32568,0.594801104493055,5.314319999999498,negative,"{'commission': np.float64(0.594801104493055), 'slippage': np.float64(0.5950986538199088), 'impact': np.float64(0.0), 'funding': None, 'borrow': None, 'funding_status': 'not_modeled', 'borrow_status': 'not_modeled', 'modeled_total': np.float64(1.1898997583129638)}",Router,StateSwitch,False
qt_0f47487b5a5eb9e226d70694,2019-08-05,2019-08-06,ETH-USDT,short,10.187721293538779,233.41323500000001,1.1889744922016354,0.11676499999998668,negative,"{'commission': np.float64(1.1889744922016354), 'slippage': np.float64(1.18956927683992), 'impact': np.float64(0.0), 'funding': None, 'borrow': None, 'funding_status': 'not_modeled', 'borrow_status': 'not_modeled', 'modeled_total': np.float64(2.3785437690415554)}",VolatilityReversion,signal,False
qt_89628dd5fa22e2fb24f7f167,2019-08-07,2019-08-08,ETH-USDT,cover,10.187721293538779,226.223055,1.152348717256447,0.11305499999997437,positive,"{'commission': np.float64(1.152348717256447), 'slippage': np.float64(1.1517728308407655), 'impact': np.float64(0.0), 'funding': None, 'borrow': None, 'funding_status': 'not_modeled', 'borrow_status': 'not_modeled', 'modeled_total': np.float64(2.3041215480972124)}",Router,StateSwitch,False
qt_b848318c5f39d358c79eaea6,2019-08-14,2019-08-15,XRP-USDT,short,3013.8044686806047,0.26332827000000003,0.3968099584279665,0.00013172999999999657,negative,"{'commission': np.float64(0.3968099584279665), 'slippage': np.float64(0.39700846265928574), 'impact': np.float64(0.0), 'funding': None, 'borrow': None, 'funding_status': 'not_modeled', 'borrow_status': 'not_modeled', 'modeled_total': np.float64(0.7938184210872523)}",TrendBreakdown,signal,False
qt_64c7916bfa77c70ccba0a4db,2019-08-14,2019-08-15,ADA-USDT,short,18253.266382574555,0.0471764,0.43056169808544514,2.3599999999998622e-05,negative,"{'commission': np.float64(0.43056169808544514), 'slippage': np.float64(0.4307770866287343), 'impact': np.float64(0.0), 'funding': None, 'borrow': None, 'funding_status': 'not_modeled', 'borrow_status': 'not_modeled', 'modeled_total': np.float64(0.8613387847141795)}",TrendBreakdown,signal,False
qt_e79e93a7ff1367490230949f,2019-08-14,2019-08-15,DOGE-USDT,buy,834062.75,0.0027243615,1.1361442223420626,1.3614999999998073e-06,positive,"{'commission': 1.1361442223420626, 'slippage': 1.1355764341248393, 'impact': 0.0, 'funding': None, 'borrow': None, 'funding_status': 'not_modeled', 'borrow_status': 'not_modeled', 'modeled_total': 2.271720656466902}",VolatilityReversion,signal,False
qt_e79e93a7ff1367490230949f,2019-08-14,2019-08-16,DOGE-USDT,buy,197014.83129875292,0.0025825906499999996,0.2544043306117433,1.2906499999997163e-06,positive,"{'commission': np.float64(0.2544043306117433), 'slippage': np.float64(0.25427719201567955), 'impact': np.float64(0.0), 'funding': None, 'borrow': None, 'funding_status': 'not_modeled', 'borrow_status': 'not_modeled', 'modeled_total': np.float64(0.5086815226274228)}",VolatilityReversion,signal,False
qt_c43039fda324d9e109c3e504,2019-08-16,2019-08-17,DOGE-USDT,sell,488424.68,0.002646676,0.64635093918184,1.32400000000003e-06,negative,"{'commission': 0.64635093918184, 'slippage': 0.6466742763200146, 'impact': 0.0, 'funding': None, 'borrow': None, 'funding_status': 'not_modeled', 'borrow_status': 'not_modeled', 'modeled_total': 1.2930252155018547}",VolatilityReversion,hard_stop,False
qt_c43039fda324d9e109c3e504,2019-08-16,2019-08-18,DOGE-USDT,sell,542652.901298753,0.0026240873000000003,0.7119842933031058,1.312699999999646e-06,negative,"{'commission': np.float64(0.7119842933031058), 'slippage': np.float64(0.712340463534681), 'impact': np.float64(0.0), 'funding': None, 'borrow': None, 'funding_status': 'not_modeled', 'borrow_status': 'not_modeled', 'modeled_total': np.float64(1.4243247568377866)}",VolatilityReversion,hard_stop,False
qt_36e6754a8be97783a24cc31e,2019-08-27,2019-08-28,ADA-USDT,cover,18253.266382574555,0.049904939999999995,0.45546408181320003,2.4939999999994134e-05,positive,"{'commission': np.float64(0.45546408181320003), 'slippage': np.float64(0.4552364635813023), 'impact': np.float64(0.0), 'funding': None, 'borrow': None, 'funding_status': 'not_modeled', 'borrow_status': 'not_modeled', 'modeled_total': np.float64(0.9107005453945023)}",Router,StateSwitch,False
qt_de11edf642690fdfc5acf231,2019-08-28,2019-08-29,ETH-USDT,short,6.590326058085607,172.943485,0.5698769778858186,0.08651499999999146,negative,"{'commission': np.float64(0.5698769778858186), 'slippage': np.float64(0.57016205891522), 'impact': np.float64(0.0), 'funding': None, 'borrow': None, 'funding_status': 'not_modeled', 'borrow_status': 'not_modeled', 'modeled_total': np.float64(1.1400390368010385)}",TrendBreakdown,signal,False
qt_d83055c9ab848bbed3ecc764,2019-08-29,2019-08-30,DOGE-USDT,buy,375122.07,0.00244332105,0.45827182497528673,1.2210499999998348e-06,positive,"{'commission': 0.45827182497528673, 'slippage': 0.458042803573438, 'impact': 0.0, 'funding': None, 'borrow': None, 'funding_status': 'not_modeled', 'borrow_status': 'not_modeled', 'modeled_total': 0.9163146285487247}",VolatilityReversion,signal,False
qt_d83055c9ab848bbed3ecc764,2019-08-29,2019-08-31,DOGE-USDT,buy,363383.19,0.0024529258499999995,0.4456760101032307,1.2258499999997369e-06,positive,"{'commission': 0.4456760101032307, 'slippage': 0.4454532834614044, 'impact': 0.0, 'funding': None, 'borrow': None, 'funding_status': 'not_modeled', 'borrow_status': 'not_modeled', 'modeled_total': 0.8911292935646351}",VolatilityReversion,signal,False
qt_d83055c9ab848bbed3ecc764,2019-08-29,2019-09-01,DOGE-USDT,buy,359561.48,0.002453226,0.44104278566724003,1.2260000000000049e-06,positive,"{'commission': 0.44104278566724003, 'slippage': 0.4408223744800017, 'impact': 0.0, 'funding': None, 'borrow': None, 'funding_status': 'not_modeled', 'borrow_status': 'not_modeled', 'modeled_total': 0.8818651601472418}",VolatilityReversion,signal,False
qt_d83055c9ab848bbed3ecc764,2019-08-29,2019-09-02,DOGE-USDT,buy,12902.207965837326,0.00246473175,0.015900240809251086,1.231750000000014e-06,positive,"{'commission': np.float64(0.015900240809251086), 'slippage': np.float64(0.015892294661920308), 'impact': np.float64(0.0), 'funding': None, 'borrow': None, 'funding_status': 'not_modeled', 'borrow_status': 'not_modeled', 'modeled_total': np.float64(0.03179253547117139)}",VolatilityReversion,signal,False
qt_c9460538c33578c6f4561c55,2019-09-02,2019-09-03,DOGE-USDT,sell,646798.06,0.0025897045,0.8375079232866351,1.2954999999998523e-06,negative,"{'commission': 0.8375079232866351, 'slippage': 0.8379268867299046, 'impact': 0.0, 'funding': None, 'borrow': None, 'funding_status': 'not_modeled', 'borrow_status': 'not_modeled', 'modeled_total': 1.6754348100165397}",Router,StateSwitch,False
qt_c9460538c33578c6f4561c55,2019-09-02,2019-09-04,DOGE-USDT,sell,327898.86,0.00256341765,0.4202708625694395,1.2823499999999217e-06,negative,"{'commission': 0.4202708625694395, 'slippage': 0.4204811031209743, 'impact': 0.0, 'funding': None, 'borrow': None, 'funding_status': 'not_modeled', 'borrow_status': 'not_modeled', 'modeled_total': 0.8407519656904139}",Router,StateSwitch,False
qt_c9460538c33578c6f4561c55,2019-09-02,2019-09-05,DOGE-USDT,sell,136272.02796583727,0.00252083895,0.17175991794588594,1.261050000000031e-06,negative,"{'commission': np.float64(0.17175991794588594), 'slippage': np.float64(0.17184584086632332), 'impact': np.float64(0.0), 'funding': None, 'borrow': None, 'funding_status': 'not_modeled', 'borrow_status': 'not_modeled', 'modeled_total': np.float64(0.3436057588122092)}",Router,StateSwitch,False
qt_7e68255227f2ea0783689754,2019-09-08,2019-09-09,ETH-USDT,cover,6.590326058085607,181.27059,0.5973161464207761,0.09058999999999173,positive,"{'commission': np.float64(0.5973161464207761), 'slippage': np.float64(0.5970176376019206), 'impact': np.float64(0.0), 'funding': None, 'borrow': None, 'funding_status': 'not_modeled', 'borrow_status': 'not_modeled', 'modeled_total': np.float64(1.1943337840226969)}",Router,StateSwitch,False
qt_206fcbd26161b0d2a0898257,2019-09-14,2019-09-15,XRP-USDT,cover,3013.8044686806047,0.261380625,0.3938750478257647,0.00013062499999999533,positive,"{'commission': np.float64(0.3938750478257647), 'slippage': np.float64(0.3936782087213899), 'impact': np.float64(0.0), 'funding': None, 'borrow': None, 'funding_status': 'not_modeled', 'borrow_status': 'not_modeled', 'modeled_total': np.float64(0.7875532565471546)}",Router,StateSwitch,False
qt_19ac756fc777bccb40350a12,2019-09-17,2019-09-18,ETH-USDT,short,14.625782199675504,207.74607500000002,1.5192244228937262,0.1039249999999754,negative,"{'commission': np.float64(1.5192244228937262), 'slippage': np.float64(1.519984415100917), 'impact': np.float64(0.0), 'funding': None, 'borrow': None, 'funding_status': 'not_modeled', 'borrow_status': 'not_modeled', 'modeled_total': np.float64(3.039208837994643)}",VolatilityReversion,signal,False
qt_051786878f127c1c19bbfea3,2019-09-19,2019-09-20,ETH-USDT,cover,14.625782199675504,220.37013,1.6115427623470882,0.11012999999999806,positive,"{'commission': np.float64(1.6115427623470882), 'slippage': np.float64(1.610737393650235), 'impact': np.float64(0.0), 'funding': None, 'borrow': None, 'funding_status': 'not_modeled', 'borrow_status': 'not_modeled', 'modeled_total': np.float64(3.222280155997323)}",VolatilityReversion,hard_stop,False
qt_e12faafa9f5f1f0775421c26,2019-09-20,2019-09-21,ETH-USDT,short,13.566570454915716,217.900995,1.4780846004318684,0.10900499999999624,negative,"{'commission': np.float64(1.4780846004318684), 'slippage': np.float64(1.4788240124380367), 'impact': np.float64(0.0), 'funding': None, 'borrow': None, 'funding_status': 'not_modeled', 'borrow_status': 'not_modeled', 'modeled_total': np.float64(2.9569086128699054)}",VolatilityReversion,signal,False
qt_39d7573c35364e030ede2e9e,2019-09-24,2019-09-25,ETH-USDT,cover,13.566570454915716,165.80285999999998,1.1246880909082633,0.08285999999998239,positive,"{'commission': np.float64(1.1246880909082633), 'slippage': np.float64(1.1241260278940775), 'impact': np.float64(0.0), 'funding': None, 'borrow': None, 'funding_status': 'not_modeled', 'borrow_status': 'not_modeled', 'modeled_total': np.float64(2.2488141188023407)}",Router,StateSwitch,False
qt_dba4926072b1e63caa21b826,2019-10-14,2019-10-15,BNB-USDT,short,137.30537651806,18.42968055,1.2652471135126586,0.009219449999999796,negative,"{'commission': np.float64(1.2652471135126586), 'slippage': np.float64(1.2658800535394001), 'impact': np.float64(0.0), 'funding': None, 'borrow': None, 'funding_status': 'not_modeled', 'borrow_status': 'not_modeled', 'modeled_total': np.float64(2.531127167052059)}",VolatilityReversion,signal,False
qt_382dfb57f72b20544653e72b,2019-10-19,2019-10-20,BNB-USDT,cover,137.30537651806,18.228009450000002,1.2514018503535032,0.009109450000000407,positive,"{'commission': np.float64(1.2514018503535032), 'slippage': np.float64(1.2507764621224977), 'impact': np.float64(0.0), 'funding': None, 'borrow': None, 'funding_status': 'not_modeled', 'borrow_status': 'not_modeled', 'modeled_total': np.float64(2.502178312476001)}",Router,StateSwitch,False
qt_c0af9a4522395ec67fa03775,2020-01-06,2020-01-07,ADA-USDT,short,83621.92397717417,0.03730134,1.5596049088633632,1.8659999999996735e-05,negative,"{'commission': np.float64(1.5596049088633632), 'slippage': np.float64(1.560385101413797), 'impact': np.float64(0.0), 'funding': None, 'borrow': None, 'funding_status': 'not_modeled', 'borrow_status': 'not_modeled', 'modeled_total': np.float64(3.11999001027716)}",VolatilityReversion,signal,False
qt_cd565dec3dcb58cf1ec0d88b,2020-01-07,2020-01-08,ETH-USDT,short,22.47474287951832,142.72860000000003,1.6038942932768097,0.07139999999998281,negative,"{'commission': np.float64(1.6038942932768097), 'slippage': np.float64(1.6046966415972217), 'impact': np.float64(0.0), 'funding': None, 'borrow': None, 'funding_status': 'not_modeled', 'borrow_status': 'not_modeled', 'modeled_total': np.float64(3.2085909348740316)}",VolatilityReversion,signal,False
qt_5970e39d90b3020192da5f10,2020-01-14,2020-01-15,ETH-USDT,cover,22.47474287951832,165.6828,1.8618391647793289,0.08279999999999177,positive,"{'commission': np.float64(1.8618391647793289), 'slippage': np.float64(1.860908710423932), 'impact': np.float64(0.0), 'funding': None, 'borrow': None, 'funding_status': 'not_modeled', 'borrow_status': 'not_modeled', 'modeled_total': np.float64(3.722747875203261)}",VolatilityReversion,hard_stop,False
qt_e4a3c991ddb9866c123c42b5,2020-01-14,2020-01-15,BNB-USDT,short,176.64043896559318,16.62178495,1.468039694979845,0.008315050000000213,negative,"{'commission': np.float64(1.468039694979845), 'slippage': np.float64(1.468774082020893), 'impact': np.float64(0.0), 'funding': None, 'borrow': None, 'funding_status': 'not_modeled', 'borrow_status': 'not_modeled', 'modeled_total': np.float64(2.9368137770007383)}",VolatilityReversion,signal,False
qt_4a8157a8da784ff8ee4bfd9a,2020-01-14,2020-01-15,ADA-USDT,cover,83621.92397717417,0.041630805,1.7406240054092812,2.080499999999874e-05,positive,"{'commission': np.float64(1.7406240054092812), 'slippage': np.float64(1.7397541283450033), 'impact': np.float64(0.0), 'funding': None, 'borrow': None, 'funding_status': 'not_modeled', 'borrow_status': 'not_modeled', 'modeled_total': np.float64(3.4803781337542845)}",VolatilityReversion,hard_stop,False
qt_43b2e3f07d80e628929743ff,2020-01-14,2020-01-15,LTC-USDT,short,42.07881801336278,58.340815,1.2274562685681327,0.02918499999999824,negative,"{'commission': np.float64(1.2274562685681327), 'slippage': np.float64(1.2280703037199185), 'impact': np.float64(0.0), 'funding': None, 'borrow': None, 'funding_status': 'not_modeled', 'borrow_status': 'not_modeled', 'modeled_total': np.float64(2.4555265722880515)}",VolatilityReversion,signal,False
qt_5024ed4e5dfaa035eda41781,2020-01-15,2020-01-16,ETH-USDT,short,16.44877261128902,166.3168,1.367853612318617,0.08320000000000505,negative,"{'commission': np.float64(1.367853612318617), 'slippage': np.float64(1.3685378812593294), 'impact': np.float64(0.0), 'funding': None, 'borrow': None, 'funding_status': 'not_modeled', 'borrow_status': 'not_modeled', 'modeled_total': np.float64(2.7363914935779463)}",VolatilityReversion,signal,False
qt_58dbaa2da1eaa1c3be871c89,2020-01-15,2020-01-16,BNB-USDT,cover,176.64043896559318,17.67433275,1.56100094769198,0.008832749999999834,positive,"{'commission': np.float64(1.56100094769198), 'slippage': np.float64(1.5602208372733137), 'impact': np.float64(0.0), 'funding': None, 'borrow': None, 'funding_status': 'not_modeled', 'borrow_status': 'not_modeled', 'modeled_total': np.float64(3.121221784965294)}",VolatilityReversion,hard_stop,False
qt_ee22d6a9a146955fb0b72c7a,2020-01-15,2020-01-16,ADA-USDT,short,66841.9085247477,0.042748615000000004,1.428699506694829,2.1384999999998766e-05,negative,"{'commission': np.float64(1.428699506694829), 'slippage': np.float64(1.4294142138016472), 'impact': np.float64(0.0), 'funding': None, 'borrow': None, 'funding_status': 'not_modeled', 'borrow_status': 'not_modeled', 'modeled_total': np.float64(2.858113720496476)}",VolatilityReversion,signal,False
qt_6431987a030466753f538a37,2020-01-15,2020-01-16,LTC-USDT,cover,42.07881801336278,58.199085,1.2244743531296156,0.02908499999999492,positive,"{'commission': np.float64(1.2244743531296156), 'slippage': np.float64(1.2238624219184426), 'impact': np.float64(0.0), 'funding': None, 'borrow': None, 'funding_status': 'not_modeled', 'borrow_status': 'not_modeled', 'modeled_total': np.float64(2.448336775048058)}",Router,StateSwitch,False
qt_72e32f8525725eb2878fbec5,2020-01-17,2020-01-18,ETH-USDT,cover,16.44877261128902,170.00495999999998,1.3981864649156426,0.08495999999999526,positive,"{'commission': np.float64(1.3981864649156426), 'slippage': np.float64(1.3974877210550372), 'impact': np.float64(0.0), 'funding': None, 'borrow': None, 'funding_status': 'not_modeled', 'borrow_status': 'not_modeled', 'modeled_total': np.float64(2.7956741859706797)}",Router,StateSwitch,False
qt_2ccde266f3f5516a9414546e,2020-01-17,2020-01-18,ADA-USDT,cover,66841.9085247477,0.04490244,1.5006823935089864,2.2439999999998572e-05,positive,"{'commission': np.float64(1.5006823935089864), 'slippage': np.float64(1.499932427295243), 'impact': np.float64(0.0), 'funding': None, 'borrow': None, 'funding_status': 'not_modeled', 'borrow_status': 'not_modeled', 'modeled_total': np.float64(3.0006148208042296)}",Router,StateSwitch,False
qt_335bec023e6e7598a7f526af,2020-01-17,2020-01-18,DOGE-USDT,short,1133925.8090065839,0.00248425725,1.4084817059933608,1.242749999999862e-06,negative,"{'commission': np.float64(1.4084817059933608), 'slippage': np.float64(1.4091862991427757), 'impact': np.float64(0.0), 'funding': None, 'borrow': None, 'funding_status': 'not_modeled', 'borrow_status': 'not_modeled', 'modeled_total': np.float64(2.8176680051361362)}",VolatilityReversion,signal,False
qt_78ca59cae8aa6b7ed61bffa4,2020-01-18,2020-01-19,DOGE-USDT,cover,1133925.8090065839,0.0025149568499999997,1.4258872403764498,1.2568499999998997e-06,positive,"{'commission': np.float64(1.4258872403764498), 'slippage': np.float64(1.4251746530498113), 'impact': np.float64(0.0), 'funding': None, 'borrow': None, 'funding_status': 'not_modeled', 'borrow_status': 'not_modeled', 'modeled_total': np.float64(2.851061893426261)}",Router,StateSwitch,False
qt_a484af24b207bbd9b29c6901,2020-01-21,2020-01-22,ADA-USDT,buy,19471.868289059545,0.046063019999999996,0.4484665292181578,2.3019999999998597e-05,positive,"{'commission': np.float64(0.4484665292181578), 'slippage': np.float64(0.4482424080141234), 'impact': np.float64(0.0), 'funding': None, 'borrow': None, 'funding_status': 'not_modeled', 'borrow_status': 'not_modeled', 'modeled_total': np.float64(0.8967089372322812)}",TrendBreakout,signal,False
qt_ac4d053f22b0c7cc48aff37b,2020-01-30,2020-01-31,ETH-USDT,buy,6.555938142536298,184.802355,0.6057764039875169,0.09235499999999774,positive,"{'commission': np.float64(0.6057764039875169), 'slippage': np.float64(0.605473667153925), 'impact': np.float64(0.0), 'funding': None, 'borrow': None, 'funding_status': 'not_modeled', 'borrow_status': 'not_modeled', 'modeled_total': np.float64(1.2112500711414418)}",TrendBreakout,signal,False
qt_bb64368b98d196f386c4a272,2020-01-30,2020-01-31,BNB-USDT,buy,89.82933064066754,18.564977850000002,0.8338397668121597,0.009277850000000143,positive,"{'commission': np.float64(0.8338397668121597), 'slippage': np.float64(0.8334230552845301), 'impact': np.float64(0.0), 'funding': None, 'borrow': None, 'funding_status': 'not_modeled', 'borrow_status': 'not_modeled', 'modeled_total': np.float64(1.6672628220966899)}",TrendBreakout,signal,False
qt_f4b543efc63ba47635935bda,2020-02-01,2020-02-02,LTC-USDT,buy,9.477958433732727,70.75536,0.3353081805218976,0.03535999999999717,positive,"{'commission': np.float64(0.3353081805218976), 'slippage': np.float64(0.33514061021676245), 'impact': np.float64(0.0), 'funding': None, 'borrow': None, 'funding_status': 'not_modeled', 'borrow_status': 'not_modeled', 'modeled_total': np.float64(0.67044879073866)}",TrendBreakout,signal,False
qt_823b995371d1c13a1548d45e,2020-02-04,2020-02-05,XRP-USDT,buy,3749.514646468563,0.26755371,0.5015982771810013,0.0001337100000000091,positive,"{'commission': np.float64(0.5015982771810013), 'slippage': np.float64(0.5013476033793457), 'impact': np.float64(0.0), 'funding': None, 'borrow': None, 'funding_status': 'not_modeled', 'borrow_status': 'not_modeled', 'modeled_total': np.float64(1.0029458805603468)}",TrendBreakout,signal,False
qt_1d0859e1898dcc81a521fb1d,2020-02-06,2020-02-07,BTC-USDT,buy,0.1630919185619868,9776.885999999999,0.7972655476509143,4.885999999998603,positive,"{'commission': np.float64(0.7972655476509143), 'slippage': np.float64(0.7968671140936396), 'impact': np.float64(0.0), 'funding': None, 'borrow': None, 'funding_status': 'not_modeled', 'borrow_status': 'not_modeled', 'modeled_total': np.float64(1.594132661744554)}",TrendBreakout,signal,False
qt_0e14c33b2d19320433d2db1b,2020-02-06,2020-02-07,DOGE-USDT,buy,492781.39536193875,0.0026655320999999996,0.6567623138100194,1.3320999999997564e-06,positive,"{'commission': np.float64(0.6567623138100194), 'slippage': np.float64(0.6564340967615185), 'impact': np.float64(0.0), 'funding': None, 'borrow': None, 'funding_status': 'not_modeled', 'borrow_status': 'not_modeled', 'modeled_total': np.float64(1.313196410571538)}",TrendBreakout,signal,False
qt_6e9439d292a3ed2568f42a40,2020-02-17,2020-02-18,BTC-USDT,sell,0.1630919185619868,9701.147,0.7910893382409313,4.852999999999156,negative,"{'commission': np.float64(0.7910893382409313), 'slippage': np.float64(0.7914850807811843), 'impact': np.float64(0.0), 'funding': None, 'borrow': None, 'funding_status': 'not_modeled', 'borrow_status': 'not_modeled', 'modeled_total': np.float64(1.5825744190221156)}",Router,StateSwitch,False
qt_fbbbd5979251c34b6ee2e45d,2020-02-17,2020-02-18,ADA-USDT,sell,19471.868289059545,0.0601699,0.5858101838829419,3.0099999999998184e-05,negative,"{'commission': np.float64(0.5858101838829419), 'slippage': np.float64(0.5861032355006569), 'impact': np.float64(0.0), 'funding': None, 'borrow': None, 'funding_status': 'not_modeled', 'borrow_status': 'not_modeled', 'modeled_total': np.float64(1.171913419383599)}",Router,StateSwitch,False
qt_bd53c7ce75a7c51b7f486d97,2020-02-17,2020-02-18,DOGE-USDT,sell,492781.39536193875,0.00268055905,0.6604648145045365,1.3409499999999554e-06,negative,"{'commission': np.float64(0.6604648145045365), 'slippage': np.float64(0.6607952121105698), 'impact': np.float64(0.0), 'funding': None, 'borrow': None, 'funding_status': 'not_modeled', 'borrow_status': 'not_modeled', 'modeled_total': np.float64(1.3212600266151062)}",Router,StateSwitch,False
qt_a60cda21af3e298dbc89d6f7,2020-02-17,2020-02-18,LTC-USDT,sell,9.477958433732727,73.40328,0.3478566183698224,0.03672000000000253,negative,"{'commission': np.float64(0.3478566183698224), 'slippage': np.float64(0.3480306336866897), 'impact': np.float64(0.0), 'funding': None, 'borrow': None, 'funding_status': 'not_modeled', 'borrow_status': 'not_modeled', 'modeled_total': np.float64(0.695887252056512)}",Router,StateSwitch,False
qt_14798d6d9d08fc9ea18e7b41,2020-02-19,2020-02-20,XRP-USDT,sell,3749.514646468563,0.27452267,0.5146633859763281,0.00013732999999999107,negative,"{'commission': np.float64(0.5146633859763281), 'slippage': np.float64(0.5149208463994943), 'impact': np.float64(0.0), 'funding': None, 'borrow': None, 'funding_status': 'not_modeled', 'borrow_status': 'not_modeled', 'modeled_total': np.float64(1.0295842323758224)}",Router,StateSwitch,False
qt_f42ff111aae025505072a64b,2020-02-20,2020-02-21,BNB-USDT,sell,89.82933064066754,22.15061915,0.9948876457604261,0.011080849999999032,negative,"{'commission': np.float64(0.9948876457604261), 'slippage': np.float64(0.9953853384295539), 'impact': np.float64(0.0), 'funding': None, 'borrow': None, 'funding_status': 'not_modeled', 'borrow_status': 'not_modeled', 'modeled_total': np.float64(1.99027298418998)}",Router,StateSwitch,False
qt_8fd841b348e74941b787a8f1,2020-02-25,2020-02-26,ETH-USDT,sell,6.555938142536298,246.546665,0.8081723424943095,0.12333499999999731,negative,"{'commission': np.float64(0.8081723424943095), 'slippage': np.float64(0.8085766308096967), 'impact': np.float64(0.0), 'funding': None, 'borrow': None, 'funding_status': 'not_modeled', 'borrow_status': 'not_modeled', 'modeled_total': np.float64(1.6167489733040061)}",Router,StateSwitch,False
qt_05c3277d2074e066aa8f6748,2020-02-26,2020-02-27,BNB-USDT,buy,70.34814961047022,18.7431669,0.6592735546276066,0.009366899999999845,positive,"{'commission': np.float64(0.6592735546276066), 'slippage': np.float64(0.6589440825863025), 'impact': np.float64(0.0), 'funding': None, 'borrow': None, 'funding_status': 'not_modeled', 'borrow_status': 'not_modeled', 'modeled_total': np.float64(1.3182176372139092)}",VolatilityReversion,signal,False
qt_5d35b37a873687cc7fb93295,2020-02-26,2020-02-27,XRP-USDT,buy,5689.767581631068,0.229284585,0.6522879993503666,0.00011458500000000038,positive,"{'commission': np.float64(0.6522879993503666), 'slippage': np.float64(0.6519620183411982), 'impact': np.float64(0.0), 'funding': None, 'borrow': None, 'funding_status': 'not_modeled', 'borrow_status': 'not_modeled', 'modeled_total': np.float64(1.3042500176915648)}",VolatilityReversion,signal,False
qt_986a3b15e31671d19a0424f9,2020-03-05,2020-03-06,BNB-USDT,sell,70.34814961047022,20.735926850000002,0.7293670421777833,0.010373149999999498,negative,"{'commission': np.float64(0.7293670421777833), 'slippage': np.float64(0.7297319081318138), 'impact': np.float64(0.0), 'funding': None, 'borrow': None, 'funding_status': 'not_modeled', 'borrow_status': 'not_modeled', 'modeled_total': np.float64(1.459098950309597)}",Router,StateSwitch,False
qt_5f2a622837d12b2a4cdc6ce2,2020-03-06,2020-03-07,XRP-USDT,sell,5689.767581631068,0.24462762500000002,0.6959371651482009,0.00012237499999998014,negative,"{'commission': np.float64(0.6959371651482009), 'slippage': np.float64(0.6962853078019889), 'impact': np.float64(0.0), 'funding': None, 'borrow': None, 'funding_status': 'not_modeled', 'borrow_status': 'not_modeled', 'modeled_total': np.float64(1.39222247295019)}",Router,StateSwitch,False
qt_67e131b43e2f52ff42aa0611,2020-03-12,2020-03-13,ETH-USDT,buy,6.254666026222994,107.723835,0.33688830549447574,0.053834999999992306,positive,"{'commission': np.float64(0.33688830549447574), 'slippage': np.float64(0.33671994552166673), 'impact': np.float64(0.0), 'funding': None, 'borrow': None, 'funding_status': 'not_modeled', 'borrow_status': 'not_modeled', 'modeled_total': np.float64(0.6736082510161425)}",VolatilityReversion,signal,False
qt_44c4548ed3faaffe6fcd5f30,2020-03-14,2020-03-15,ETH-USDT,sell,6.254666026222994,122.47873000000001,0.38303177573296954,0.061269999999993274,negative,"{'commission': np.float64(0.38303177573296954), 'slippage': np.float64(0.38322338742664075), 'impact': np.float64(0.0), 'funding': None, 'borrow': None, 'funding_status': 'not_modeled', 'borrow_status': 'not_modeled', 'modeled_total': np.float64(0.7662551631596103)}",Router,StateSwitch,False
qt_337466c96441680894d5e2a1,2020-04-06,2020-04-07,ETH-USDT,short,10.846423221791456,171.23434,0.9286400608720669,0.08565999999999008,negative,"{'commission': np.float64(0.9286400608720669), 'slippage': np.float64(0.9291046131785485), 'impact': np.float64(0.0), 'funding': None, 'borrow': None, 'funding_status': 'not_modeled', 'borrow_status': 'not_modeled', 'modeled_total': np.float64(1.8577446740506154)}",VolatilityReversion,signal,False
qt_f4c64ecf44bb9ed4f0be3931,2020-04-06,2020-04-07,BNB-USDT,short,121.53831170230667,15.1854035,0.9228041519541493,0.007596500000000006,negative,"{'commission': np.float64(0.9228041519541493), 'slippage': np.float64(0.9232657848465734), 'impact': np.float64(0.0), 'funding': None, 'borrow': None, 'funding_status': 'not_modeled', 'borrow_status': 'not_modeled', 'modeled_total': np.float64(1.8460699368007227)}",VolatilityReversion,signal,False
qt_0ceb03a9f11a6ecf8d4c2a4f,2020-04-06,2020-04-07,XRP-USDT,short,10596.54828408809,0.19790100000000002,1.0485337509846588,9.899999999998799e-05,negative,"{'commission': np.float64(1.0485337509846588), 'slippage': np.float64(1.0490582801245936), 'impact': np.float64(0.0), 'funding': None, 'borrow': None, 'funding_status': 'not_modeled', 'borrow_status': 'not_modeled', 'modeled_total': np.float64(2.0975920311092526)}",VolatilityReversion,signal,False
qt_19eff1c9699a17d3df8b72ff,2020-04-06,2020-04-07,ADA-USDT,short,53550.9103010646,0.035892045,0.9610258411583871,1.7955000000000054e-05,negative,"{'commission': np.float64(0.9610258411583871), 'slippage': np.float64(0.9615065944556178), 'impact': np.float64(0.0), 'funding': None, 'borrow': None, 'funding_status': 'not_modeled', 'borrow_status': 'not_modeled', 'modeled_total': np.float64(1.9225324356140048)}",VolatilityReversion,signal,False
qt_cde67d92f72b743eb3dcff2d,2020-04-06,2020-04-07,LTC-USDT,short,42.09262533832572,45.007485,0.9472416017626575,0.02251499999999851,negative,"{'commission': np.float64(0.9472416017626575), 'slippage': np.float64(0.9477154594923407), 'impact': np.float64(0.0), 'funding': None, 'borrow': None, 'funding_status': 'not_modeled', 'borrow_status': 'not_modeled', 'modeled_total': np.float64(1.8949570612549982)}",VolatilityReversion,signal,False
qt_e282ff0c7ec35e874c49a541,2020-04-08,2020-04-09,XRP-USDT,cover,10596.54828408809,0.20202095999999997,1.0703624285189142,0.00010095999999998329,positive,"{'commission': np.float64(1.0703624285189142), 'slippage': np.float64(1.0698275147613565), 'impact': np.float64(0.0), 'funding': None, 'borrow': None, 'funding_status': 'not_modeled', 'borrow_status': 'not_modeled', 'modeled_total': np.float64(2.1401899432802707)}",Router,StateSwitch,False
qt_b7aa30db9772f798f0ead858,2020-04-10,2020-04-11,BNB-USDT,cover,121.53831170230667,13.723958549999999,0.8339933760197183,0.0068585499999986865,positive,"{'commission': np.float64(0.8339933760197183), 'slippage': np.float64(0.8335765877256958), 'impact': np.float64(0.0), 'funding': None, 'borrow': None, 'funding_status': 'not_modeled', 'borrow_status': 'not_modeled', 'modeled_total': np.float64(1.667569963745414)}",Router,StateSwitch,False
qt_5d158dc0efd5e560c1b5ef72,2020-04-11,2020-04-12,LTC-USDT,cover,42.09262533832572,42.56126999999999,0.8957577960166611,0.021269999999994127,positive,"{'commission': np.float64(0.8957577960166611), 'slippage': np.float64(0.8953101409459407), 'impact': np.float64(0.0), 'funding': None, 'borrow': None, 'funding_status': 'not_modeled', 'borrow_status': 'not_modeled', 'modeled_total': np.float64(1.7910679369626017)}",Router,StateSwitch,False
qt_786acf4ec1dde71a7f3e0dbf,2020-04-12,2020-04-13,ETH-USDT,cover,10.846423221791456,158.63927999999999,0.8603343852401384,0.07927999999998292,positive,"{'commission': np.float64(0.8603343852401384), 'slippage': np.float64(0.8599044330234413), 'impact': np.float64(0.0), 'funding': None, 'borrow': None, 'funding_status': 'not_modeled', 'borrow_status': 'not_modeled', 'modeled_total': np.float64(1.7202388182635797)}",Router,StateSwitch,False
qt_b2cad11ad0955cfbb981db5f,2020-04-12,2020-04-13,ADA-USDT,cover,53550.9103010646,0.033466724999999996,0.896086794272698,1.6724999999995216e-05,positive,"{'commission': np.float64(0.896086794272698), 'slippage': np.float64(0.8956389747850493), 'impact': np.float64(0.0), 'funding': None, 'borrow': None, 'funding_status': 'not_modeled', 'borrow_status': 'not_modeled', 'modeled_total': np.float64(1.7917257690577473)}",Router,StateSwitch,False
qt_8190afdc6addf1be6eb0fea7,2020-04-29,2020-04-30,ETH-USDT,buy,4.605662682330954,215.5077,0.4962778858224873,0.10769999999999413,positive,"{'commission': np.float64(0.4962778858224873), 'slippage': np.float64(0.4960298708870167), 'impact': np.float64(0.0), 'funding': None, 'borrow': None, 'funding_status': 'not_modeled', 'borrow_status': 'not_modeled', 'modeled_total': np.float64(0.992307756709504)}",TrendBreakout,signal,False
qt_ca100d2ea1fda62045c3de98,2020-05-07,2020-05-08,BTC-USDT,buy,0.09400878629839172,9991.29315,0.4696346712914675,4.993150000000242,positive,"{'commission': np.float64(0.4696346712914675), 'slippage': np.float64(0.4693999713058373), 'impact': np.float64(0.0), 'funding': None, 'borrow': None, 'funding_status': 'not_modeled', 'borrow_status': 'not_modeled', 'modeled_total': np.float64(0.9390346425973048)}",TrendBreakout,signal,False
qt_083ae938a15d6a53318fb251,2020-05-10,2020-05-11,ETH-USDT,sell,4.605662682330954,187.52619,0.4318411876213521,0.09380999999999062,negative,"{'commission': np.float64(0.4318411876213521), 'slippage': np.float64(0.4320572162294236), 'impact': np.float64(0.0), 'funding': None, 'borrow': None, 'funding_status': 'not_modeled', 'borrow_status': 'not_modeled', 'modeled_total': np.float64(0.8638984038507758)}",Router,StateSwitch,False
qt_1e5288f89ce4c1e5cbe785cd,2020-05-19,2020-05-20,ADA-USDT,buy,15494.075016264604,0.056778375,0.43986420077580135,2.8374999999997152e-05,positive,"{'commission': np.float64(0.43986420077580135), 'slippage': np.float64(0.439644378586464), 'impact': np.float64(0.0), 'funding': None, 'borrow': None, 'funding_status': 'not_modeled', 'borrow_status': 'not_modeled', 'modeled_total': np.float64(0.8795085793622653)}",TrendBreakout,signal,False
qt_93ad2a7277a5c22b085c53b5,2020-05-21,2020-05-22,BTC-USDT,sell,0.09400878629839172,9062.976245,0.42599969852180286,4.533755000000383,negative,"{'commission': np.float64(0.42599969852180286), 'slippage': np.float64(0.42621280492430097), 'impact': np.float64(0.0), 'funding': None, 'borrow': None, 'funding_status': 'not_modeled', 'borrow_status': 'not_modeled', 'modeled_total': np.float64(0.8522125034461039)}",Router,StateSwitch,False
qt_e71687519929f989e591fe21,2020-05-21,2020-05-22,ADA-USDT,sell,15494.075016264604,0.05207395,0.4034188438466061,2.6049999999999685e-05,negative,"{'commission': np.float64(0.4034188438466061), 'slippage': np.float64(0.40362065417368803), 'impact': np.float64(0.0), 'funding': None, 'borrow': None, 'funding_status': 'not_modeled', 'borrow_status': 'not_modeled', 'modeled_total': np.float64(0.8070394980202942)}",Router,StateSwitch,False
qt_bfb61cf08ca22d6d6bb1d304,2020-06-04,2020-06-05,ADA-USDT,buy,5774.537679271612,0.08886440999999999,0.25657544194562054,4.440999999999473e-05,positive,"{'commission': np.float64(0.25657544194562054), 'slippage': np.float64(0.25644721833642187), 'impact': np.float64(0.0), 'funding': None, 'borrow': None, 'funding_status': 'not_modeled', 'borrow_status': 'not_modeled', 'modeled_total': np.float64(0.5130226602820425)}",TrendBreakout,signal,False
qt_09cc657bfb3400dab82be81d,2020-06-14,2020-06-15,ADA-USDT,sell,5774.537679271612,0.07640178,0.22059247868671017,3.8219999999991594e-05,negative,"{'commission': np.float64(0.22059247868671017), 'slippage': np.float64(0.2207028301017125), 'impact': np.float64(0.0), 'funding': None, 'borrow': None, 'funding_status': 'not_modeled', 'borrow_status': 'not_modeled', 'modeled_total': np.float64(0.44129530878842266)}",Router,StateSwitch,False
qt_72d2d8aa4a53d96b53ef35d0,2020-07-09,2020-07-10,XRP-USDT,short,16051.077987282424,0.202528685,1.625401858798378,0.00010131499999999072,negative,"{'commission': np.float64(1.625401858798378), 'slippage': np.float64(1.6262149662813699), 'impact': np.float64(0.0), 'funding': None, 'borrow': None, 'funding_status': 'not_modeled', 'borrow_status': 'not_modeled', 'modeled_total': np.float64(3.251616825079748)}",VolatilityReversion,signal,False
qt_17d4952764003d5a20708157,2020-07-11,2020-07-12,BNB-USDT,short,184.94491599587326,17.61168975,1.6285962406795662,0.008810249999999797,negative,"{'commission': np.float64(1.6285962406795662), 'slippage': np.float64(1.629410946152605), 'impact': np.float64(0.0), 'funding': None, 'borrow': None, 'funding_status': 'not_modeled', 'borrow_status': 'not_modeled', 'modeled_total': np.float64(3.258007186832171)}",VolatilityReversion,signal,False
qt_e6beb00f964df7e19ca0f0b1,2020-07-12,2020-07-13,BNB-USDT,cover,184.94491599587326,18.312751799999997,1.6934251716521382,0.009151799999997934,positive,"{'commission': np.float64(1.6934251716521382), 'slippage': np.float64(1.6925788822106507), 'impact': np.float64(0.0), 'funding': None, 'borrow': None, 'funding_status': 'not_modeled', 'borrow_status': 'not_modeled', 'modeled_total': np.float64(3.3860040538627887)}",VolatilityReversion,hard_stop,False
qt_dbd37e89e6b51dcbbc1f4429,2020-07-13,2020-07-14,BNB-USDT,short,175.53378846478398,18.39149965,1.6141648045566244,0.009200350000000412,negative,"{'commission': np.float64(1.6141648045566244), 'slippage': np.float64(1.6149722907020476), 'impact': np.float64(0.0), 'funding': None, 'borrow': None, 'funding_status': 'not_modeled', 'borrow_status': 'not_modeled', 'modeled_total': np.float64(3.2291370952586718)}",VolatilityReversion,signal,False
qt_96048b5edc1a1abe1772d6ea,2020-07-18,2020-07-19,BNB-USDT,cover,175.53378846478398,17.1627771,1.5063236424698194,0.008577100000000115,positive,"{'commission': np.float64(1.5063236424698194), 'slippage': np.float64(1.5055708570413189), 'impact': np.float64(0.0), 'funding': None, 'borrow': None, 'funding_status': 'not_modeled', 'borrow_status': 'not_modeled', 'modeled_total': np.float64(3.011894499511138)}",Router,StateSwitch,False
qt_d3aec3ba2679141e3aa422d6,2020-07-18,2020-07-19,XRP-USDT,cover,16051.077987282424,0.199989945,1.6050271019336615,9.994499999999018e-05,positive,"{'commission': np.float64(1.6050271019336615), 'slippage': np.float64(1.6042249894387843), 'impact': np.float64(0.0), 'funding': None, 'borrow': None, 'funding_status': 'not_modeled', 'borrow_status': 'not_modeled', 'modeled_total': np.float64(3.209252091372446)}",Router,StateSwitch,False
qt_1ec36341c144cb3d7c5353fb,2020-07-24,2020-07-25,BNB-USDT,buy,83.08213916999769,19.197393899999998,0.7974802758505323,0.009593899999998712,positive,"{'commission': np.float64(0.7974802758505323), 'slippage': np.float64(0.7970817349829338), 'impact': np.float64(0.0), 'funding': None, 'borrow': None, 'funding_status': 'not_modeled', 'borrow_status': 'not_modeled', 'modeled_total': np.float64(1.594562010833466)}",TrendBreakout,signal,False
qt_9d9094fcf1cf9c52fca69bd6,2020-07-25,2020-07-26,ADA-USDT,buy,7600.837464880674,0.14375184,0.5463171855587662,7.183999999998969e-05,positive,"{'commission': np.float64(0.5463171855587662), 'slippage': np.float64(0.5460441634769493), 'impact': np.float64(0.0), 'funding': None, 'borrow': None, 'funding_status': 'not_modeled', 'borrow_status': 'not_modeled', 'modeled_total': np.float64(1.0923613490357154)}",TrendBreakout,signal,False
qt_cbe0b8a0883ea64165999581,2020-07-27,2020-07-28,BTC-USDT,short,0.2981965045543901,11024.44502,1.6437254848080265,5.514979999999923,negative,"{'commission': np.float64(1.6437254848080265), 'slippage': np.float64(1.6445477586873476), 'impact': np.float64(0.0), 'funding': None, 'borrow': None, 'funding_status': 'not_modeled', 'borrow_status': 'not_modeled', 'modeled_total': np.float64(3.2882732434953743)}",RangeMeanReversion,signal,False
qt_8edcea3c9fc24bc061969366,2020-07-27,2020-07-28,ETH-USDT,buy,2.4288107522255475,322.110975,0.39117329974492726,0.16097500000000764,positive,"{'commission': np.float64(0.39117329974492726), 'slippage': np.float64(0.3909778108395261), 'impact': np.float64(0.0), 'funding': None, 'borrow': None, 'funding_status': 'not_modeled', 'borrow_status': 'not_modeled', 'modeled_total': np.float64(0.7821511105844534)}",TrendBreakout,signal,False
qt_510181098bb3982537881e83,2020-07-28,2020-07-29,BTC-USDT,cover,0.2981965045543901,10911.723135,1.6269188487611357,5.453134999999747,positive,"{'commission': np.float64(1.6269188487611357), 'slippage': np.float64(1.6261057958631289), 'impact': np.float64(0.0), 'funding': None, 'borrow': None, 'funding_status': 'not_modeled', 'borrow_status': 'not_modeled', 'modeled_total': np.float64(3.2530246446242645)}",Router,StateSwitch,False
qt_e4e9b06baa4a19aaf99daff6,2020-07-31,2020-08-01,XRP-USDT,buy,3396.8613340053807,0.25950968999999996,0.4407592158803614,0.00012968999999996011,positive,"{'commission': np.float64(0.4407592158803614), 'slippage': np.float64(0.44053894640702235), 'impact': np.float64(0.0), 'funding': None, 'borrow': None, 'funding_status': 'not_modeled', 'borrow_status': 'not_modeled', 'modeled_total': np.float64(0.8812981622873837)}",TrendBreakout,signal,False
qt_1c8b63daeedfe83ad3d69e20,2020-08-01,2020-08-02,BTC-USDT,buy,0.09018730651488782,11807.070585,0.5324239469461555,5.90058499999941,positive,"{'commission': np.float64(0.5324239469461555), 'slippage': np.float64(0.5321578680120961), 'impact': np.float64(0.0), 'funding': None, 'borrow': None, 'funding_status': 'not_modeled', 'borrow_status': 'not_modeled', 'modeled_total': np.float64(1.0645818149582515)}",TrendBreakout,signal,False
qt_cc546766e832b6fb2bb88f74,2020-08-01,2020-08-02,LTC-USDT,buy,12.416861267746485,61.680825,0.3829411234525746,0.030825000000000102,positive,"{'commission': np.float64(0.3829411234525746), 'slippage': np.float64(0.3827497485782867), 'impact': np.float64(0.0), 'funding': None, 'borrow': None, 'funding_status': 'not_modeled', 'borrow_status': 'not_modeled', 'modeled_total': np.float64(0.7656908720308613)}",TrendBreakout,signal,False
qt_b1ccc9b5cfdaee082df425cd,2020-08-07,2020-08-08,ADA-USDT,sell,7600.837464880674,0.138840545,0.5276522080402256,6.945499999999605e-05,negative,"{'commission': np.float64(0.5276522080402256), 'slippage': np.float64(0.5279161661232572), 'impact': np.float64(0.0), 'funding': None, 'borrow': None, 'funding_status': 'not_modeled', 'borrow_status': 'not_modeled', 'modeled_total': np.float64(1.055568374163483)}",Router,StateSwitch,False
qt_daae2d947865558c948c2afa,2020-08-11,2020-08-12,LTC-USDT,sell,12.416861267746485,54.082945,0.33577021250808176,0.027054999999997165,negative,"{'commission': np.float64(0.33577021250808176), 'slippage': np.float64(0.335938181598846), 'impact': np.float64(0.0), 'funding': None, 'borrow': None, 'funding_status': 'not_modeled', 'borrow_status': 'not_modeled', 'modeled_total': np.float64(0.6717083941069277)}",Router,StateSwitch,False
qt_db9de3743ca0129791dcbb71,2020-08-13,2020-08-14,BNB-USDT,sell,83.08213916999769,21.76421245,0.9041086638481481,0.010887549999999635,negative,"{'commission': np.float64(0.9041086638481481), 'slippage': np.float64(0.904560944320278), 'impact': np.float64(0.0), 'funding': None, 'borrow': None, 'funding_status': 'not_modeled', 'borrow_status': 'not_modeled', 'modeled_total': np.float64(1.8086696081684261)}",Router,StateSwitch,False
qt_a03993a59a8cc80b3905dd5d,2020-08-19,2020-08-20,XRP-USDT,sell,3396.8613340053807,0.289545155,0.49177237073404734,0.00014484500000000455,negative,"{'commission': np.float64(0.49177237073404734), 'slippage': np.float64(0.49201837992402486), 'impact': np.float64(0.0), 'funding': None, 'borrow': None, 'funding_status': 'not_modeled', 'borrow_status': 'not_modeled', 'modeled_total': np.float64(0.9837907506580722)}",Router,StateSwitch,False
qt_803fb2263c0dadcac5cae25d,2020-08-21,2020-08-22,BTC-USDT,sell,0.09018730651488782,11525.464385,0.5197252946082089,5.765615000000253,negative,"{'commission': np.float64(0.5197252946082089), 'slippage': np.float64(0.5199852872518578), 'impact': np.float64(0.0), 'funding': None, 'borrow': None, 'funding_status': 'not_modeled', 'borrow_status': 'not_modeled', 'modeled_total': np.float64(1.0397105818600667)}",Router,StateSwitch,False
qt_21b24c99c23e1a9cc307f5f4,2020-08-21,2020-08-22,ETH-USDT,sell,2.4288107522255475,387.736035,0.47086872541665065,0.1939649999999915,negative,"{'commission': np.float64(0.47086872541665065), 'slippage': np.float64(0.4711042775554077), 'impact': np.float64(0.0), 'funding': None, 'borrow': None, 'funding_status': 'not_modeled', 'borrow_status': 'not_modeled', 'modeled_total': np.float64(0.9419730029720583)}",Router,StateSwitch,False
qt_8e61b929f844f664e05a7f2f,2020-08-25,2020-08-26,DOGE-USDT,buy,844767.6934357067,0.0032912448,1.390168639114132,1.6447999999997034e-06,positive,"{'commission': np.float64(1.390168639114132), 'slippage': np.float64(1.3894739021627998), 'impact': np.float64(0.0), 'funding': None, 'borrow': None, 'funding_status': 'not_modeled', 'borrow_status': 'not_modeled', 'modeled_total': np.float64(2.7796425412769317)}",VolatilityReversion,signal,False
qt_c95766a3e03c932cadbf7094,2020-08-26,2020-08-27,DOGE-USDT,sell,844767.6934357067,0.0032899542000000004,1.389623510521558,1.6457999999996108e-06,negative,"{'commission': np.float64(1.389623510521558), 'slippage': np.float64(1.3903186698561572), 'impact': np.float64(0.0), 'funding': None, 'borrow': None, 'funding_status': 'not_modeled', 'borrow_status': 'not_modeled', 'modeled_total': np.float64(2.779942180377715)}",Router,StateSwitch,False
qt_0dfb5f64caf5eabd0d53337f,2020-08-27,2020-08-28,XRP-USDT,buy,8264.530785751514,0.26491239,1.0946883013410058,0.00013238999999998224,positive,"{'commission': np.float64(1.0946883013410058), 'slippage': np.float64(1.0941412307254963), 'impact': np.float64(0.0), 'funding': None, 'borrow': None, 'funding_status': 'not_modeled', 'borrow_status': 'not_modeled', 'modeled_total': np.float64(2.188829532066502)}",VolatilityReversion,signal,False
qt_3d82203217cc6dd0c33aa849,2020-08-31,2020-09-01,XRP-USDT,sell,8264.530785751514,0.28100942500000003,1.161205521999416,0.00014057499999997614,negative,"{'commission': np.float64(1.161205521999416), 'slippage': np.float64(1.161786415206822), 'impact': np.float64(0.0), 'funding': None, 'borrow': None, 'funding_status': 'not_modeled', 'borrow_status': 'not_modeled', 'modeled_total': np.float64(2.322991937206238)}",Router,StateSwitch,False
qt_91e01f1d032476b5f672f890,2020-12-15,2020-12-16,XRP-USDT,buy,2223.3018907543974,0.46816396499999996,0.5204349142837877,0.00023396499999994713,positive,"{'commission': np.float64(0.5204349142837877), 'slippage': np.float64(0.5201748268702351), 'impact': np.float64(0.0), 'funding': None, 'borrow': None, 'funding_status': 'not_modeled', 'borrow_status': 'not_modeled', 'modeled_total': np.float64(1.040609741154023)}",VolatilityReversion,signal,False
qt_7c4361658750e470cfdc4907,2020-12-17,2020-12-18,XRP-USDT,sell,2223.3018907543974,0.576561575,0.6409352199169167,0.00028842499999992555,negative,"{'commission': np.float64(0.6409352199169167), 'slippage': np.float64(0.6412558478406716), 'impact': np.float64(0.0), 'funding': None, 'borrow': None, 'funding_status': 'not_modeled', 'borrow_status': 'not_modeled', 'modeled_total': np.float64(1.2821910677575883)}",Router,StateSwitch,False
qt_714a0bafdc93b5c2df3fb19b,2021-01-08,2021-01-09,AVAX-USDT,short,293.0090635146648,5.6970500500000005,0.8346436499733372,0.002849949999999879,negative,"{'commission': np.float64(0.8346436499733372), 'slippage': np.float64(0.8350611805635834), 'impact': np.float64(0.0), 'funding': None, 'borrow': None, 'funding_status': 'not_modeled', 'borrow_status': 'not_modeled', 'modeled_total': np.float64(1.6697048305369204)}",VolatilityReversion,signal,False
qt_4583081119feaa82a415c3a0,2021-01-09,2021-01-10,AVAX-USDT,cover,293.0090635146648,7.215105749999999,1.0570456894833864,0.003605749999999297,positive,"{'commission': np.float64(1.0570456894833864), 'slippage': np.float64(1.0565174307677965), 'impact': np.float64(0.0), 'funding': None, 'borrow': None, 'funding_status': 'not_modeled', 'borrow_status': 'not_modeled', 'modeled_total': np.float64(2.113563120251183)}",Router,StateSwitch,False
qt_a52eea7bbfb58a4d551b9bdc,2021-05-17,2021-05-18,BNB-USDT,buy,2.5511164053376123,512.31603,0.6534889144252182,0.25603000000000975,positive,"{'commission': np.float64(0.6534889144252182), 'slippage': np.float64(0.6531623332586137), 'impact': np.float64(0.0), 'funding': None, 'borrow': None, 'funding_status': 'not_modeled', 'borrow_status': 'not_modeled', 'modeled_total': np.float64(1.306651247683832)}",VolatilityReversion,signal,False
qt_c3370180f9cca0dffdff673c,2021-05-19,2021-05-20,BNB-USDT,sell,2.5511164053376123,334.6326,0.4268433578103896,0.16739999999998645,negative,"{'commission': np.float64(0.4268433578103896), 'slippage': np.float64(0.4270568862534817), 'impact': np.float64(0.0), 'funding': None, 'borrow': None, 'funding_status': 'not_modeled', 'borrow_status': 'not_modeled', 'modeled_total': np.float64(0.8539002440638713)}",VolatilityReversion,hard_stop,False
qt_b0c8f6d09c34d3562bf01c2c,2021-05-19,2021-05-20,LTC-USDT,buy,3.022860973644355,186.403155,0.2817354113068398,0.09315499999999588,positive,"{'commission': np.float64(0.2817354113068398), 'slippage': np.float64(0.28159461399982744), 'impact': np.float64(0.0), 'funding': None, 'borrow': None, 'funding_status': 'not_modeled', 'borrow_status': 'not_modeled', 'modeled_total': np.float64(0.5633300253066673)}",VolatilityReversion,signal,False
qt_24b9bb2fccf33b4cd4e3b87a,2021-05-20,2021-05-21,BNB-USDT,buy,1.9955320213459535,391.565685,0.39069093143888145,0.19568499999996902,positive,"{'commission': np.float64(0.39069093143888145), 'slippage': np.float64(0.3904956835970211), 'impact': np.float64(0.0), 'funding': None, 'borrow': None, 'funding_status': 'not_modeled', 'borrow_status': 'not_modeled', 'modeled_total': np.float64(0.7811866150359026)}",VolatilityReversion,signal,False
qt_48303f3ec8027e5c1b12f51d,2021-05-21,2021-05-22,BNB-USDT,sell,1.9955320213459535,326.066885,0.32533845505901426,0.16311500000000478,negative,"{'commission': np.float64(0.32533845505901426), 'slippage': np.float64(0.32550120566185475), 'impact': np.float64(0.0), 'funding': None, 'borrow': None, 'funding_status': 'not_modeled', 'borrow_status': 'not_modeled', 'modeled_total': np.float64(0.6508396607208691)}",VolatilityReversion,hard_stop,False
qt_789ddbeba0e9531b24edc53a,2021-05-22,2021-05-23,BNB-USDT,buy,1.7958814626760875,299.899875,0.2692923130856879,0.14987500000000864,positive,"{'commission': np.float64(0.2692923130856879), 'slippage': np.float64(0.2691577342185941), 'impact': np.float64(0.0), 'funding': None, 'borrow': None, 'funding_status': 'not_modeled', 'borrow_status': 'not_modeled', 'modeled_total': np.float64(0.538450047304282)}",VolatilityReversion,signal,False
qt_844d082b9ce47c426b4da07f,2021-05-23,2021-05-24,ETH-USDT,buy,0.2607340578949907,2097.678315,0.2734680896141383,1.0483150000000023,positive,"{'commission': np.float64(0.2734680896141383), 'slippage': np.float64(0.2733314239021878), 'impact': np.float64(0.0), 'funding': None, 'borrow': None, 'funding_status': 'not_modeled', 'borrow_status': 'not_modeled', 'modeled_total': np.float64(0.5467995135163262)}",VolatilityReversion,signal,False
qt_4eb864ed09b6c8cf67b798fd,2021-05-27,2021-05-28,BNB-USDT,sell,1.7958814626760875,369.645085,0.3319193779604133,0.1849149999999895,negative,"{'commission': np.float64(0.3319193779604133), 'slippage': np.float64(0.3320854206707299), 'impact': np.float64(0.0), 'funding': None, 'borrow': None, 'funding_status': 'not_modeled', 'borrow_status': 'not_modeled', 'modeled_total': np.float64(0.6640047986311433)}",Router,StateSwitch,False
qt_09adb2355abf306cf10a294c,2021-05-28,2021-05-29,LTC-USDT,sell,3.022860973644355,177.21135,0.2678426370009153,0.08865000000000123,negative,"{'commission': np.float64(0.2678426370009153), 'slippage': np.float64(0.2679766253135758), 'impact': np.float64(0.0), 'funding': None, 'borrow': None, 'funding_status': 'not_modeled', 'borrow_status': 'not_modeled', 'modeled_total': np.float64(0.5358192623144911)}",Router,StateSwitch,False
qt_da8544be8b85956736d57f46,2021-06-03,2021-06-04,ETH-USDT,sell,0.2607340578949907,2855.821375,0.37230494786350105,1.428625000000011,negative,"{'commission': np.float64(0.37230494786350105), 'slippage': np.float64(0.37249119346023396), 'impact': np.float64(0.0), 'funding': None, 'borrow': None, 'funding_status': 'not_modeled', 'borrow_status': 'not_modeled', 'modeled_total': np.float64(0.744796141323735)}",VolatilityReversion,Volatility mean reversion complete,False
qt_168d314e27b2add8020ece87,2021-07-29,2021-07-30,XRP-USDT,short,3226.3790745045712,0.7484256,1.2073523473317644,0.00037439999999999696,negative,"{'commission': np.float64(1.2073523473317644), 'slippage': np.float64(1.2079563254945016), 'impact': np.float64(0.0), 'funding': None, 'borrow': None, 'funding_status': 'not_modeled', 'borrow_status': 'not_modeled', 'modeled_total': np.float64(2.4153086728262663)}",VolatilityReversion,signal,False
qt_1c9ee2c0b038da90490db33d,2021-07-30,2021-07-31,BTC-USDT,short,0.07375551780317932,42185.25682,1.5556977302096011,21.103179999998247,negative,"{'commission': np.float64(1.5556977302096011), 'slippage': np.float64(1.5564759681935685), 'impact': np.float64(0.0), 'funding': None, 'borrow': None, 'funding_status': 'not_modeled', 'borrow_status': 'not_modeled', 'modeled_total': np.float64(3.1121736984031694)}",VolatilityReversion,signal,False
qt_97b1e5b307c5e14df8dabcc4,2021-08-02,2021-08-03,BTC-USDT,cover,0.07375551780317932,39166.43343,1.4443702890667012,19.573429999996733,positive,"{'commission': np.float64(1.4443702890667012), 'slippage': np.float64(1.4436484648340433), 'impact': np.float64(0.0), 'funding': None, 'borrow': None, 'funding_status': 'not_modeled', 'borrow_status': 'not_modeled', 'modeled_total': np.float64(2.8880187539007443)}",Router,StateSwitch,False
qt_576ad820df980bbf591a2a8c,2021-08-05,2021-08-06,XRP-USDT,cover,3226.3790745045712,0.73306635,1.1825749659317222,0.00036634999999995976,positive,"{'commission': np.float64(1.1825749659317222), 'slippage': np.float64(1.1819839739446198), 'impact': np.float64(0.0), 'funding': None, 'borrow': None, 'funding_status': 'not_modeled', 'borrow_status': 'not_modeled', 'modeled_total': np.float64(2.364558939876342)}",Router,StateSwitch,False
qt_c517c4c6216e639b3d7ed6ea,2021-10-06,2021-10-07,BTC-USDT,short,0.05337285592977366,55287.342500000006,1.4754216829962763,27.657499999993888,negative,"{'commission': np.float64(1.4754216829962763), 'slippage': np.float64(1.4761597628773888), 'impact': np.float64(0.0), 'funding': None, 'borrow': None, 'funding_status': 'not_modeled', 'borrow_status': 'not_modeled', 'modeled_total': np.float64(2.951581445873665)}",VolatilityReversion,signal,False
qt_da65f53c6155270281b7442b,2021-10-11,2021-10-12,BTC-USDT,cover,0.05337285592977366,57500.085674999995,1.5344718943407083,28.735674999996263,positive,"{'commission': np.float64(1.5344718943407083), 'slippage': np.float64(1.5337050418195992), 'impact': np.float64(0.0), 'funding': None, 'borrow': None, 'funding_status': 'not_modeled', 'borrow_status': 'not_modeled', 'modeled_total': np.float64(3.0681769361603077)}",Router,StateSwitch,False
qt_07f86a6c17739ccd1694ae3a,2021-12-23,2021-12-24,XRP-USDT,short,1825.156933281272,0.99360295,0.9067406565606125,0.0004970499999999989,negative,"{'commission': np.float64(0.9067406565606125), 'slippage': np.float64(0.9071942536874542), 'impact': np.float64(0.0), 'funding': None, 'borrow': None, 'funding_status': 'not_modeled', 'borrow_status': 'not_modeled', 'modeled_total': np.float64(1.8139349102480669)}",VolatilityReversion,signal,False
qt_ce7520bf934512a7c22c79eb,2021-12-27,2021-12-28,XRP-USDT,cover,1825.156933281272,0.9273634499999999,0.84629191521957,0.00046344999999992087,positive,"{'commission': np.float64(0.84629191521957), 'slippage': np.float64(0.845868980729061), 'impact': np.float64(0.0), 'funding': None, 'borrow': None, 'funding_status': 'not_modeled', 'borrow_status': 'not_modeled', 'modeled_total': np.float64(1.6921608959486312)}",Router,StateSwitch,False
qt_2207664dde4553a17c45fb69,2021-12-27,2021-12-28,ADA-USDT,short,1440.0118179566334,1.5152420000000002,1.0909831935321226,0.0007579999999998144,negative,"{'commission': np.float64(1.0909831935321226), 'slippage': np.float64(1.091528958010861), 'impact': np.float64(0.0), 'funding': None, 'borrow': None, 'funding_status': 'not_modeled', 'borrow_status': 'not_modeled', 'modeled_total': np.float64(2.1825121515429835)}",VolatilityReversion,signal,False
qt_38935c8d9b5d8d83ea6d305d,2021-12-30,2021-12-31,ADA-USDT,cover,1440.0118179566334,1.3596795,0.9789772743166832,0.000679499999999944,positive,"{'commission': np.float64(0.9789772743166832), 'slippage': np.float64(0.9784880303014518), 'impact': np.float64(0.0), 'funding': None, 'borrow': None, 'funding_status': 'not_modeled', 'borrow_status': 'not_modeled', 'modeled_total': np.float64(1.9574653046181352)}",Router,StateSwitch,False
qt_466edf00a7bab1cb98451cc6,2022-02-07,2022-02-08,BTC-USDT,short,0.06483971563338228,43818.070005,1.4205755993639189,21.91999499999656,negative,"{'commission': np.float64(1.4205755993639189), 'slippage': np.float64(1.4212862424849384), 'impact': np.float64(0.0), 'funding': None, 'borrow': None, 'funding_status': 'not_modeled', 'borrow_status': 'not_modeled', 'modeled_total': np.float64(2.841861841848857)}",VolatilityReversion,signal,False
qt_833b75d99c5a71eb77d11dae,2022-02-07,2022-02-08,XRP-USDT,short,2974.27961355155,0.8309843000000001,1.2357898313357027,0.0004156999999999078,negative,"{'commission': np.float64(1.2357898313357027), 'slippage': np.float64(1.236408035353105), 'impact': np.float64(0.0), 'funding': None, 'borrow': None, 'funding_status': 'not_modeled', 'borrow_status': 'not_modeled', 'modeled_total': np.float64(2.472197866688808)}",VolatilityReversion,signal,False
qt_3822450b624b0df556681098,2022-02-07,2022-02-08,LTC-USDT,short,15.45115612440942,137.33130000000003,1.060963678534054,0.06869999999997844,negative,"{'commission': np.float64(1.060963678534054), 'slippage': np.float64(1.0614944257465941), 'impact': np.float64(0.0), 'funding': None, 'borrow': None, 'funding_status': 'not_modeled', 'borrow_status': 'not_modeled', 'modeled_total': np.float64(2.122458104280648)}",VolatilityReversion,signal,False
qt_7d3f1a06c4418addecc5b45e,2022-02-08,2022-02-09,XRP-USDT,cover,2974.27961355155,0.8767381499999999,1.3038322029839504,0.000438149999999915,positive,"{'commission': np.float64(1.3038322029839504), 'slippage': np.float64(1.3031806126773589), 'impact': np.float64(0.0), 'funding': None, 'borrow': None, 'funding_status': 'not_modeled', 'borrow_status': 'not_modeled', 'modeled_total': np.float64(2.6070128156613093)}",VolatilityReversion,hard_stop,False
qt_d690ea9c5c96773a4fbcefd5,2022-02-08,2022-02-09,AVAX-USDT,short,17.993309453419844,86.306825,0.7764727050835761,0.04317499999999086,negative,"{'commission': np.float64(0.7764727050835761), 'slippage': np.float64(0.7768611356512373), 'impact': np.float64(0.0), 'funding': None, 'borrow': None, 'funding_status': 'not_modeled', 'borrow_status': 'not_modeled', 'modeled_total': np.float64(1.5533338407348134)}",VolatilityReversion,signal,False
qt_bd7ffbdd97900b1118ebc121,2022-02-09,2022-02-10,XRP-USDT,short,2617.8610998333875,0.8694650500000001,1.1380693660298458,0.000434949999999934,negative,"{'commission': np.float64(1.1380693660298458), 'slippage': np.float64(1.1386386853723591), 'impact': np.float64(0.0), 'funding': None, 'borrow': None, 'funding_status': 'not_modeled', 'borrow_status': 'not_modeled', 'modeled_total': np.float64(2.276708051402205)}",VolatilityReversion,signal,False
qt_575d3a196058b26ba4344898,2022-02-12,2022-02-13,AVAX-USDT,cover,17.993309453419844,81.330645,0.7317037317656166,0.04064499999999782,positive,"{'commission': np.float64(0.7317037317656166), 'slippage': np.float64(0.7313380627342103), 'impact': np.float64(0.0), 'funding': None, 'borrow': None, 'funding_status': 'not_modeled', 'borrow_status': 'not_modeled', 'modeled_total': np.float64(1.4630417944998269)}",Router,StateSwitch,False
qt_b6111e77191aa1616fc610c2,2022-02-13,2022-02-14,LTC-USDT,cover,15.45115612440942,125.66279999999999,0.970817770915218,0.06279999999999575,positive,"{'commission': np.float64(0.970817770915218), 'slippage': np.float64(0.9703326046128459), 'impact': np.float64(0.0), 'funding': None, 'borrow': None, 'funding_status': 'not_modeled', 'borrow_status': 'not_modeled', 'modeled_total': np.float64(1.941150375528064)}",Router,StateSwitch,False
qt_a4cb84bf8d1e2fa4827e2905,2022-02-17,2022-02-18,BTC-USDT,cover,0.06483971563338228,40535.967854999995,1.3141703143210626,20.257854999996198,positive,"{'commission': np.float64(1.3141703143210626), 'slippage': np.float64(1.313513557542045), 'impact': np.float64(0.0), 'funding': None, 'borrow': None, 'funding_status': 'not_modeled', 'borrow_status': 'not_modeled', 'modeled_total': np.float64(2.6276838718631073)}",Router,StateSwitch,False
qt_26ac36e7fd088c24d1941e8e,2022-02-20,2022-02-21,XRP-USDT,cover,2617.8610998333875,0.77728845,1.0174165983023946,0.00038844999999998464,positive,"{'commission': np.float64(1.0174165983023946), 'slippage': np.float64(1.0169081442302392), 'impact': np.float64(0.0), 'funding': None, 'borrow': None, 'funding_status': 'not_modeled', 'borrow_status': 'not_modeled', 'modeled_total': np.float64(2.034324742532634)}",Router,StateSwitch,False
qt_1463b333236ca6ac3a8a6c48,2022-04-11,2022-04-12,ADA-USDT,buy,1971.464512819817,0.9194595,0.9063408876125262,0.00045949999999994606,positive,"{'commission': np.float64(0.9063408876125262), 'slippage': np.float64(0.9058879436405995), 'impact': np.float64(0.0), 'funding': None, 'borrow': None, 'funding_status': 'not_modeled', 'borrow_status': 'not_modeled', 'modeled_total': np.float64(1.8122288312531256)}",VolatilityReversion,signal,False
qt_fd045fbc31e7308bd18fa51f,2022-04-16,2022-04-17,ADA-USDT,sell,1971.464512819817,0.9495250000000001,0.9359774207676184,0.0004749999999998922,negative,"{'commission': np.float64(0.9359774207676184), 'slippage': np.float64(0.9364456435892005), 'impact': np.float64(0.0), 'funding': None, 'borrow': None, 'funding_status': 'not_modeled', 'borrow_status': 'not_modeled', 'modeled_total': np.float64(1.872423064356819)}",Router,StateSwitch,False
qt_d4285ab10d519f67ac426618,2022-07-17,2022-07-18,ETH-USDT,short,1.7392927624491477,1337.9806750000002,1.163570052162163,0.6693249999998443,negative,"{'commission': np.float64(1.163570052162163), 'slippage': np.float64(1.164152128226005), 'impact': np.float64(0.0), 'funding': None, 'borrow': None, 'funding_status': 'not_modeled', 'borrow_status': 'not_modeled', 'modeled_total': np.float64(2.327722180388168)}",VolatilityReversion,signal,False
qt_a5f2bd9c4b36d495a8d03a04,2022-07-18,2022-07-19,ETH-USDT,cover,1.7392927624491477,1581.820515,1.3756244866165417,0.7905149999999139,positive,"{'commission': np.float64(1.3756244866165417), 'slippage': np.float64(1.3749370181073381), 'impact': np.float64(0.0), 'funding': None, 'borrow': None, 'funding_status': 'not_modeled', 'borrow_status': 'not_modeled', 'modeled_total': np.float64(2.75056150472388)}",VolatilityReversion,hard_stop,False
qt_2568e7aeef55654977b7b7f6,2022-07-19,2022-07-20,ETH-USDT,short,1.493215078826058,1541.558835,1.1509394486597657,0.7711649999998826,negative,"{'commission': np.float64(1.1509394486597657), 'slippage': np.float64(1.1515152062627219), 'impact': np.float64(0.0), 'funding': None, 'borrow': None, 'funding_status': 'not_modeled', 'borrow_status': 'not_modeled', 'modeled_total': np.float64(2.302454654922488)}",VolatilityReversion,signal,False
qt_5a3cd2bc9ee6cbc6b48ad786,2022-07-28,2022-07-29,ETH-USDT,cover,1.493215078826058,1725.3822599999999,1.288183403685491,0.8622599999998783,positive,"{'commission': np.float64(1.288183403685491), 'slippage': np.float64(1.287539633868375), 'impact': np.float64(0.0), 'funding': None, 'borrow': None, 'funding_status': 'not_modeled', 'borrow_status': 'not_modeled', 'modeled_total': np.float64(2.575723037553866)}",Router,StateSwitch,False
qt_ecd9b569f9e0af002bada5c0,2022-08-20,2022-08-21,DOT-USDT,buy,228.33285133840542,7.233615,0.8258359692171298,0.003614999999999924,positive,"{'commission': np.float64(0.8258359692171298), 'slippage': np.float64(0.8254232575883182), 'impact': np.float64(0.0), 'funding': None, 'borrow': None, 'funding_status': 'not_modeled', 'borrow_status': 'not_modeled', 'modeled_total': np.float64(1.651259226805448)}",VolatilityReversion,signal,False
qt_8508e8e8c5df03993f98bc11,2022-09-02,2022-09-03,DOT-USDT,sell,228.33285133840542,7.29635,0.8329981999314872,0.003649999999999487,negative,"{'commission': np.float64(0.8329981999314872), 'slippage': np.float64(0.8334149073850626), 'impact': np.float64(0.0), 'funding': None, 'borrow': None, 'funding_status': 'not_modeled', 'borrow_status': 'not_modeled', 'modeled_total': np.float64(1.6664131073165498)}",Router,StateSwitch,False
qt_7be8694ab0f0b8f50f2a113f,2022-10-26,2022-10-27,ETH-USDT,short,2.1757143541495356,1565.326945,1.7028521515867703,0.7830549999998766,negative,"{'commission': np.float64(1.7028521515867703), 'slippage': np.float64(1.7037040035882962), 'impact': np.float64(0.0), 'funding': None, 'borrow': None, 'funding_status': 'not_modeled', 'borrow_status': 'not_modeled', 'modeled_total': np.float64(3.4065561551750667)}",VolatilityReversion,signal,False
qt_3d11e3f9beb5cc54e4364966,2022-10-29,2022-10-30,ETH-USDT,cover,2.1757143541495356,1620.359775,1.7627200106770058,0.8097749999999451,positive,"{'commission': np.float64(1.7627200106770058), 'slippage': np.float64(1.7618390911313206), 'impact': np.float64(0.0), 'funding': None, 'borrow': None, 'funding_status': 'not_modeled', 'borrow_status': 'not_modeled', 'modeled_total': np.float64(3.524559101808326)}",VolatilityReversion,hard_stop,False
qt_f8aa595bd191e6b9e5500752,2022-12-04,2022-12-05,AVAX-USDT,short,212.32700945511615,13.923035,1.4781181920444568,0.006964999999999222,negative,"{'commission': np.float64(1.4781181920444568), 'slippage': np.float64(1.4788576208547188), 'impact': np.float64(0.0), 'funding': None, 'borrow': None, 'funding_status': 'not_modeled', 'borrow_status': 'not_modeled', 'modeled_total': np.float64(2.9569758128991754)}",VolatilityReversion,signal,False
qt_bf3484c296dac7d0891d16b3,2022-12-07,2022-12-08,AVAX-USDT,cover,212.32700945511615,13.286639999999998,1.4105562684533621,0.006639999999999091,positive,"{'commission': np.float64(1.4105562684533621), 'slippage': np.float64(1.4098513427817783), 'impact': np.float64(0.0), 'funding': None, 'borrow': None, 'funding_status': 'not_modeled', 'borrow_status': 'not_modeled', 'modeled_total': np.float64(2.82040761123514)}",Router,StateSwitch,False
qt_c6f67fce9ee235b9d52f429e,2022-12-15,2022-12-16,LTC-USDT,buy,36.29741128173245,72.466215,1.3151680049427248,0.036214999999998554,positive,"{'commission': np.float64(1.3151680049427248), 'slippage': np.float64(1.3145107495678883), 'impact': np.float64(0.0), 'funding': None, 'borrow': None, 'funding_status': 'not_modeled', 'borrow_status': 'not_modeled', 'modeled_total': np.float64(2.6296787545106133)}",VolatilityReversion,signal,False
qt_d58cfea81aacc125b8e471d9,2022-12-16,2022-12-17,LTC-USDT,sell,36.29741128173245,66.20688,1.2015691765201533,0.03311999999999671,negative,"{'commission': np.float64(1.2015691765201533), 'slippage': np.float64(1.2021702616508592), 'impact': np.float64(0.0), 'funding': None, 'borrow': None, 'funding_status': 'not_modeled', 'borrow_status': 'not_modeled', 'modeled_total': np.float64(2.403739438171012)}",VolatilityReversion,hard_stop,False
qt_c54ab09b9060b167ec0debc0,2022-12-17,2022-12-18,LTC-USDT,buy,34.402173571146164,64.922445,1.1167366107765953,0.032444999999995616,positive,"{'commission': np.float64(1.1167366107765953), 'slippage': np.float64(1.1161785215156865), 'impact': np.float64(0.0), 'funding': None, 'borrow': None, 'funding_status': 'not_modeled', 'borrow_status': 'not_modeled', 'modeled_total': np.float64(2.232915132292282)}",VolatilityReversion,signal,False
qt_9311c7d9b6d284a8dc7da331,2022-12-20,2022-12-21,LTC-USDT,sell,34.402173571146164,65.52722,1.1271393980373403,0.032780000000002474,negative,"{'commission': np.float64(1.1271393980373403), 'slippage': np.float64(1.1277032496622563), 'impact': np.float64(0.0), 'funding': None, 'borrow': None, 'funding_status': 'not_modeled', 'borrow_status': 'not_modeled', 'modeled_total': np.float64(2.2548426476995966)}",Router,StateSwitch,False
qt_1f64743eb29deb135a3f9a84,2023-01-06,2023-01-07,BNB-USDT,short,12.877070435374112,259.77004999999997,1.6725386154253272,0.129950000000008,negative,"{'commission': np.float64(1.6725386154253272), 'slippage': np.float64(1.673375303076969), 'impact': np.float64(0.0), 'funding': None, 'borrow': None, 'funding_status': 'not_modeled', 'borrow_status': 'not_modeled', 'modeled_total': np.float64(3.345913918502296)}",VolatilityReversion,signal,False
qt_48eb4956f3eb8a7304bc9316,2023-01-08,2023-01-09,BNB-USDT,cover,12.877070435374112,275.03745,1.7708383080078427,0.13745000000000118,positive,"{'commission': np.float64(1.7708383080078427), 'slippage': np.float64(1.769953331342187), 'impact': np.float64(0.0), 'funding': None, 'borrow': None, 'funding_status': 'not_modeled', 'borrow_status': 'not_modeled', 'modeled_total': np.float64(3.5407916393500294)}",VolatilityReversion,hard_stop,False
qt_28c9912db6acafb3e2b889be,2023-01-08,2023-01-09,ADA-USDT,short,11055.144637114823,0.29735125,1.6436305383884446,0.0001487499999999753,negative,"{'commission': np.float64(1.6436305383884446), 'slippage': np.float64(1.6444527647705567), 'impact': np.float64(0.0), 'funding': None, 'borrow': None, 'funding_status': 'not_modeled', 'borrow_status': 'not_modeled', 'modeled_total': np.float64(3.2880833031590013)}",VolatilityReversion,signal,False
qt_a4608febd2a9042dd413815c,2023-01-08,2023-01-09,DOT-USDT,short,681.2681340816305,4.823587,1.6430780575352049,0.0024129999999997764,negative,"{'commission': np.float64(1.6430780575352049), 'slippage': np.float64(1.643900007538822), 'impact': np.float64(0.0), 'funding': None, 'borrow': None, 'funding_status': 'not_modeled', 'borrow_status': 'not_modeled', 'modeled_total': np.float64(3.2869780650740266)}",VolatilityReversion,signal,False
qt_22ea5ba8b8eb47101c904f64,2023-01-09,2023-01-10,BNB-USDT,short,11.769217773120305,272.4637,1.6033423102850595,0.13630000000000564,negative,"{'commission': np.float64(1.6033423102850595), 'slippage': np.float64(1.604144382476364), 'impact': np.float64(0.0), 'funding': None, 'borrow': None, 'funding_status': 'not_modeled', 'borrow_status': 'not_modeled', 'modeled_total': np.float64(3.2074866927614236)}",VolatilityReversion,signal,False
qt_b44d37cbd5cd4b46bebe127a,2023-01-09,2023-01-10,ADA-USDT,cover,11055.144637114823,0.31695840000000003,1.7520104779742476,0.00015840000000000298,positive,"{'commission': np.float64(1.7520104779742476), 'slippage': np.float64(1.751134910519021), 'impact': np.float64(0.0), 'funding': None, 'borrow': None, 'funding_status': 'not_modeled', 'borrow_status': 'not_modeled', 'modeled_total': np.float64(3.5031453884932686)}",VolatilityReversion,hard_stop,False
qt_bb883b5f108f3657370227eb,2023-01-09,2023-01-10,SOL-USDT,short,116.68626179890478,16.241875,0.9476018391775434,0.008124999999999716,negative,"{'commission': np.float64(0.9476018391775434), 'slippage': np.float64(0.9480758771160682), 'impact': np.float64(0.0), 'funding': None, 'borrow': None, 'funding_status': 'not_modeled', 'borrow_status': 'not_modeled', 'modeled_total': np.float64(1.8956777162936116)}",VolatilityReversion,signal,False
qt_2d149b61bacc1638d769bf95,2023-01-09,2023-01-10,DOT-USDT,cover,681.2681340816305,4.888443,1.6651702205872039,0.002442999999999529,positive,"{'commission': np.float64(1.6651702205872039), 'slippage': np.float64(1.6643380515611024), 'impact': np.float64(0.0), 'funding': None, 'borrow': None, 'funding_status': 'not_modeled', 'borrow_status': 'not_modeled', 'modeled_total': np.float64(3.3295082721483062)}",VolatilityReversion,hard_stop,False
qt_18d346de6e2902027dfb3576,2023-01-10,2023-01-11,ADA-USDT,short,9903.08581602327,0.3220389,1.5945894313988682,0.0001610999999999696,negative,"{'commission': np.float64(1.5945894313988682), 'slippage': np.float64(1.5953871249610476), 'impact': np.float64(0.0), 'funding': None, 'borrow': None, 'funding_status': 'not_modeled', 'borrow_status': 'not_modeled', 'modeled_total': np.float64(3.189976556359916)}",VolatilityReversion,signal,False
qt_bcc39b5995c70ec7e5804989,2023-01-10,2023-01-11,DOT-USDT,short,648.5313516103043,4.91754,1.594589431398868,0.0024600000000001288,negative,"{'commission': np.float64(1.594589431398868), 'slippage': np.float64(1.5953871249614322), 'impact': np.float64(0.0), 'funding': None, 'borrow': None, 'funding_status': 'not_modeled', 'borrow_status': 'not_modeled', 'modeled_total': np.float64(3.1899765563603)}",VolatilityReversion,signal,False
qt_c42ea8d06b28f281da110bc0,2023-01-11,2023-01-12,BTC-USDT,short,0.173428095990964,17934.28837,1.5551547424809946,8.971630000000005,negative,"{'commission': np.float64(1.5551547424809946), 'slippage': np.float64(1.5559327088354133), 'impact': np.float64(0.0), 'funding': None, 'borrow': None, 'funding_status': 'not_modeled', 'borrow_status': 'not_modeled', 'modeled_total': np.float64(3.1110874513164077)}",RangeMeanReversion,signal,False
qt_37396e73353a660ddf442b35,2023-01-11,2023-01-12,BNB-USDT,cover,11.769217773120305,285.04245,1.677363334316878,0.14244999999999663,positive,"{'commission': np.float64(1.677363334316878), 'slippage': np.float64(1.676525071780948), 'impact': np.float64(0.0), 'funding': None, 'borrow': None, 'funding_status': 'not_modeled', 'borrow_status': 'not_modeled', 'modeled_total': np.float64(3.353888406097826)}",VolatilityReversion,hard_stop,False
qt_1db6805f8d6cb67b3a9a81f4,2023-01-11,2023-01-12,DOT-USDT,cover,648.5313516103043,5.136567,1.6656123695734433,0.002566999999999986,positive,"{'commission': np.float64(1.6656123695734433), 'slippage': np.float64(1.6647799795836422), 'impact': np.float64(0.0), 'funding': None, 'borrow': None, 'funding_status': 'not_modeled', 'borrow_status': 'not_modeled', 'modeled_total': np.float64(3.3303923491570853)}",VolatilityReversion,hard_stop,False
qt_8c83dfbf5a0bfa18fcde5282,2023-01-12,2023-01-13,BTC-USDT,cover,0.173428095990964,18856.043309999997,1.6350838445882272,9.42330999999831,positive,"{'commission': np.float64(1.6350838445882272), 'slippage': np.float64(1.634266711232318), 'impact': np.float64(0.0), 'funding': None, 'borrow': None, 'funding_status': 'not_modeled', 'borrow_status': 'not_modeled', 'modeled_total': np.float64(3.2693505558205453)}",RangeMeanReversion,hard_stop,False
qt_6805b8a4fcc361daba98e843,2023-01-12,2023-01-13,BNB-USDT,short,10.549182149681195,287.65610000000004,1.5172682976834546,0.14389999999997372,negative,"{'commission': np.float64(1.5172682976834546), 'slippage': np.float64(1.5180273113388467), 'impact': np.float64(0.0), 'funding': None, 'borrow': None, 'funding_status': 'not_modeled', 'borrow_status': 'not_modeled', 'modeled_total': np.float64(3.0352956090223016)}",VolatilityReversion,signal,False
qt_2162e2373e8b7d4b4716be80,2023-01-12,2023-01-13,XRP-USDT,short,8097.65129259146,0.3746126,1.516741102305524,0.00018740000000000423,negative,"{'commission': np.float64(1.516741102305524), 'slippage': np.float64(1.5174998522316738), 'impact': np.float64(0.0), 'funding': None, 'borrow': None, 'funding_status': 'not_modeled', 'borrow_status': 'not_modeled', 'modeled_total': np.float64(3.0342409545371978)}",VolatilityReversion,signal,False
qt_a39272d1a721a9ac1553ca8a,2023-01-12,2023-01-13,DOT-USDT,short,580.084041372951,5.2303835,1.5170309993052002,0.0026164999999993555,negative,"{'commission': np.float64(1.5170309993052002), 'slippage': np.float64(1.5177898942519523), 'impact': np.float64(0.0), 'funding': None, 'borrow': None, 'funding_status': 'not_modeled', 'borrow_status': 'not_modeled', 'modeled_total': np.float64(3.0348208935571526)}",VolatilityReversion,signal,False
qt_835373845bcce20829b52f39,2023-01-13,2023-01-14,ADA-USDT,cover,9903.08581602327,0.34567275,1.7116134537553787,0.0001727499999999993,positive,"{'commission': np.float64(1.7116134537553787), 'slippage': np.float64(1.7107580747180127), 'impact': np.float64(0.0), 'funding': None, 'borrow': None, 'funding_status': 'not_modeled', 'borrow_status': 'not_modeled', 'modeled_total': np.float64(3.4223715284733913)}",VolatilityReversion,hard_stop,False
qt_0b8cacf15914a200579493c4,2023-01-13,2023-01-14,SOL-USDT,cover,116.68626179890478,18.299145,1.0676294120830596,0.00914500000000018,positive,"{'commission': np.float64(1.0676294120830596), 'slippage': np.float64(1.0670958641510053), 'impact': np.float64(0.0), 'funding': None, 'borrow': None, 'funding_status': 'not_modeled', 'borrow_status': 'not_modeled', 'modeled_total': np.float64(2.134725276234065)}",VolatilityReversion,hard_stop,False
qt_03656571a159e640641feacd,2023-01-14,2023-01-15,BNB-USDT,cover,10.549182149681195,305.3526,1.610610098639371,0.15260000000000673,positive,"{'commission': np.float64(1.610610098639371), 'slippage': np.float64(1.6098051960414215), 'impact': np.float64(0.0), 'funding': None, 'borrow': None, 'funding_status': 'not_modeled', 'borrow_status': 'not_modeled', 'modeled_total': np.float64(3.2204152946807927)}",VolatilityReversion,hard_stop,False
qt_68cdec57eea67a5fdf91909d,2023-01-14,2023-01-15,XRP-USDT,cover,8097.65129259146,0.39549765,1.6013010283696925,0.00019764999999999366,positive,"{'commission': np.float64(1.6013010283696925), 'slippage': np.float64(1.6005007779806508), 'impact': np.float64(0.0), 'funding': None, 'borrow': None, 'funding_status': 'not_modeled', 'borrow_status': 'not_modeled', 'modeled_total': np.float64(3.2018018063503435)}",VolatilityReversion,hard_stop,False
qt_1567de3cf2cd76022ab87e11,2023-01-14,2023-01-15,DOT-USDT,cover,580.084041372951,6.029012999999999,1.7486671132650295,0.0030129999999992663,positive,"{'commission': np.float64(1.7486671132650295), 'slippage': np.float64(1.7477932166562757), 'impact': np.float64(0.0), 'funding': None, 'borrow': None, 'funding_status': 'not_modeled', 'borrow_status': 'not_modeled', 'modeled_total': np.float64(3.4964603299213053)}",VolatilityReversion,hard_stop,False
qt_20c9190e0a6b4cb6a35e22d1,2023-01-15,2023-01-16,DOT-USDT,short,451.3639045118659,5.925036,1.3371736916666839,0.0029639999999995226,negative,"{'commission': np.float64(1.3371736916666839), 'slippage': np.float64(1.337842612972955), 'impact': np.float64(0.0), 'funding': None, 'borrow': None, 'funding_status': 'not_modeled', 'borrow_status': 'not_modeled', 'modeled_total': np.float64(2.675016304639639)}",VolatilityReversion,signal,False
qt_8b78ef32f5b15459353840f4,2023-01-19,2023-01-20,DOT-USDT,cover,451.3639045118659,5.804900999999999,1.3100613903324172,0.0029009999999995983,positive,"{'commission': np.float64(1.3100613903324172), 'slippage': np.float64(1.3094066869887417), 'impact': np.float64(0.0), 'funding': None, 'borrow': None, 'funding_status': 'not_modeled', 'borrow_status': 'not_modeled', 'modeled_total': np.float64(2.6194680773211587)}",Router,StateSwitch,False
qt_7bdde9d7449aabf2dff1dd20,2023-02-09,2023-02-10,SOL-USDT,buy,60.878932492009014,20.49024,0.6237119688525314,0.010239999999999583,positive,"{'commission': np.float64(0.6237119688525314), 'slippage': np.float64(0.6234002687181469), 'impact': np.float64(0.0), 'funding': None, 'borrow': None, 'funding_status': 'not_modeled', 'borrow_status': 'not_modeled', 'modeled_total': np.float64(1.2471122375706782)}",VolatilityReversion,signal,False
qt_46f202f3f3c4eea653988b54,2023-02-10,2023-02-11,BTC-USDT,buy,0.1241366251552281,21636.002594999998,1.3429101719965286,10.812594999999419,positive,"{'commission': np.float64(1.3429101719965286), 'slippage': np.float64(1.3422390524702215), 'impact': np.float64(0.0), 'funding': None, 'borrow': None, 'funding_status': 'not_modeled', 'borrow_status': 'not_modeled', 'modeled_total': np.float64(2.68514922446675)}",VolatilityReversion,signal,False
qt_d889f281ba213ef843497de3,2023-02-13,2023-02-14,SOL-USDT,sell,60.878932492009014,20.759615,0.6319116000725489,0.010384999999999422,negative,"{'commission': np.float64(0.6319116000725489), 'slippage': np.float64(0.6322277139294784), 'impact': np.float64(0.0), 'funding': None, 'borrow': None, 'funding_status': 'not_modeled', 'borrow_status': 'not_modeled', 'modeled_total': np.float64(1.2641393140020272)}",Router,StateSwitch,False
qt_5eb1ddfc2a5b67dc5da15110,2023-02-15,2023-02-16,BTC-USDT,sell,0.1241366251552281,24310.708565,1.5089246581956992,12.161434999998164,negative,"{'commission': np.float64(1.5089246581956992), 'slippage': np.float64(1.5096794979444434), 'impact': np.float64(0.0), 'funding': None, 'borrow': None, 'funding_status': 'not_modeled', 'borrow_status': 'not_modeled', 'modeled_total': np.float64(3.0186041561401424)}",Router,StateSwitch,False
qt_3175af59fa20e7c92a5706aa,2023-04-16,2023-04-17,BNB-USDT,short,8.038268717111942,347.52615000000003,1.3967542899616763,0.17384999999995898,negative,"{'commission': np.float64(1.3967542899616763), 'slippage': np.float64(1.3974530164695813), 'impact': np.float64(0.0), 'funding': None, 'borrow': None, 'funding_status': 'not_modeled', 'borrow_status': 'not_modeled', 'modeled_total': np.float64(2.7942073064312574)}",RangeMeanReversion,signal,False
qt_8dbd5fa0a338129112523048,2023-04-20,2023-04-21,BNB-USDT,cover,8.038268717111942,318.159,1.278723768383809,0.15899999999999181,positive,"{'commission': np.float64(1.278723768383809), 'slippage': np.float64(1.2780847260207329), 'impact': np.float64(0.0), 'funding': None, 'borrow': None, 'funding_status': 'not_modeled', 'borrow_status': 'not_modeled', 'modeled_total': np.float64(2.556808494404542)}",RangeMeanReversion,Target hit (Mid Band),False
qt_b9aaaf2a1d4d046d23a5ff29,2023-04-21,2023-04-22,XRP-USDT,buy,5207.764972077153,0.44932455,1.1699883262921646,0.00022454999999999004,positive,"{'commission': np.float64(1.1699883262921646), 'slippage': np.float64(1.169403624479873), 'impact': np.float64(0.0), 'funding': None, 'borrow': None, 'funding_status': 'not_modeled', 'borrow_status': 'not_modeled', 'modeled_total': np.float64(2.3393919507720375)}",VolatilityReversion,signal,False
qt_e09b4e20f814894b4875785c,2023-04-29,2023-04-30,XRP-USDT,sell,5207.764972077153,0.47766105000000003,1.243773242357797,0.00023894999999996003,negative,"{'commission': np.float64(1.243773242357797), 'slippage': np.float64(1.2443954400776276), 'impact': np.float64(0.0), 'funding': None, 'borrow': None, 'funding_status': 'not_modeled', 'borrow_status': 'not_modeled', 'modeled_total': np.float64(2.4881686824354246)}",Router,StateSwitch,False
qt_8ba7be92419065dda1b58434,2023-06-05,2023-06-06,BNB-USDT,buy,10.503678308141064,277.13849999999996,1.4554868254003759,0.13849999999996498,positive,"{'commission': np.float64(1.4554868254003759), 'slippage': np.float64(1.4547594456771695), 'impact': np.float64(0.0), 'funding': None, 'borrow': None, 'funding_status': 'not_modeled', 'borrow_status': 'not_modeled', 'modeled_total': np.float64(2.910246271077545)}",RangeMeanReversion,signal,False
qt_ac278dd1f2d510df46cc1279,2023-06-07,2023-06-08,BNB-USDT,sell,10.503678308141064,259.17035000000004,1.3611209917041638,0.12964999999996962,negative,"{'commission': np.float64(1.3611209917041638), 'slippage': np.float64(1.3618018926501698), 'impact': np.float64(0.0), 'funding': None, 'borrow': None, 'funding_status': 'not_modeled', 'borrow_status': 'not_modeled', 'modeled_total': np.float64(2.7229228843543334)}",RangeMeanReversion,hard_stop,False
qt_e2f1511031e7426969e94bb1,2023-07-07,2023-07-08,SOL-USDT,short,96.65239575794119,21.499245000000002,1.0389767681184692,0.010754999999999626,negative,"{'commission': np.float64(1.0389767681184692), 'slippage': np.float64(1.0394965163766214), 'impact': np.float64(0.0), 'funding': None, 'borrow': None, 'funding_status': 'not_modeled', 'borrow_status': 'not_modeled', 'modeled_total': np.float64(2.0784732844950904)}",VolatilityReversion,signal,False
qt_736116660fe27e85fe1512e0,2023-07-12,2023-07-13,SOL-USDT,cover,96.65239575794119,21.940965,1.0603234162455681,0.010964999999998781,positive,"{'commission': np.float64(1.0603234162455681), 'slippage': np.float64(1.0597935194857073), 'impact': np.float64(0.0), 'funding': None, 'borrow': None, 'funding_status': 'not_modeled', 'borrow_status': 'not_modeled', 'modeled_total': np.float64(2.1201169357312755)}",Router,StateSwitch,False
qt_3a30918cf3eb369808ae1fe6,2023-08-04,2023-08-05,XRP-USDT,buy,2727.085224769813,0.6359178,0.8671010182740626,0.0003177999999999237,positive,"{'commission': np.float64(0.8671010182740626), 'slippage': np.float64(0.8666676844316386), 'impact': np.float64(0.0), 'funding': None, 'borrow': None, 'funding_status': 'not_modeled', 'borrow_status': 'not_modeled', 'modeled_total': np.float64(1.7337687027057012)}",VolatilityReversion,signal,False
qt_744ede882686507fd774ecbd,2023-08-12,2023-08-13,XRP-USDT,sell,2727.085224769813,0.6272862000000001,0.8553314638610011,0.0003137999999999197,negative,"{'commission': np.float64(0.8553314638610011), 'slippage': np.float64(0.8557593435325483), 'impact': np.float64(0.0), 'funding': None, 'borrow': None, 'funding_status': 'not_modeled', 'borrow_status': 'not_modeled', 'modeled_total': np.float64(1.7110908073935494)}",Router,StateSwitch,False
qt_6e089ffb0db62cb19d7f8df3,2023-08-17,2023-08-18,BTC-USDT,buy,0.10629696946093067,26636.721705,1.4157013968078471,13.311705000000075,positive,"{'commission': np.float64(1.4157013968078471), 'slippage': np.float64(1.4149938998579261), 'impact': np.float64(0.0), 'funding': None, 'borrow': None, 'funding_status': 'not_modeled', 'borrow_status': 'not_modeled', 'modeled_total': np.float64(2.8306952966657732)}",RangeMeanReversion,signal,False
qt_d1a1c61c5502f942f0c08653,2023-08-17,2023-08-18,ETH-USDT,buy,1.68302386556913,1682.330745,1.4157013968078473,0.8407449999999699,positive,"{'commission': np.float64(1.4157013968078473), 'slippage': np.float64(1.4149938998578675), 'impact': np.float64(0.0), 'funding': None, 'borrow': None, 'funding_status': 'not_modeled', 'borrow_status': 'not_modeled', 'modeled_total': np.float64(2.8306952966657146)}",RangeMeanReversion,signal,False
qt_6ac11fc5d18465f66566f769,2023-08-17,2023-08-18,BNB-USDT,buy,12.975643281594849,218.20905,1.4157013968078473,0.10904999999999632,positive,"{'commission': np.float64(1.4157013968078473), 'slippage': np.float64(1.4149938998578704), 'impact': np.float64(0.0), 'funding': None, 'borrow': None, 'funding_status': 'not_modeled', 'borrow_status': 'not_modeled', 'modeled_total': np.float64(2.8306952966657177)}",RangeMeanReversion,signal,False
qt_14c9b82a95798be97c0e05bc,2023-08-18,2023-08-19,BTC-USDT,sell,0.10629696946093067,26040.973,1.3840382558569602,13.026999999998225,negative,"{'commission': np.float64(1.3840382558569602), 'slippage': np.float64(1.3847306211673551), 'impact': np.float64(0.0), 'funding': None, 'borrow': None, 'funding_status': 'not_modeled', 'borrow_status': 'not_modeled', 'modeled_total': np.float64(2.768768877024315)}",RangeMeanReversion,hard_stop,False
qt_a009578c88237292635e99c6,2023-08-18,2023-08-19,ETH-USDT,sell,1.68302386556913,1660.7692,1.397557099401076,0.8307999999999538,negative,"{'commission': np.float64(1.397557099401076), 'slippage': np.float64(1.3982562275147554), 'impact': np.float64(0.0), 'funding': None, 'borrow': None, 'funding_status': 'not_modeled', 'borrow_status': 'not_modeled', 'modeled_total': np.float64(2.795813326915831)}",Router,StateSwitch,False
qt_52cd6fd4f2d7a133f77f459b,2023-08-19,2023-08-20,BTC-USDT,buy,0.10699266888500182,26113.060004999996,1.3969529913445742,13.050004999997327,positive,"{'commission': np.float64(1.3969529913445742), 'slippage': np.float64(1.3962548639123322), 'impact': np.float64(0.0), 'funding': None, 'borrow': None, 'funding_status': 'not_modeled', 'borrow_status': 'not_modeled', 'modeled_total': np.float64(2.7932078552569064)}",RangeMeanReversion,signal,False
qt_679cfef037c97292a232b749,2023-08-21,2023-08-22,BTC-USDT,sell,0.10699266888500182,26113.85654,1.3969956030473298,13.063459999997576,negative,"{'commission': np.float64(1.3969956030473298), 'slippage': np.float64(1.3976944502722066), 'impact': np.float64(0.0), 'funding': None, 'borrow': None, 'funding_status': 'not_modeled', 'borrow_status': 'not_modeled', 'modeled_total': np.float64(2.7946900533195365)}",Router,StateSwitch,False
qt_f44b5c1089d66d372d419844,2023-08-21,2023-08-22,BNB-USDT,sell,12.975643281594849,210.2948,1.3643551543871664,0.10519999999999641,negative,"{'commission': np.float64(1.3643551543871664), 'slippage': np.float64(1.3650376732237315), 'impact': np.float64(0.0), 'funding': None, 'borrow': None, 'funding_status': 'not_modeled', 'borrow_status': 'not_modeled', 'modeled_total': np.float64(2.729392827610898)}",Router,StateSwitch,False
qt_b771ea30f6e2e617ef69f73e,2023-10-01,2023-10-02,ETH-USDT,short,1.5953287637754119,1732.9331,1.382299010064246,0.8668999999999869,negative,"{'commission': np.float64(1.382299010064246), 'slippage': np.float64(1.3829905053168836), 'impact': np.float64(0.0), 'funding': None, 'borrow': None, 'funding_status': 'not_modeled', 'borrow_status': 'not_modeled', 'modeled_total': np.float64(2.76528951538113)}",VolatilityReversion,signal,False
qt_bc2f62f72d45f0c3fb2f6720,2023-10-05,2023-10-06,ETH-USDT,cover,1.5953287637754119,1612.595895,1.286310307819827,0.8058949999999641,positive,"{'commission': np.float64(1.286310307819827), 'slippage': np.float64(1.2856674740827283), 'impact': np.float64(0.0), 'funding': None, 'borrow': None, 'funding_status': 'not_modeled', 'borrow_status': 'not_modeled', 'modeled_total': np.float64(2.5719777819025555)}",Router,StateSwitch,False
qt_88191815711bc4c0726d07d1,2023-10-05,2023-10-06,AVAX-USDT,short,278.4545650073436,10.13493,1.4110587622649386,0.005069999999999908,negative,"{'commission': np.float64(1.4110587622649386), 'slippage': np.float64(1.4117646445872065), 'impact': np.float64(0.0), 'funding': None, 'borrow': None, 'funding_status': 'not_modeled', 'borrow_status': 'not_modeled', 'modeled_total': np.float64(2.8228234068521454)}",VolatilityReversion,signal,False
qt_165a241573f7c10610d95897,2023-10-06,2023-10-07,AVAX-USDT,cover,278.4545650073436,10.665329999999999,1.484904912904886,0.005329999999998947,positive,"{'commission': np.float64(1.484904912904886), 'slippage': np.float64(1.4841628314888482), 'impact': np.float64(0.0), 'funding': None, 'borrow': None, 'funding_status': 'not_modeled', 'borrow_status': 'not_modeled', 'modeled_total': np.float64(2.969067744393734)}",VolatilityReversion,hard_stop,False
qt_183b30086e65a3a4ffa407d0,2023-10-23,2023-10-24,ETH-USDT,short,1.5732903698748895,1764.5872650000001,1.3881040754141851,0.8827349999999115,negative,"{'commission': np.float64(1.3881040754141851), 'slippage': np.float64(1.3887984746513713), 'impact': np.float64(0.0), 'funding': None, 'borrow': None, 'funding_status': 'not_modeled', 'borrow_status': 'not_modeled', 'modeled_total': np.float64(2.7769025500655564)}",RangeMeanReversion,signal,False
qt_f2e1be2b1b9441530d62792a,2023-10-23,2023-10-24,BNB-USDT,short,12.15571648314802,228.4857,1.3887036948268068,0.11429999999998586,negative,"{'commission': np.float64(1.3887036948268068), 'slippage': np.float64(1.3893983940236467), 'impact': np.float64(0.0), 'funding': None, 'borrow': None, 'funding_status': 'not_modeled', 'borrow_status': 'not_modeled', 'modeled_total': np.float64(2.7781020888504537)}",RangeMeanReversion,signal,False
qt_2ba01f63774372affb7fcaff,2023-10-24,2023-10-25,ETH-USDT,cover,1.5732903698748895,1785.87249,1.404847995170745,0.8924899999999525,positive,"{'commission': np.float64(1.404847995170745), 'slippage': np.float64(1.4041459222095654), 'impact': np.float64(0.0), 'funding': None, 'borrow': None, 'funding_status': 'not_modeled', 'borrow_status': 'not_modeled', 'modeled_total': np.float64(2.8089939173803105)}",Router,StateSwitch,False
qt_ca3b722f056b310c8c492baa,2023-10-24,2023-10-25,BNB-USDT,cover,12.15571648314802,225.31259999999997,1.369418042840468,0.11259999999998627,positive,"{'commission': np.float64(1.369418042840468), 'slippage': np.float64(1.3687336760023001), 'impact': np.float64(0.0), 'funding': None, 'borrow': None, 'funding_status': 'not_modeled', 'borrow_status': 'not_modeled', 'modeled_total': np.float64(2.738151718842768)}",RangeMeanReversion,hard_stop,False
qt_964b568e4b9a8d8551144530,2023-11-01,2023-11-02,DOT-USDT,short,573.2148567184773,4.725636,1.354402381321839,0.0023640000000000327,negative,"{'commission': np.float64(1.354402381321839), 'slippage': np.float64(1.355079921282499), 'impact': np.float64(0.0), 'funding': None, 'borrow': None, 'funding_status': 'not_modeled', 'borrow_status': 'not_modeled', 'modeled_total': np.float64(2.7094823026043384)}",VolatilityReversion,signal,False
qt_2f4b02f5bf2e14474a589f09,2023-11-02,2023-11-03,DOT-USDT,cover,573.2148567184773,4.632314999999999,1.3276558894999264,0.002314999999999401,positive,"{'commission': np.float64(1.3276558894999264), 'slippage': np.float64(1.3269923933029315), 'impact': np.float64(0.0), 'funding': None, 'borrow': None, 'funding_status': 'not_modeled', 'borrow_status': 'not_modeled', 'modeled_total': np.float64(2.654648282802858)}",Router,StateSwitch,False
qt_d42093fc81a941910c09848f,2024-01-07,2024-01-08,ADA-USDT,buy,2643.08557068351,0.49474724999999997,0.6538296588051736,0.00024724999999997666,positive,"{'commission': np.float64(0.6538296588051736), 'slippage': np.float64(0.6535029073514361), 'impact': np.float64(0.0), 'funding': None, 'borrow': None, 'funding_status': 'not_modeled', 'borrow_status': 'not_modeled', 'modeled_total': np.float64(1.3073325661566098)}",VolatilityReversion,signal,False
qt_d93fab47c603fa84a9812647,2024-01-11,2024-01-12,ADA-USDT,sell,2643.08557068351,0.581709,0.768753332118367,0.0002909999999999302,negative,"{'commission': np.float64(0.768753332118367), 'slippage': np.float64(0.7691379010687169), 'impact': np.float64(0.0), 'funding': None, 'borrow': None, 'funding_status': 'not_modeled', 'borrow_status': 'not_modeled', 'modeled_total': np.float64(1.537891233187084)}",Router,StateSwitch,False
qt_5ae4d613c57fe321e827843c,2024-02-15,2024-02-16,XRP-USDT,short,5089.3127716357585,0.5619189000000001,1.4298905171967586,0.0002810999999999231,negative,"{'commission': np.float64(1.4298905171967586), 'slippage': np.float64(1.4306058201064202), 'impact': np.float64(0.0), 'funding': None, 'borrow': None, 'funding_status': 'not_modeled', 'borrow_status': 'not_modeled', 'modeled_total': np.float64(2.8604963373031786)}",VolatilityReversion,signal,False
qt_b6ddec0b016ebef31b396230,2024-02-19,2024-02-20,XRP-USDT,cover,5089.3127716357585,0.5628812999999999,1.4323394945024692,0.00028129999999992883,positive,"{'commission': np.float64(1.4323394945024692), 'slippage': np.float64(1.4316236826607767), 'impact': np.float64(0.0), 'funding': None, 'borrow': None, 'funding_status': 'not_modeled', 'borrow_status': 'not_modeled', 'modeled_total': np.float64(2.863963177163246)}",Router,StateSwitch,False
qt_90695374689c129f6d9d8013,2024-04-14,2024-04-15,LTC-USDT,buy,13.638329070587545,79.75985999999999,0.5438956086519964,0.03985999999999024,positive,"{'commission': np.float64(0.5438956086519964), 'slippage': np.float64(0.5436237967534864), 'impact': np.float64(0.0), 'funding': None, 'borrow': None, 'funding_status': 'not_modeled', 'borrow_status': 'not_modeled', 'modeled_total': np.float64(1.0875194054054829)}",VolatilityReversion,signal,False
qt_901fa226b260abb022193e0a,2024-04-21,2024-04-22,LTC-USDT,sell,13.638329070587545,84.11792,0.5736139368466787,0.04207999999999856,negative,"{'commission': np.float64(0.5736139368466787), 'slippage': np.float64(0.5739008872903043), 'impact': np.float64(0.0), 'funding': None, 'borrow': None, 'funding_status': 'not_modeled', 'borrow_status': 'not_modeled', 'modeled_total': np.float64(1.147514824136983)}",Router,StateSwitch,False
qt_a598f93be429bf7f0cd30e67,2024-07-13,2024-07-14,ADA-USDT,short,5141.326419091646,0.4413792,1.1346372708987678,0.00022079999999996547,negative,"{'commission': np.float64(1.1346372708987678), 'slippage': np.float64(1.135204873335258), 'impact': np.float64(0.0), 'funding': None, 'borrow': None, 'funding_status': 'not_modeled', 'borrow_status': 'not_modeled', 'modeled_total': np.float64(2.2698421442340257)}",VolatilityReversion,signal,False
qt_5013ddabe20151a70964b855,2024-07-14,2024-07-15,ADA-USDT,cover,5141.326419091646,0.43191584999999993,1.1103101852147121,0.0002158499999999619,positive,"{'commission': np.float64(1.1103101852147121), 'slippage': np.float64(1.109755307560736), 'impact': np.float64(0.0), 'funding': None, 'borrow': None, 'funding_status': 'not_modeled', 'borrow_status': 'not_modeled', 'modeled_total': np.float64(2.220065492775448)}",Router,StateSwitch,False
qt_0382c9490ed58f736b5d3aeb,2024-07-16,2024-07-17,XRP-USDT,short,4631.616046975797,0.5789104,1.3406453492005888,0.00028960000000000097,negative,"{'commission': np.float64(1.3406453492005888), 'slippage': np.float64(1.3413160072041952), 'impact': np.float64(0.0), 'funding': None, 'borrow': None, 'funding_status': 'not_modeled', 'borrow_status': 'not_modeled', 'modeled_total': np.float64(2.681961356404784)}",VolatilityReversion,signal,False
qt_cdff91567192df09f208b3a2,2024-07-17,2024-07-18,XRP-USDT,cover,4631.616046975797,0.626313,1.4504206706147762,0.0003130000000000077,positive,"{'commission': np.float64(1.4504206706147762), 'slippage': np.float64(1.4496958227034602), 'impact': np.float64(0.0), 'funding': None, 'borrow': None, 'funding_status': 'not_modeled', 'borrow_status': 'not_modeled', 'modeled_total': np.float64(2.9001164933182366)}",VolatilityReversion,hard_stop,False
qt_4eacdcc84dee078a82bf3006,2024-07-20,2024-07-21,DOGE-USDT,short,15424.44873954002,0.13416288499999998,1.034694271215651,6.711500000000648e-05,negative,"{'commission': np.float64(1.034694271215651), 'slippage': np.float64(1.0352118771543282), 'impact': np.float64(0.0), 'funding': None, 'borrow': None, 'funding_status': 'not_modeled', 'borrow_status': 'not_modeled', 'modeled_total': np.float64(2.069906148369979)}",VolatilityReversion,signal,False
qt_e764954c62619d6e36fb95ee,2024-07-26,2024-07-27,DOGE-USDT,cover,15424.44873954002,0.134257095,1.0354208398735272,6.709499999998925e-05,positive,"{'commission': np.float64(1.0354208398735272), 'slippage': np.float64(1.0349033881792717), 'impact': np.float64(0.0), 'funding': None, 'borrow': None, 'funding_status': 'not_modeled', 'borrow_status': 'not_modeled', 'modeled_total': np.float64(2.070324228052799)}",Router,StateSwitch,False
qt_ec4fc1247c017a2271336ebd,2024-08-04,2024-08-05,SOL-USDT,buy,10.564791834754354,138.38915999999998,0.7310263337932568,0.06915999999998235,positive,"{'commission': np.float64(0.7310263337932568), 'slippage': np.float64(0.7306610032914246), 'impact': np.float64(0.0), 'funding': None, 'borrow': None, 'funding_status': 'not_modeled', 'borrow_status': 'not_modeled', 'modeled_total': np.float64(1.4616873370846815)}",VolatilityReversion,signal,False
qt_49e651a2d0da9ddc8535eb32,2024-08-05,2024-08-06,XRP-USDT,buy,2825.838750025662,0.48914444999999995,0.691121670584995,0.00024444999999995165,positive,"{'commission': np.float64(0.691121670584995), 'slippage': np.float64(0.6907762824436365), 'impact': np.float64(0.0), 'funding': None, 'borrow': None, 'funding_status': 'not_modeled', 'borrow_status': 'not_modeled', 'modeled_total': np.float64(1.3818979530286315)}",VolatilityReversion,signal,False
qt_f07f3a83a4e8d0db048cc686,2024-08-05,2024-08-06,SOL-USDT,sell,10.564791834754354,129.72510499999999,0.6852593650333256,0.06489500000000703,negative,"{'commission': np.float64(0.6852593650333256), 'slippage': np.float64(0.6856021661164581), 'impact': np.float64(0.0), 'funding': None, 'borrow': None, 'funding_status': 'not_modeled', 'borrow_status': 'not_modeled', 'modeled_total': np.float64(1.3708615311497838)}",VolatilityReversion,hard_stop,False
qt_200fe95c66fa88d59e1f4fbd,2024-08-07,2024-08-08,XRP-USDT,sell,2825.838750025662,0.59999985,0.8477514130697924,0.0003001499999999435,negative,"{'commission': np.float64(0.8477514130697924), 'slippage': np.float64(0.8481755008200429), 'impact': np.float64(0.0), 'funding': None, 'borrow': None, 'funding_status': 'not_modeled', 'borrow_status': 'not_modeled', 'modeled_total': np.float64(1.6959269138898354)}",Router,StateSwitch,False
qt_ed482497d96719dce568ade7,2024-08-23,2024-08-24,ADA-USDT,short,5707.57122105099,0.39100440000000003,1.115842730372155,0.00019559999999996247,negative,"{'commission': np.float64(1.115842730372155), 'slippage': np.float64(1.1164009308373595), 'impact': np.float64(0.0), 'funding': None, 'borrow': None, 'funding_status': 'not_modeled', 'borrow_status': 'not_modeled', 'modeled_total': np.float64(2.2322436612095142)}",VolatilityReversion,signal,False
qt_790036cd1d92ced7472cdb6f,2024-08-23,2024-08-24,AVAX-USDT,short,77.32727515749187,26.48675,1.024074102638849,0.013249999999999318,negative,"{'commission': np.float64(1.024074102638849), 'slippage': np.float64(1.0245863958367145), 'impact': np.float64(0.0), 'funding': None, 'borrow': None, 'funding_status': 'not_modeled', 'borrow_status': 'not_modeled', 'modeled_total': np.float64(2.0486604984755634)}",VolatilityReversion,signal,False
qt_d918b4aace5cea3f95896cd1,2024-08-27,2024-08-28,ADA-USDT,cover,5707.57122105099,0.35047514999999996,1.0001809399167645,0.00017514999999995728,positive,"{'commission': np.float64(1.0001809399167645), 'slippage': np.float64(0.9996810993668371), 'impact': np.float64(0.0), 'funding': None, 'borrow': None, 'funding_status': 'not_modeled', 'borrow_status': 'not_modeled', 'modeled_total': np.float64(1.9998620392836015)}",Router,StateSwitch,False
qt_72e94e081e917b20bab0f60b,2024-08-28,2024-08-29,AVAX-USDT,cover,77.32727515749187,23.45172,0.9067288026782278,0.011720000000000397,positive,"{'commission': np.float64(0.9067288026782278), 'slippage': np.float64(0.9062756648458353), 'impact': np.float64(0.0), 'funding': None, 'borrow': None, 'funding_status': 'not_modeled', 'borrow_status': 'not_modeled', 'modeled_total': np.float64(1.813004467524063)}",Router,StateSwitch,False
qt_3a28d3e6c4f6eb318b209ac6,2024-09-23,2024-09-24,ETH-USDT,short,1.1248058386730007,2645.6565100000003,1.487924944785617,1.3234899999997651,negative,"{'commission': np.float64(1.487924944785617), 'slippage': np.float64(1.4886692794250656), 'impact': np.float64(0.0), 'funding': None, 'borrow': None, 'funding_status': 'not_modeled', 'borrow_status': 'not_modeled', 'modeled_total': np.float64(2.9765942242106824)}",VolatilityReversion,signal,False
qt_32b34cf185c368e0b9a4500e,2024-09-28,2024-09-29,ETH-USDT,cover,1.1248058386730007,2676.5476049999997,1.505298186795118,1.3376049999997122,positive,"{'commission': np.float64(1.505298186795118), 'slippage': np.float64(1.5045459138378754), 'impact': np.float64(0.0), 'funding': None, 'borrow': None, 'funding_status': 'not_modeled', 'borrow_status': 'not_modeled', 'modeled_total': np.float64(3.0098441006329937)}",Router,StateSwitch,False
qt_c7f8a016b946538ddb3cc71b,2024-10-29,2024-10-30,BTC-USDT,short,0.04145711348247043,72700.04179500001,1.5069669414378293,36.368204999991576,negative,"{'commission': np.float64(1.5069669414378293), 'slippage': np.float64(1.5077208018383992), 'impact': np.float64(0.0), 'funding': None, 'borrow': None, 'funding_status': 'not_modeled', 'borrow_status': 'not_modeled', 'modeled_total': np.float64(3.0146877432762285)}",RangeMeanReversion,signal,False
qt_92ace1e442c1da719b8c5e28,2024-11-04,2024-11-05,BTC-USDT,cover,0.04145711348247043,67883.93500499999,1.4071359985694658,33.92500499999733,positive,"{'commission': np.float64(1.4071359985694658), 'slippage': np.float64(1.4064327821782658), 'impact': np.float64(0.0), 'funding': None, 'borrow': None, 'funding_status': 'not_modeled', 'borrow_status': 'not_modeled', 'modeled_total': np.float64(2.8135687807477314)}",RangeMeanReversion,Target hit (Mid Band),False
qt_18b18ed13b148c2aa40b3865,2024-12-19,2024-12-20,DOGE-USDT,buy,3514.479145065258,0.31446715499999994,0.5525941290277518,0.0001571549999999644,positive,"{'commission': np.float64(0.5525941290277518), 'slippage': np.float64(0.5523179700426055), 'impact': np.float64(0.0), 'funding': None, 'borrow': None, 'funding_status': 'not_modeled', 'borrow_status': 'not_modeled', 'modeled_total': np.float64(1.1049120990703574)}",VolatilityReversion,signal,False
qt_061433ea67e71ced90f1657d,2024-12-19,2024-12-20,DOT-USDT,buy,127.7096585449201,6.9454709999999995,0.44350186492182236,0.0034709999999993357,positive,"{'commission': np.float64(0.44350186492182236), 'slippage': np.float64(0.4432802248093328), 'impact': np.float64(0.0), 'funding': None, 'borrow': None, 'funding_status': 'not_modeled', 'borrow_status': 'not_modeled', 'modeled_total': np.float64(0.8867820897311551)}",VolatilityReversion,signal,False
qt_bc1d3744e371be21e94a79f4,2024-12-21,2024-12-22,AVAX-USDT,buy,25.508566361986066,37.43871,0.47750390927107567,0.018709999999998672,positive,"{'commission': np.float64(0.47750390927107567), 'slippage': np.float64(0.47726527663272544), 'impact': np.float64(0.0), 'funding': None, 'borrow': None, 'funding_status': 'not_modeled', 'borrow_status': 'not_modeled', 'modeled_total': np.float64(0.9547691859038011)}",VolatilityReversion,signal,False
qt_8f1b96968851f0f7128b565c,2024-12-22,2024-12-23,SOL-USDT,buy,7.900885139016739,180.620265,0.7135299837718826,0.09026499999998805,positive,"{'commission': np.float64(0.7135299837718826), 'slippage': np.float64(0.7131733970732516), 'impact': np.float64(0.0), 'funding': None, 'borrow': None, 'funding_status': 'not_modeled', 'borrow_status': 'not_modeled', 'modeled_total': np.float64(1.4267033808451342)}",VolatilityReversion,signal,False
qt_9bddb03f0fc143bbf2e2e7d9,2024-12-25,2024-12-26,SOL-USDT,sell,7.900885139016739,197.351275,0.7796248779067528,0.09872500000000173,negative,"{'commission': np.float64(0.7796248779067528), 'slippage': np.float64(0.7800148853494412), 'impact': np.float64(0.0), 'funding': None, 'borrow': None, 'funding_status': 'not_modeled', 'borrow_status': 'not_modeled', 'modeled_total': np.float64(1.559639763256194)}",Router,StateSwitch,False
qt_f1f170f7fa8fb5c62e96db0f,2024-12-29,2024-12-30,AVAX-USDT,sell,25.508566361986066,35.832075,0.457012431512581,0.017924999999998192,negative,"{'commission': np.float64(0.457012431512581), 'slippage': np.float64(0.45724105203855414), 'impact': np.float64(0.0), 'funding': None, 'borrow': None, 'funding_status': 'not_modeled', 'borrow_status': 'not_modeled', 'modeled_total': np.float64(0.9142534835511351)}",Router,StateSwitch,False
qt_c48c2950971e5b7a35dd77ef,2024-12-31,2025-01-01,DOGE-USDT,sell,3514.479145065258,0.315842,0.5550100610678507,0.00015799999999999148,negative,"{'commission': np.float64(0.5550100610678507), 'slippage': np.float64(0.5552877049202808), 'impact': np.float64(0.0), 'funding': None, 'borrow': None, 'funding_status': 'not_modeled', 'borrow_status': 'not_modeled', 'modeled_total': np.float64(1.1102977659881315)}",Router,StateSwitch,False
qt_a797418d11c5eeb4badd0961,2025-01-03,2025-01-04,DOT-USDT,sell,127.7096585449201,7.7491235000000005,0.49481895810370813,0.0038764999999996164,negative,"{'commission': np.float64(0.49481895810370813), 'slippage': np.float64(0.4950664913493338), 'impact': np.float64(0.0), 'funding': None, 'borrow': None, 'funding_status': 'not_modeled', 'borrow_status': 'not_modeled', 'modeled_total': np.float64(0.9898854494530419)}",VolatilityReversion,Volatility mean reversion complete,False
qt_9e605d288bb653be165b8f32,2025-05-09,2025-05-10,BNB-USDT,short,4.701745694914684,665.956855,1.5655798879975862,0.33314499999994496,negative,"{'commission': np.float64(1.5655798879975862), 'slippage': np.float64(1.5663630695320936), 'impact': np.float64(0.0), 'funding': None, 'borrow': None, 'funding_status': 'not_modeled', 'borrow_status': 'not_modeled', 'modeled_total': np.float64(3.13194295752968)}",RangeMeanReversion,signal,False
qt_2727a91f10f2703e02081616,2025-05-12,2025-05-13,BNB-USDT,cover,4.701745694914684,660.41004,1.552540031224217,0.33003999999993994,positive,"{'commission': np.float64(1.552540031224217), 'slippage': np.float64(1.55176414914936), 'impact': np.float64(0.0), 'funding': None, 'borrow': None, 'funding_status': 'not_modeled', 'borrow_status': 'not_modeled', 'modeled_total': np.float64(3.104304180373577)}",RangeMeanReversion,hard_stop,False
qt_1fab1eae082d812d154b709d,2025-05-30,2025-05-31,DOGE-USDT,buy,7540.172245123347,0.19367679,0.7301781782412915,9.67899999999855e-05,positive,"{'commission': np.float64(0.7301781782412915), 'slippage': np.float64(0.7298132716053795), 'impact': np.float64(0.0), 'funding': None, 'borrow': None, 'funding_status': 'not_modeled', 'borrow_status': 'not_modeled', 'modeled_total': np.float64(1.459991449846671)}",VolatilityReversion,signal,False
qt_765eb497ac884d1ce0153111,2025-05-31,2025-06-01,SOL-USDT,buy,13.883522172141372,156.528225,1.0865815411767166,0.07822500000000332,positive,"{'commission': np.float64(1.0865815411767166), 'slippage': np.float64(1.0860385219158049), 'impact': np.float64(0.0), 'funding': None, 'borrow': None, 'funding_status': 'not_modeled', 'borrow_status': 'not_modeled', 'modeled_total': np.float64(2.1726200630925216)}",VolatilityReversion,signal,False
qt_307be2b79f92c389aa651fd8,2025-06-02,2025-06-03,DOGE-USDT,sell,7540.172245123347,0.194972465,0.7350629845781417,9.753499999998194e-05,negative,"{'commission': np.float64(0.7350629845781417), 'slippage': np.float64(0.7354306999279695), 'impact': np.float64(0.0), 'funding': None, 'borrow': None, 'funding_status': 'not_modeled', 'borrow_status': 'not_modeled', 'modeled_total': np.float64(1.4704936845061112)}",Router,StateSwitch,False
qt_ff66ee893ed5259bd73f6055,2025-06-03,2025-06-04,SOL-USDT,sell,13.883522172141372,155.112405,1.0767532569958362,0.0775950000000023,negative,"{'commission': np.float64(1.0767532569958362), 'slippage': np.float64(1.0772919029473418), 'impact': np.float64(0.0), 'funding': None, 'borrow': None, 'funding_status': 'not_modeled', 'borrow_status': 'not_modeled', 'modeled_total': np.float64(2.154045159943178)}",Router,StateSwitch,False
qt_d39feafc5ca20d2005a6d51c,2025-07-10,2025-07-11,BTC-USDT,short,0.02702835925916223,115952.004995,1.5669962239125168,58.00500499999907,negative,"{'commission': np.float64(1.5669962239125168), 'slippage': np.float64(1.5677801139694765), 'impact': np.float64(0.0), 'funding': None, 'borrow': None, 'funding_status': 'not_modeled', 'borrow_status': 'not_modeled', 'modeled_total': np.float64(3.134776337881993)}",RangeMeanReversion,signal,False
qt_14e72ed9f106ce5c91d47d58,2025-07-11,2025-07-12,BTC-USDT,cover,0.02702835925916223,117586.42383,1.5890840536386774,58.76382999999623,positive,"{'commission': np.float64(1.5890840536386774), 'slippage': np.float64(1.5882899086842335), 'impact': np.float64(0.0), 'funding': None, 'borrow': None, 'funding_status': 'not_modeled', 'borrow_status': 'not_modeled', 'modeled_total': np.float64(3.177373962322911)}",RangeMeanReversion,hard_stop,False
qt_c027a1b024b0c2f92637a577,2025-07-12,2025-07-13,BTC-USDT,short,0.026582868640356395,117361.29000000001,1.5598998777663864,58.70999999999185,negative,"{'commission': np.float64(1.5598998777663864), 'slippage': np.float64(1.5606802178751074), 'impact': np.float64(0.0), 'funding': None, 'borrow': None, 'funding_status': 'not_modeled', 'borrow_status': 'not_modeled', 'modeled_total': np.float64(3.1205800956414937)}",RangeMeanReversion,signal,False
qt_d56c442190f4b1567579dc1f,2025-07-14,2025-07-15,BTC-USDT,cover,0.026582868640356395,119901.090585,1.593657470428264,59.920584999999846,positive,"{'commission': np.float64(1.593657470428264), 'slippage': np.float64(1.5928610399083056), 'impact': np.float64(0.0), 'funding': None, 'borrow': None, 'funding_status': 'not_modeled', 'borrow_status': 'not_modeled', 'modeled_total': np.float64(3.18651851033657)}",RangeMeanReversion,hard_stop,False
qt_2130eab91ddda6dcd57adbb1,2025-07-16,2025-07-17,BNB-USDT,short,4.374987387942965,708.2556950000001,1.5493048665318898,0.3543049999999539,negative,"{'commission': np.float64(1.5493048665318898), 'slippage': np.float64(1.5500799064849304), 'impact': np.float64(0.0), 'funding': None, 'borrow': None, 'funding_status': 'not_modeled', 'borrow_status': 'not_modeled', 'modeled_total': np.float64(3.09938477301682)}",RangeMeanReversion,signal,False
qt_681d270cb8f9e7651863a48e,2025-07-17,2025-07-18,BNB-USDT,cover,4.374987387942965,721.00032,1.577183653351421,0.36032000000000153,positive,"{'commission': np.float64(1.577183653351421), 'slippage': np.float64(1.5763954556236157), 'impact': np.float64(0.0), 'funding': None, 'borrow': None, 'funding_status': 'not_modeled', 'borrow_status': 'not_modeled', 'modeled_total': np.float64(3.1535791089750367)}",RangeMeanReversion,hard_stop,False
qt_beb868f49b728d96bd0202ce,2025-07-17,2025-07-18,ADA-USDT,short,3112.804639983111,0.8211892000000001,1.2781007760320098,0.00041079999999993344,negative,"{'commission': np.float64(1.2781007760320098), 'slippage': np.float64(1.2787401461048549), 'impact': np.float64(0.0), 'funding': None, 'borrow': None, 'funding_status': 'not_modeled', 'borrow_status': 'not_modeled', 'modeled_total': np.float64(2.556840922136865)}",VolatilityReversion,signal,False
qt_b29e9c0e25e673e791808ffa,2025-07-18,2025-07-19,ADA-USDT,cover,3112.804639983111,0.8163079499999999,1.2705035872075505,0.00040794999999993475,positive,"{'commission': np.float64(1.2705035872075505), 'slippage': np.float64(1.2698686528809071), 'impact': np.float64(0.0), 'funding': None, 'borrow': None, 'funding_status': 'not_modeled', 'borrow_status': 'not_modeled', 'modeled_total': np.float64(2.5403722400884576)}",VolatilityReversion,hard_stop,False
qt_82a89020c02d26d024a35ec4,2025-07-18,2025-07-19,DOGE-USDT,short,9814.828300868085,0.23568210000000003,1.1565896725440112,0.00011789999999997636,negative,"{'commission': np.float64(1.1565896725440112), 'slippage': np.float64(1.157168256672115), 'impact': np.float64(0.0), 'funding': None, 'borrow': None, 'funding_status': 'not_modeled', 'borrow_status': 'not_modeled', 'modeled_total': np.float64(2.313757929216126)}",VolatilityReversion,signal,False
qt_4818f4cd3c0a8c4ccb590c78,2025-07-19,2025-07-20,DOGE-USDT,cover,9814.828300868085,0.24154071,1.1853402981598855,0.0001207099999999961,positive,"{'commission': np.float64(1.1853402981598855), 'slippage': np.float64(1.184747924197748), 'impact': np.float64(0.0), 'funding': None, 'borrow': None, 'funding_status': 'not_modeled', 'borrow_status': 'not_modeled', 'modeled_total': np.float64(2.3700882223576336)}",Router,StateSwitch,False
qt_fa3d57791a3e4e7da72102f9,2025-09-25,2025-09-26,SOL-USDT,buy,12.16127534786031,192.82636499999998,1.1725072595460069,0.0963649999999916,positive,"{'commission': np.float64(1.1725072595460069), 'slippage': np.float64(1.1719212988964565), 'impact': np.float64(0.0), 'funding': None, 'borrow': None, 'funding_status': 'not_modeled', 'borrow_status': 'not_modeled', 'modeled_total': np.float64(2.3444285584424636)}",VolatilityReversion,signal,False
qt_e14e6192d2c02827b9a35421,2025-10-01,2025-10-02,SOL-USDT,sell,12.16127534786031,221.92898,1.349469716724892,0.11101999999999634,negative,"{'commission': np.float64(1.349469716724892), 'slippage': np.float64(1.3501447891194072), 'impact': np.float64(0.0), 'funding': None, 'borrow': None, 'funding_status': 'not_modeled', 'borrow_status': 'not_modeled', 'modeled_total': np.float64(2.6996145058442993)}",Router,StateSwitch,False
qt_6f7bab25daec49190847961f,2026-01-05,2026-01-06,ADA-USDT,short,6130.1970278857625,0.42088945,1.2900676277292367,0.00021054999999997603,negative,"{'commission': np.float64(1.2900676277292367), 'slippage': np.float64(1.2907129842212004), 'impact': np.float64(0.0), 'funding': None, 'borrow': None, 'funding_status': 'not_modeled', 'borrow_status': 'not_modeled', 'modeled_total': np.float64(2.580780611950437)}",VolatilityReversion,signal,False
qt_554686e2404b3b152cd054dc,2026-01-05,2026-01-06,DOGE-USDT,short,19248.88559110964,0.15163414500000003,1.4593941544053652,7.58549999999858e-05,negative,"{'commission': np.float64(1.4593941544053652), 'slippage': np.float64(1.4601242165133483), 'impact': np.float64(0.0), 'funding': None, 'borrow': None, 'funding_status': 'not_modeled', 'borrow_status': 'not_modeled', 'modeled_total': np.float64(2.9195183709187136)}",VolatilityReversion,signal,False
qt_fda8494240d539372466a928,2026-01-05,2026-01-06,DOT-USDT,short,1207.1530475965033,2.2058965,1.33142734132873,0.001103499999999702,negative,"{'commission': np.float64(1.33142734132873), 'slippage': np.float64(1.3320933880223815), 'impact': np.float64(0.0), 'funding': None, 'borrow': None, 'funding_status': 'not_modeled', 'borrow_status': 'not_modeled', 'modeled_total': np.float64(2.6635207293511116)}",VolatilityReversion,signal,False
qt_9573a271565d1b7c386398d6,2026-01-09,2026-01-10,ADA-USDT,cover,6130.1970278857625,0.3915957,1.2002793981364224,0.00019569999999996535,positive,"{'commission': np.float64(1.2002793981364224), 'slippage': np.float64(1.1996795583570312), 'impact': np.float64(0.0), 'funding': None, 'borrow': None, 'funding_status': 'not_modeled', 'borrow_status': 'not_modeled', 'modeled_total': np.float64(2.3999589564934536)}",Router,StateSwitch,False
qt_46ad1d0aed0b7d718494e9dc,2026-01-11,2026-01-12,DOGE-USDT,cover,19248.88559110964,0.13807900499999998,1.328933484889628,6.900499999998311e-05,positive,"{'commission': np.float64(1.328933484889628), 'slippage': np.float64(1.3282693502141956), 'impact': np.float64(0.0), 'funding': None, 'borrow': None, 'funding_status': 'not_modeled', 'borrow_status': 'not_modeled', 'modeled_total': np.float64(2.6572028351038233)}",Router,StateSwitch,False
qt_3449dca6f8d3ca5c7aba54a5,2026-01-17,2026-01-18,DOT-USDT,cover,1207.1530475965033,2.179089,1.3152469636670083,0.0010889999999998956,positive,"{'commission': np.float64(1.3152469636670083), 'slippage': np.float64(1.314589668832466), 'impact': np.float64(0.0), 'funding': None, 'borrow': None, 'funding_status': 'not_modeled', 'borrow_status': 'not_modeled', 'modeled_total': np.float64(2.629836632499474)}",Router,StateSwitch,False
qt_e2ab1bc212d8f8636c4f13a2,2026-01-25,2026-01-26,SOL-USDT,buy,24.110510520822498,118.90942499999998,1.4334834712437265,0.05942499999999029,positive,"{'commission': np.float64(1.4334834712437265), 'slippage': np.float64(1.4327670876996428), 'impact': np.float64(0.0), 'funding': None, 'borrow': None, 'funding_status': 'not_modeled', 'borrow_status': 'not_modeled', 'modeled_total': np.float64(2.8662505589433693)}",VolatilityReversion,signal,False
qt_63bca8cc7b920fbb8059f25d,2026-01-31,2026-02-01,SOL-USDT,sell,24.110510520822498,105.52721000000001,1.2721574534690225,0.05278999999998746,negative,"{'commission': np.float64(1.2721574534690225), 'slippage': np.float64(1.2727938503939173), 'impact': np.float64(0.0), 'funding': None, 'borrow': None, 'funding_status': 'not_modeled', 'borrow_status': 'not_modeled', 'modeled_total': np.float64(2.54495130386294)}",Router,StateSwitch,False
qt_997e0b62b810a3baaa7d3f4e,2026-03-04,2026-03-05,BNB-USDT,short,4.88704830084866,657.671,1.6070349715337195,0.3289999999999509,negative,"{'commission': np.float64(1.6070349715337195), 'slippage': np.float64(1.6078388909789691), 'impact': np.float64(0.0), 'funding': None, 'borrow': None, 'funding_status': 'not_modeled', 'borrow_status': 'not_modeled', 'modeled_total': np.float64(3.2148738625126887)}",VolatilityReversion,signal,False
qt_1df73fe821798e84dbb50999,2026-03-07,2026-03-08,BNB-USDT,cover,4.88704830084866,620.5801349999999,1.5164025471460907,0.31013499999994565,positive,"{'commission': np.float64(1.5164025471460907), 'slippage': np.float64(1.5156447247834335), 'impact': np.float64(0.0), 'funding': None, 'borrow': None, 'funding_status': 'not_modeled', 'borrow_status': 'not_modeled', 'modeled_total': np.float64(3.032047271929524)}",Router,StateSwitch,False
qt_72ed513cb80c25f51c32a203,2026-03-16,2026-03-17,BTC-USDT,short,0.04365474715718105,74847.227665,1.6337183995657707,37.44233499999973,negative,"{'commission': np.float64(1.6337183995657707), 'slippage': np.float64(1.6345356673994587), 'impact': np.float64(0.0), 'funding': None, 'borrow': None, 'funding_status': 'not_modeled', 'borrow_status': 'not_modeled', 'modeled_total': np.float64(3.2682540669652296)}",VolatilityReversion,signal,False
qt_114ede3ab7a67bf3960bdf60,2026-03-16,2026-03-17,BNB-USDT,short,4.8095089594076015,679.3601500000001,1.633694364044746,0.3398499999999558,negative,"{'commission': np.float64(1.633694364044746), 'slippage': np.float64(1.6345116198544607), 'impact': np.float64(0.0), 'funding': None, 'borrow': None, 'funding_status': 'not_modeled', 'borrow_status': 'not_modeled', 'modeled_total': np.float64(3.2682059838992066)}",VolatilityReversion,signal,False
qt_001bcbd13724678fbfa03faa,2026-03-18,2026-03-19,BNB-USDT,cover,4.8095089594076015,652.60614,1.5693575386472058,0.3261400000000094,positive,"{'commission': np.float64(1.5693575386472058), 'slippage': np.float64(1.5685732520212405), 'impact': np.float64(0.0), 'funding': None, 'borrow': None, 'funding_status': 'not_modeled', 'borrow_status': 'not_modeled', 'modeled_total': np.float64(3.137930790668446)}",Router,StateSwitch,False
qt_836d03a0b2f976c0001a8b22,2026-03-19,2026-03-20,BTC-USDT,cover,0.04365474715718105,69964.97500499999,1.527151646850883,34.965004999990924,positive,"{'commission': np.float64(1.527151646850883), 'slippage': np.float64(1.5263884526241749), 'impact': np.float64(0.0), 'funding': None, 'borrow': None, 'funding_status': 'not_modeled', 'borrow_status': 'not_modeled', 'modeled_total': np.float64(3.053540099475058)}",Router,StateSwitch,False
qt_67af88e86da0894684882046,2026-05-10,2026-05-11,LTC-USDT,short,55.762109961625555,60.389790000000005,1.683731055269738,0.03020999999999674,negative,"{'commission': np.float64(1.683731055269738), 'slippage': np.float64(1.6845733419405262), 'impact': np.float64(0.0), 'funding': None, 'borrow': None, 'funding_status': 'not_modeled', 'borrow_status': 'not_modeled', 'modeled_total': np.float64(3.368304397210264)}",RangeMeanReversion,signal,False
qt_3ea0dd0e16d8ac6e4512f57d,2026-05-12,2026-05-13,LTC-USDT,cover,55.762109961625555,58.139055,1.6209781889874981,0.02905499999999961,positive,"{'commission': np.float64(1.6209781889874981), 'slippage': np.float64(1.6201681049350087), 'impact': np.float64(0.0), 'funding': None, 'borrow': None, 'funding_status': 'not_modeled', 'borrow_status': 'not_modeled', 'modeled_total': np.float64(3.241146293922507)}",Router,StateSwitch,False
qt_ff206eb43ff5486af3d92cdf,2026-06-03,2026-06-04,DOGE-USDT,buy,32904.58224392573,0.091435695,1.5043266730790044,4.5694999999998376e-05,positive,"{'commission': np.float64(1.5043266730790044), 'slippage': np.float64(1.5035748856361328), 'impact': np.float64(0.0), 'funding': None, 'borrow': None, 'funding_status': 'not_modeled', 'borrow_status': 'not_modeled', 'modeled_total': np.float64(3.007901558715137)}",VolatilityReversion,signal,False
qt_bd7ceea8fb1c2092792ad60a,2026-06-04,2026-06-05,DOGE-USDT,sell,32904.58224392573,0.088525715,1.456450834959915,4.428499999999114e-05,negative,"{'commission': np.float64(1.456450834959915), 'slippage': np.float64(1.4571794246719594), 'impact': np.float64(0.0), 'funding': None, 'borrow': None, 'funding_status': 'not_modeled', 'borrow_status': 'not_modeled', 'modeled_total': np.float64(2.9136302596318746)}",Router,StateSwitch,False
qt_c85d849d26f72e29779524e4,2026-07-05,2026-07-06,ADA-USDT,short,14164.966196729853,0.18940525000000002,1.3414594818665837,9.47499999999768e-05,negative,"{'commission': np.float64(1.3414594818665837), 'slippage': np.float64(1.3421305471398248), 'impact': np.float64(0.0), 'funding': None, 'borrow': None, 'funding_status': 'not_modeled', 'borrow_status': 'not_modeled', 'modeled_total': np.float64(2.6835900290064085)}",VolatilityReversion,signal,False
qt_1228ea6d6120803d40fa79ce,2026-07-13,2026-07-14,ADA-USDT,cover,14164.966196729853,0.15757875,1.1160488335364722,7.874999999998855e-05,positive,"{'commission': np.float64(1.1160488335364722), 'slippage': np.float64(1.1154910879923137), 'impact': np.float64(0.0), 'funding': None, 'borrow': None, 'funding_status': 'not_modeled', 'borrow_status': 'not_modeled', 'modeled_total': np.float64(2.231539921528786)}",Router,StateSwitch,False
