timestamp,equity,cash
2017-08-17,10000.0,10000.0
2017-08-18,10000.0,10000.0
2017-08-19,10000.0,10000.0
2017-08-20,10000.0,10000.0
2017-08-21,10000.0,10000.0
2017-08-22,10000.0,10000.0
2017-08-23,10000.0,10000.0
2017-08-24,10000.0,10000.0
2017-08-25,10000.0,10000.0
2017-08-26,10000.0,10000.0
2017-08-27,10000.0,10000.0
2017-08-28,10000.0,10000.0
2017-08-29,10000.0,10000.0
2017-08-30,10000.0,10000.0
2017-08-31,10000.0,10000.0
2017-09-01,10000.0,10000.0
2017-09-02,10000.0,10000.0
2017-09-03,10000.0,10000.0
2017-09-04,10000.0,10000.0
2017-09-05,10000.0,10000.0
2017-09-06,10000.0,10000.0
2017-09-07,10000.0,10000.0
2017-09-08,10000.0,10000.0
2017-09-09,10000.0,10000.0
2017-09-10,10000.0,10000.0
2017-09-11,10000.0,10000.0
2017-09-12,10000.0,10000.0
2017-09-13,10000.0,10000.0
2017-09-14,10000.0,10000.0
2017-09-15,10000.0,10000.0
2017-09-16,10000.0,10000.0
2017-09-17,10000.0,10000.0
2017-09-18,10000.0,10000.0
2017-09-19,10000.0,10000.0
2017-09-20,10000.0,10000.0
2017-09-21,10000.0,10000.0
2017-09-22,10000.0,10000.0
2017-09-23,10000.0,10000.0
2017-09-24,10000.0,10000.0
2017-09-25,10000.0,10000.0
2017-09-26,10000.0,10000.0
2017-09-27,10000.0,10000.0
2017-09-28,10000.0,10000.0
2017-09-29,10000.0,10000.0
2017-09-30,10000.0,10000.0
2017-10-01,10000.0,10000.0
2017-10-02,10000.0,10000.0
2017-10-03,10000.0,10000.0
2017-10-04,10000.0,10000.0
2017-10-05,10000.0,10000.0
2017-10-06,10000.0,10000.0
2017-10-07,10000.0,10000.0
2017-10-08,10000.0,10000.0
2017-10-09,10000.0,10000.0
2017-10-10,10000.0,10000.0
2017-10-11,10000.0,10000.0
2017-10-12,10000.0,10000.0
2017-10-13,10000.0,10000.0
2017-10-14,9966.582697314061,12577.145170478507
2017-10-15,9997.420920681267,12577.145170478507
2017-10-16,9998.355346519727,9998.355346519727
2017-10-17,9998.355346519727,9998.355346519727
2017-10-18,9998.355346519727,9998.355346519727
2017-10-19,9998.355346519727,9998.355346519727
2017-10-20,9998.355346519727,9998.355346519727
2017-10-21,9999.142744878507,9092.886016198016
2017-10-22,9987.869005454973,9092.886016198016
2017-10-23,9982.74129662311,9092.886016198016
2017-10-24,9916.723361559887,9092.886016198016
2017-10-25,9948.75612403668,9092.886016198016
2017-10-26,9944.911668716706,9944.911668716706
2017-10-27,9944.911668716706,9944.911668716706
2017-10-28,9944.911668716706,9944.911668716706
2017-10-29,9944.911668716706,9944.911668716706
2017-10-30,9944.911668716706,9944.911668716706
2017-10-31,9944.911668716706,9944.911668716706
2017-11-01,9944.911668716706,9944.911668716706
2017-11-02,9944.911668716706,9944.911668716706
2017-11-03,9944.911668716706,9944.911668716706
2017-11-04,9944.911668716706,9944.911668716706
2017-11-05,9944.911668716706,9944.911668716706
2017-11-06,9944.911668716706,9944.911668716706
2017-11-07,9944.911668716706,9944.911668716706
2017-11-08,9944.911668716706,9944.911668716706
2017-11-09,9944.911668716706,9944.911668716706
2017-11-10,9944.911668716706,9944.911668716706
2017-11-11,9944.911668716706,9944.911668716706
2017-11-12,9944.911668716706,9944.911668716706
2017-11-13,9944.911668716706,9944.911668716706
2017-11-14,9944.911668716706,9944.911668716706
2017-11-15,9944.911668716706,9944.911668716706
2017-11-16,9944.911668716706,9944.911668716706
2017-11-17,9944.911668716706,9944.911668716706
2017-11-18,9944.911668716706,9944.911668716706
2017-11-19,9944.911668716706,9944.911668716706
2017-11-20,9955.676323870619,9353.627553889884
2017-11-21,9948.895577312469,9353.627553889884
2017-11-22,9955.230579043357,9353.627553889884
2017-11-23,9941.599438297799,9353.627553889884
2017-11-24,9950.251140117747,9353.627553889884
2017-11-25,9991.453944454923,9353.627553889884
2017-11-26,10022.832767401762,9353.627553889884
2017-11-27,10061.100840581808,9353.627553889884
2017-11-28,10079.194561530572,9353.627553889884
2017-11-29,10063.877948156927,9353.627553889884
2017-11-30,10074.954120608058,9353.627553889884
2017-12-01,10144.164069502958,9353.627553889884
2017-12-02,10152.010058222311,9353.627553889884
2017-12-03,10172.200539378266,9353.627553889884
2017-12-04,10202.522184626236,9353.627553889884
2017-12-05,10211.39236006218,9353.627553889884
2017-12-06,10347.026352681585,9353.627553889884
2017-12-07,10570.554920293953,9353.627553889884
2017-12-08,10517.842661938357,9353.627553889884
2017-12-09,10428.112322064695,9353.627553889884
2017-12-10,10445.994167593919,9353.627553889884
2017-12-11,10569.746274661598,9353.627553889884
2017-12-12,10552.299176965542,9353.627553889884
2017-12-13,10529.080856769135,9353.627553889884
2017-12-14,10551.198744423236,9353.627553889884
2017-12-15,10258.586259112646,10588.463312449487
2017-12-16,10355.843417298453,8955.364489344218
2017-12-17,9919.246393144796,10365.602618451469
2017-12-18,9917.14049834936,8534.726699159244
2017-12-19,9869.032207405688,9440.383860903838
2017-12-20,9925.690215295108,9440.383860903838
2017-12-21,9846.672002100111,9440.383860903838
2017-12-22,9962.460748024612,10576.631402466908
2017-12-23,9940.971613627438,10576.631402466908
2017-12-24,9779.814642791645,10576.631402466908
2017-12-25,9529.332056633075,10576.631402466908
2017-12-26,8939.313752580401,10576.631402466908
2017-12-27,8925.212793672661,8552.74613969684
2017-12-28,8983.072787949928,9471.493918625005
2017-12-29,9032.897804728549,9828.304920221355
2017-12-30,9134.700490520892,9828.304920221355
2017-12-31,9049.28194560156,9828.304920221355
2018-01-01,9056.588139970796,9828.304920221355
2018-01-02,9032.386371122702,9828.304920221355
2018-01-03,8978.594515079201,9828.304920221355
2018-01-04,8993.298231247289,9828.304920221355
2018-01-05,8993.194366045658,8993.194366045658
2018-01-06,8993.194366045658,8993.194366045658
2018-01-07,8993.194366045658,8993.194366045658
2018-01-08,8993.194366045658,8993.194366045658
2018-01-09,8993.194366045658,8993.194366045658
2018-01-10,8993.194366045658,8993.194366045658
2018-01-11,8993.194366045658,8993.194366045658
2018-01-12,8993.194366045658,8993.194366045658
2018-01-13,8993.194366045658,8993.194366045658
2018-01-14,8993.194366045658,8993.194366045658
2018-01-15,8993.194366045658,8993.194366045658
2018-01-16,8993.194366045658,8993.194366045658
2018-01-17,9002.49999377453,8432.924773285267
2018-01-18,9014.051343894078,8432.924773285267
2018-01-19,9030.535432713325,8432.924773285267
2018-01-20,9089.790736840085,8432.924773285267
2018-01-21,9026.60172969964,8432.924773285267
2018-01-22,8988.638373631073,8432.924773285267
2018-01-23,8985.4539473819,8432.924773285267
2018-01-24,8997.660914670396,8432.924773285267
2018-01-25,8993.60233219596,8432.924773285267
2018-01-26,8985.797365898969,8432.924773285267
2018-01-27,9001.43851835814,8432.924773285267
2018-01-28,9047.144400993322,8432.924773285267
2018-01-29,8999.56532644686,8432.924773285267
2018-01-30,8958.074125612053,8432.924773285267
2018-01-31,8948.645726325287,8432.924773285267
2018-02-01,8881.523016171159,8432.924773285267
2018-02-02,8844.02795808041,8432.924773285267
2018-02-03,8844.583805918372,8844.583805918372
2018-02-04,8844.583805918372,8844.583805918372
2018-02-05,8844.583805918372,8844.583805918372
2018-02-06,8888.817195085383,8531.46486440358
2018-02-07,8874.124300753983,8531.46486440358
2018-02-08,8890.370703775401,8531.46486440358
2018-02-09,8953.154172892318,8531.46486440358
2018-02-10,8957.48703026098,9242.099997838459
2018-02-11,8973.165126068348,9242.099997838459
2018-02-12,8945.18000853191,9242.099997838459
2018-02-13,8957.289594976615,9242.099997838459
2018-02-14,8926.937588566641,9242.099997838459
2018-02-15,8926.622681205903,8926.622681205903
2018-02-16,8926.622681205903,8926.622681205903
2018-02-17,8925.62302576945,9925.528438576093
2018-02-18,8988.51181357492,9925.528438576093
2018-02-19,8954.39223413792,9925.528438576093
2018-02-20,8923.386395240803,9925.528438576093
2018-02-21,9006.317146802967,9925.528438576093
2018-02-22,9080.827642257287,9925.528438576093
2018-02-23,9079.63153534956,9079.63153534956
2018-02-24,9079.63153534956,9079.63153534956
2018-02-25,9079.63153534956,9079.63153534956
2018-02-26,9079.63153534956,9079.63153534956
2018-02-27,9079.63153534956,9079.63153534956
2018-02-28,9079.63153534956,9079.63153534956
2018-03-01,9079.63153534956,9079.63153534956
2018-03-02,9079.63153534956,9079.63153534956
2018-03-03,9079.63153534956,9079.63153534956
2018-03-04,9079.63153534956,9079.63153534956
2018-03-05,9079.63153534956,9079.63153534956
2018-03-06,9079.63153534956,9079.63153534956
2018-03-07,9079.63153534956,9079.63153534956
2018-03-08,9079.63153534956,9079.63153534956
2018-03-09,9079.63153534956,9079.63153534956
2018-03-10,9079.63153534956,9079.63153534956
2018-03-11,9079.63153534956,9079.63153534956
2018-03-12,9079.63153534956,9079.63153534956
2018-03-13,9079.63153534956,9079.63153534956
2018-03-14,9079.63153534956,9079.63153534956
2018-03-15,9080.08963079928,9502.635173903953
2018-03-16,9086.87723228338,9502.635173903953
2018-03-17,9123.036131805009,9502.635173903953
2018-03-18,9129.941718181979,9502.635173903953
2018-03-19,9116.14442600367,9502.635173903953
2018-03-20,9116.061142549876,9502.635173903953
2018-03-21,9114.555100093794,9502.635173903953
2018-03-22,9127.915154139693,9502.635173903953
2018-03-23,9125.7567246289,9502.635173903953
2018-03-24,9141.587521137315,9502.635173903953
2018-03-25,9139.144539826064,9502.635173903953
2018-03-26,9166.031214825449,9502.635173903953
2018-03-27,9191.363265354037,9502.635173903953
2018-03-28,9209.024154712597,10109.089927813191
2018-03-29,9326.805299093585,10109.089927813191
2018-03-30,9326.248028564192,10742.214462160777
2018-03-31,9328.076671567334,10742.214462160777
2018-04-01,9354.52668151186,10742.214462160777
2018-04-02,9308.935505095362,10742.214462160777
2018-04-03,9189.521732503654,10742.214462160777
2018-04-04,9341.355496217982,10742.214462160777
2018-04-05,9340.642415911787,10742.214462160777
2018-04-06,9388.936267416178,10742.214462160777
2018-04-07,9338.244299600468,10742.214462160777
2018-04-08,9308.423945311555,10742.214462160777
2018-04-09,9342.531892992198,10742.214462160777
2018-04-10,9327.949830619627,10742.214462160777
2018-04-11,9290.131035812845,10742.214462160777
2018-04-12,9152.257052685542,10443.55305138476
2018-04-13,9151.191391159948,9151.191391159948
2018-04-14,9151.191391159948,9151.191391159948
2018-04-15,9151.191391159948,9151.191391159948
2018-04-16,9289.540477758883,12875.397357429922
2018-04-17,9361.37094087879,12875.397357429922
2018-04-18,9216.20316633499,12875.397357429922
2018-04-19,9077.295704987804,10924.55514555899
2018-04-20,8918.138895722554,10924.55514555899
2018-04-21,8917.075831631688,8917.075831631688
2018-04-22,8917.075831631688,8917.075831631688
2018-04-23,8917.075831631688,8917.075831631688
2018-04-24,8917.075831631688,8917.075831631688
2018-04-25,9157.324884111651,10957.717849385126
2018-04-26,9052.348603442166,10957.717849385126
2018-04-27,9155.459191919657,10957.717849385126
2018-04-28,9065.905966703982,10957.717849385126
2018-04-29,9048.492839578712,10957.717849385126
2018-04-30,9112.299512544882,10957.717849385126
2018-05-01,9113.29454838061,10957.717849385126
2018-05-02,9111.57416786382,9111.57416786382
2018-05-03,9111.57416786382,9111.57416786382
2018-05-04,9117.686412037017,8344.169516190035
2018-05-05,9150.664632090495,8344.169516190035
2018-05-06,9093.432662640244,6853.673977592652
2018-05-07,9007.904249250852,6853.673977592652
2018-05-08,8977.674560533505,6853.673977592652
2018-05-09,8977.562536514259,8237.742276138211
2018-05-10,8948.796395894648,8237.742276138211
2018-05-11,8903.95940079956,8237.742276138211
2018-05-12,8903.293350229178,8903.293350229178
2018-05-13,8903.293350229178,8903.293350229178
2018-05-14,8903.293350229178,8903.293350229178
2018-05-15,8903.293350229178,8903.293350229178
2018-05-16,8903.293350229178,8903.293350229178
2018-05-17,8903.293350229178,8903.293350229178
2018-05-18,8903.293350229178,8903.293350229178
2018-05-19,8903.293350229178,8903.293350229178
2018-05-20,8903.293350229178,8903.293350229178
2018-05-21,8903.293350229178,8903.293350229178
2018-05-22,8903.293350229178,8903.293350229178
2018-05-23,8903.293350229178,8903.293350229178
2018-05-24,8903.293350229178,8903.293350229178
2018-05-25,8903.293350229178,8903.293350229178
2018-05-26,8903.293350229178,8903.293350229178
2018-05-27,8903.293350229178,8903.293350229178
2018-05-28,8903.293350229178,8903.293350229178
2018-05-29,8903.293350229178,8903.293350229178
2018-05-30,8903.293350229178,8903.293350229178
2018-05-31,8903.293350229178,8903.293350229178
2018-06-01,8903.293350229178,8903.293350229178
2018-06-02,8903.293350229178,8903.293350229178
2018-06-03,8903.293350229178,8903.293350229178
2018-06-04,8903.293350229178,8903.293350229178
2018-06-05,8903.293350229178,8903.293350229178
2018-06-06,8903.293350229178,8903.293350229178
2018-06-07,8903.293350229178,8903.293350229178
2018-06-08,8903.293350229178,8903.293350229178
2018-06-09,8903.293350229178,8903.293350229178
2018-06-10,8903.293350229178,8903.293350229178
2018-06-11,8936.842859036393,7811.69353319464
2018-06-12,8836.253993788205,7811.69353319464
2018-06-13,8804.442765153466,7811.69353319464
2018-06-14,8711.828161291034,10090.348207750136
2018-06-15,8777.480952557064,10090.348207750136
2018-06-16,8755.639992489138,10090.348207750136
2018-06-17,8759.231880863534,10090.348207750136
2018-06-18,8704.352174070196,10090.348207750136
2018-06-19,8677.97329906546,10090.348207750136
2018-06-20,8677.28008154916,10090.348207750136
2018-06-21,8694.149189284226,10090.348207750136
2018-06-22,8847.173583066902,10090.348207750136
2018-06-23,8834.096303047058,11084.384255152632
2018-06-24,8894.778141143943,11084.384255152632
2018-06-25,8853.047773083248,11084.384255152632
2018-06-26,8979.340288009416,11084.384255152632
2018-06-27,8922.742960365153,11084.384255152632
2018-06-28,9051.502141430528,11084.384255152632
2018-06-29,8940.40833454703,11084.384255152632
2018-06-30,8831.966072109806,11084.384255152632
2018-07-01,8827.48450127433,11084.384255152632
2018-07-02,8691.032911177725,11084.384255152632
2018-07-03,8707.543206670467,9665.60749467113
2018-07-04,8700.203256656214,9665.60749467113
2018-07-05,8709.442828573716,9665.60749467113
2018-07-06,8707.613268614474,9665.60749467113
2018-07-07,8681.777800945149,9665.60749467113
2018-07-08,8694.138938643177,9107.442695461223
2018-07-09,8702.986112226245,9107.442695461223
2018-07-10,8726.36074697696,9107.442695461223
2018-07-11,8714.447223458854,9107.442695461223
2018-07-12,8721.434479868207,9107.442695461223
2018-07-13,8722.74144869298,9107.442695461223
2018-07-14,8724.500829803248,9107.442695461223
2018-07-15,8712.637574316863,9107.442695461223
2018-07-16,8687.754898614487,9107.442695461223
2018-07-17,8686.53001289856,8686.53001289856
2018-07-18,8604.401869914193,10191.607763795673
2018-07-19,8602.11020983377,8602.11020983377
2018-07-20,8807.15626780221,12640.722460731722
2018-07-21,8770.058676742612,12640.722460731722
2018-07-22,8724.05886283778,12640.722460731722
2018-07-23,8650.96036991527,12640.722460731722
2018-07-24,8342.740055438297,12640.722460731722
2018-07-25,8345.789424389213,9735.383503942961
2018-07-26,8416.174073860098,9735.383503942961
2018-07-27,8400.890549974993,9735.383503942961
2018-07-28,8399.877803634205,8399.877803634205
2018-07-29,8399.877803634205,8399.877803634205
2018-07-30,8399.877803634205,8399.877803634205
2018-07-31,8399.877803634205,8399.877803634205
2018-08-01,8399.877803634205,8399.877803634205
2018-08-02,8399.877803634205,8399.877803634205
2018-08-03,8399.877803634205,8399.877803634205
2018-08-04,8399.877803634205,8399.877803634205
2018-08-05,8399.877803634205,8399.877803634205
2018-08-06,8399.877803634205,8399.877803634205
2018-08-07,8399.877803634205,8399.877803634205
2018-08-08,8399.877803634205,8399.877803634205
2018-08-09,8468.032859905245,6615.522151637124
2018-08-10,8358.586525331595,6615.522151637124
2018-08-11,8402.109939105261,7057.194689981685
2018-08-12,8423.399142785944,7057.194689981685
2018-08-13,8451.215062300691,7057.194689981685
2018-08-14,8479.063337180867,7812.074986342798
2018-08-15,8488.790460242557,8196.528367954888
2018-08-16,8470.893443242792,8196.528367954888
2018-08-17,8313.444230057787,8196.528367954888
2018-08-18,8416.756840418095,8196.528367954888
2018-08-19,8374.904485525993,10006.98988327552
2018-08-20,8516.951500393736,10006.98988327552
2018-08-21,8448.924436420493,10006.98988327552
2018-08-22,8511.235805089385,10006.98988327552
2018-08-23,8468.079367139428,10006.98988327552
2018-08-24,8450.068891040177,10006.98988327552
2018-08-25,8452.331577765677,10006.98988327552
2018-08-26,8467.321648558593,9684.539156888328
2018-08-27,8387.934692020419,9684.539156888328
2018-08-28,8352.396680241312,9253.665817753214
2018-08-29,8351.495185786516,8351.495185786516
2018-08-30,8351.495185786516,8351.495185786516
2018-08-31,8351.495185786516,8351.495185786516
2018-09-01,8351.495185786516,8351.495185786516
2018-09-02,8351.495185786516,8351.495185786516
2018-09-03,8351.495185786516,8351.495185786516
2018-09-04,8351.495185786516,8351.495185786516
2018-09-05,8351.495185786516,8351.495185786516
2018-09-06,8351.495185786516,8351.495185786516
2018-09-07,8351.495185786516,8351.495185786516
2018-09-08,8351.495185786516,8351.495185786516
2018-09-09,8351.495185786516,8351.495185786516
2018-09-10,8351.495185786516,8351.495185786516
2018-09-11,8351.495185786516,8351.495185786516
2018-09-12,8351.495185786516,8351.495185786516
2018-09-13,8351.495185786516,8351.495185786516
2018-09-14,8351.495185786516,8351.495185786516
2018-09-15,8351.495185786516,8351.495185786516
2018-09-16,8351.495185786516,8351.495185786516
2018-09-17,8351.495185786516,8351.495185786516
2018-09-18,8351.495185786516,8351.495185786516
2018-09-19,8351.495185786516,8351.495185786516
2018-09-20,8351.495185786516,8351.495185786516
2018-09-21,8351.495185786516,8351.495185786516
2018-09-22,8328.504466088238,9614.783996174252
2018-09-23,8332.495502142403,9614.783996174252
2018-09-24,8508.101088525642,9614.783996174252
2018-09-25,8436.307282652411,9614.783996174252
2018-09-26,8433.49010092408,8433.49010092408
2018-09-27,8433.49010092408,8433.49010092408
2018-09-28,8433.49010092408,8433.49010092408
2018-09-29,8433.49010092408,8433.49010092408
2018-09-30,8433.49010092408,8433.49010092408
2018-10-01,8433.49010092408,8433.49010092408
2018-10-02,8433.49010092408,8433.49010092408
2018-10-03,8433.49010092408,8433.49010092408
2018-10-04,8433.49010092408,8433.49010092408
2018-10-05,8433.49010092408,8433.49010092408
2018-10-06,8433.49010092408,8433.49010092408
2018-10-07,8433.49010092408,8433.49010092408
2018-10-08,8433.49010092408,8433.49010092408
2018-10-09,8433.49010092408,8433.49010092408
2018-10-10,8433.49010092408,8433.49010092408
2018-10-11,8433.49010092408,8433.49010092408
2018-10-12,8505.112885320263,7693.721186555222
2018-10-13,8508.950848479071,7693.721186555222
2018-10-14,8484.376059413553,5138.486645985062
2018-10-15,8750.700145014183,5138.486645985062
2018-10-16,8790.100182931259,7857.571566575878
2018-10-17,8791.73951392874,7857.571566575878
2018-10-18,8759.203615190498,7857.571566575878
2018-10-19,8760.19037117906,8760.19037117906
2018-10-20,8760.19037117906,8760.19037117906
2018-10-21,8760.19037117906,8760.19037117906
2018-10-22,8760.19037117906,8760.19037117906
2018-10-23,8760.19037117906,8760.19037117906
2018-10-24,8760.19037117906,8760.19037117906
2018-10-25,8760.19037117906,8760.19037117906
2018-10-26,8760.19037117906,8760.19037117906
2018-10-27,8760.19037117906,8760.19037117906
2018-10-28,8760.19037117906,8760.19037117906
2018-10-29,8760.19037117906,8760.19037117906
2018-10-30,8760.19037117906,8760.19037117906
2018-10-31,8760.19037117906,8760.19037117906
2018-11-01,8760.19037117906,8760.19037117906
2018-11-02,8760.19037117906,8760.19037117906
2018-11-03,8760.19037117906,8760.19037117906
2018-11-04,8760.19037117906,8760.19037117906
2018-11-05,8760.19037117906,8760.19037117906
2018-11-06,8760.19037117906,8760.19037117906
2018-11-07,8760.19037117906,8760.19037117906
2018-11-08,8760.19037117906,8760.19037117906
2018-11-09,8760.19037117906,8760.19037117906
2018-11-10,8760.19037117906,8760.19037117906
2018-11-11,8760.19037117906,8760.19037117906
2018-11-12,8737.661774941404,6130.192410036385
2018-11-13,8712.20883665313,6130.192410036385
2018-11-14,8516.364144100284,6130.192410036385
2018-11-15,8443.096515918183,5961.097663204413
2018-11-16,8442.205400623616,8442.205400623616
2018-11-17,8442.205400623616,8442.205400623616
2018-11-18,8442.205400623616,8442.205400623616
2018-11-19,8442.205400623616,8442.205400623616
2018-11-20,8442.205400623616,8442.205400623616
2018-11-21,8426.374455290945,8708.082894630303
2018-11-22,8449.6388944096,8708.082894630303
2018-11-23,8454.51663299262,8708.082894630303
2018-11-24,8494.500778726348,8945.91980130942
2018-11-25,8461.413243171282,9629.35781835589
2018-11-26,8520.556533566765,9629.35781835589
2018-11-27,8508.474246874093,9629.35781835589
2018-11-28,8394.203575335223,9629.35781835589
2018-11-29,8408.315076090712,9629.35781835589
2018-11-30,8472.202639155077,9629.35781835589
2018-12-01,8419.550886338486,9629.35781835589
2018-12-02,8424.899897587515,9629.35781835589
2018-12-03,8504.859698249975,9629.35781835589
2018-12-04,8466.114570046979,9629.35781835589
2018-12-05,8521.283737111353,9364.736985231795
2018-12-06,8598.400125884127,9364.736985231795
2018-12-07,8635.892338451999,9930.54919411949
2018-12-08,8641.401969801775,9930.54919411949
2018-12-09,8601.32492385434,9930.54919411949
2018-12-10,8648.841549080395,9930.54919411949
2018-12-11,8665.382215802747,9930.54919411949
2018-12-12,8637.316188022154,9930.54919411949
2018-12-13,8676.28582714578,9930.54919411949
2018-12-14,8708.465267443944,9930.54919411949
2018-12-15,8715.73768463235,9930.54919411949
2018-12-16,8688.652802078683,9930.54919411949
2018-12-17,8534.51524107739,9930.54919411949
2018-12-18,8502.814649245427,9100.581315076955
2018-12-19,8502.215399543606,8502.215399543606
2018-12-20,8502.215399543606,8502.215399543606
2018-12-21,8502.215399543606,8502.215399543606
2018-12-22,8502.215399543606,8502.215399543606
2018-12-23,8432.8969822615,9833.97870147342
2018-12-24,8285.86030945198,11321.478228265987
2018-12-25,8375.718701773447,9810.32428725283
2018-12-26,8388.882671319443,9810.32428725283
2018-12-27,8537.120415337407,9810.32428725283
2018-12-28,8398.650718286906,9810.32428725283
2018-12-29,8452.222350874094,9810.32428725283
2018-12-30,8418.034186487968,9810.32428725283
2018-12-31,8480.610737373287,9810.32428725283
2019-01-01,8433.640167775831,9810.32428725283
2019-01-02,8403.038708135573,9810.32428725283
2019-01-03,8465.691571887824,9810.32428725283
2019-01-04,8463.096934412091,9810.32428725283
2019-01-05,8461.94034324961,8461.94034324961
2019-01-06,8461.94034324961,8461.94034324961
2019-01-07,8477.962777950432,9703.238597893393
2019-01-08,8471.520738939165,9703.238597893393
2019-01-09,8377.724650935119,9703.238597893393
2019-01-10,8376.398805609673,8376.398805609673
2019-01-11,8376.398805609673,8376.398805609673
2019-01-12,8376.398805609673,8376.398805609673
2019-01-13,8376.398805609673,8376.398805609673
2019-01-14,8376.398805609673,8376.398805609673
2019-01-15,8376.398805609673,8376.398805609673
2019-01-16,8376.398805609673,8376.398805609673
2019-01-17,8376.398805609673,8376.398805609673
2019-01-18,8376.398805609673,8376.398805609673
2019-01-19,8376.398805609673,8376.398805609673
2019-01-20,8376.398805609673,8376.398805609673
2019-01-21,8376.398805609673,8376.398805609673
2019-01-22,8376.398805609673,8376.398805609673
2019-01-23,8376.398805609673,8376.398805609673
2019-01-24,8376.398805609673,8376.398805609673
2019-01-25,8376.398805609673,8376.398805609673
2019-01-26,8376.398805609673,8376.398805609673
2019-01-27,8376.398805609673,8376.398805609673
2019-01-28,8376.398805609673,8376.398805609673
2019-01-29,8376.398805609673,8376.398805609673
2019-01-30,8376.398805609673,8376.398805609673
2019-01-31,8376.398805609673,8376.398805609673
2019-02-01,8376.398805609673,8376.398805609673
2019-02-02,8376.398805609673,8376.398805609673
2019-02-03,8376.398805609673,8376.398805609673
2019-02-04,8376.398805609673,8376.398805609673
2019-02-05,8376.398805609673,8376.398805609673
2019-02-06,8376.398805609673,8376.398805609673
2019-02-07,8376.398805609673,8376.398805609673
2019-02-08,8376.398805609673,8376.398805609673
2019-02-09,8376.398805609673,8376.398805609673
2019-02-10,8376.398805609673,8376.398805609673
2019-02-11,8394.598647368091,7899.286791965234
2019-02-12,8381.483965444015,7899.286791965234
2019-02-13,8362.448703769038,7899.286791965234
2019-02-14,8354.92192635086,7899.286791965234
2019-02-15,8382.242880846678,7899.286791965234
2019-02-16,8372.76163636411,7899.286791965234
2019-02-17,8378.54706679673,7899.286791965234
2019-02-18,8398.959811908044,7899.286791965234
2019-02-19,8426.411896405387,9882.903837936728
2019-02-20,8458.210855599715,9882.903837936728
2019-02-21,8427.021958532112,9882.903837936728
2019-02-22,8442.411889252578,7335.652055268176
2019-02-23,8465.396622434613,7335.652055268176
2019-02-24,8339.750566062894,7335.652055268176
2019-02-25,8345.076163395579,7335.652055268176
2019-02-26,8323.402453301656,7335.652055268176
2019-02-27,8322.889656548965,8322.889656548965
2019-02-28,8322.889656548965,8322.889656548965
2019-03-01,8322.889656548965,8322.889656548965
2019-03-02,8322.889656548965,8322.889656548965
2019-03-03,8322.889656548965,8322.889656548965
2019-03-04,8322.889656548965,8322.889656548965
2019-03-05,8322.889656548965,8322.889656548965
2019-03-06,8357.01815238409,7801.5956235587055
2019-03-07,8378.830759576937,7801.5956235587055
2019-03-08,8347.98499591779,7801.5956235587055
2019-03-09,8354.560124619455,7801.5956235587055
2019-03-10,8350.966740329011,7801.5956235587055
2019-03-11,8352.618168002917,7801.5956235587055
2019-03-12,8387.74923356588,7801.5956235587055
2019-03-13,8375.9407611476,7801.5956235587055
2019-03-14,8370.806808911359,7801.5956235587055
2019-03-15,8372.836688760535,7801.5956235587055
2019-03-16,8411.664352843563,7801.5956235587055
2019-03-17,8396.383038293896,9301.825162393858
2019-03-18,8369.361656734814,9301.825162393858
2019-03-19,8356.066882332829,9301.825162393858
2019-03-20,8337.219618252828,9301.825162393858
2019-03-21,8317.981724614527,9301.825162393858
2019-03-22,8325.67770407744,9850.097119837143
2019-03-23,8418.399277613778,9056.133664497076
2019-03-24,8382.108234328092,9056.133664497076
2019-03-25,8364.071406352621,9056.133664497076
2019-03-26,8400.803781649756,6574.571239855255
2019-03-27,8517.28768000257,6574.571239855255
2019-03-28,8481.588297454055,6574.571239855255
2019-03-29,8574.423023329793,6574.571239855255
2019-03-30,8566.935388801528,9144.946470857849
2019-03-31,8538.99074025533,9144.946470857849
2019-04-01,8559.681161205079,8330.381957049975
2019-04-02,8652.843609405267,8330.381957049975
2019-04-03,8806.867238870584,5282.364429236917
2019-04-04,8771.789093114492,5282.364429236917
2019-04-05,8893.137077384763,5282.364429236917
2019-04-06,8938.051791491831,5282.364429236917
2019-04-07,8920.284351037739,5282.364429236917
2019-04-08,8773.765180570881,5282.364429236917
2019-04-09,8686.99505320195,4518.603880825659
2019-04-10,8818.652261461435,4518.603880825659
2019-04-11,8445.30892908264,3763.639265056779
2019-04-12,8431.80917742315,4578.218846580208
2019-04-13,8421.067917740183,4578.218846580208
2019-04-14,8563.79930917168,4578.218846580208
2019-04-15,8395.68204250115,4578.218846580208
2019-04-16,8491.844075980154,4578.218846580208
2019-04-17,8468.909840318236,4578.218846580208
2019-04-18,8507.290257725434,7020.074680760922
2019-04-19,8577.042174459413,6358.927125750414
2019-04-20,8599.962575443587,6358.927125750414
2019-04-21,8549.76719974609,6358.927125750414
2019-04-22,8638.554347120751,5210.848947305971
2019-04-23,8544.011862670088,5210.848947305971
2019-04-24,8504.145749043608,5210.848947305971
2019-04-25,8422.159594245393,5913.6692134194855
2019-04-26,8457.88300656444,5913.6692134194855
2019-04-27,8446.008664524146,5913.6692134194855
2019-04-28,8438.5893984275,5913.6692134194855
2019-04-29,8330.608884100113,5913.6692134194855
2019-04-30,8431.452374378681,5913.6692134194855
2019-05-01,8419.039962165576,6577.7521957636945
2019-05-02,8430.868524164258,6577.7521957636945
2019-05-03,8492.375486353416,6577.7521957636945
2019-05-04,8452.254257618617,6577.7521957636945
2019-05-05,8431.463632412031,6577.7521957636945
2019-05-06,8442.05898117158,6577.7521957636945
2019-05-07,8411.630609515978,6577.7521957636945
2019-05-08,8440.732698679727,6577.7521957636945
2019-05-09,8471.249759008937,7588.968200115546
2019-05-10,8494.574339370974,7588.968200115546
2019-05-11,8594.450149853288,7588.968200115546
2019-05-12,8566.970213469604,6586.640793324304
2019-05-13,8724.664975688862,6586.640793324304
2019-05-14,8855.192334752537,6586.640793324304
2019-05-15,9053.668687539095,6586.640793324304
2019-05-16,9207.956176281694,8408.222203667814
2019-05-17,9132.606961547843,8408.222203667814
2019-05-18,9140.634542304055,8408.222203667814
2019-05-19,9259.757730047708,8408.222203667814
2019-05-20,9215.541222823074,8408.222203667814
2019-05-21,9233.912710972772,8408.222203667814
2019-05-22,9270.089611940271,8408.222203667814
2019-05-23,9251.28822089794,8408.222203667814
2019-05-24,9284.649093149143,8408.222203667814
2019-05-25,9327.285639502683,7852.32077930838
2019-05-26,9452.511939619415,6295.725723052555
2019-05-27,9548.014781990962,5509.670971511439
2019-05-28,9527.726495139359,5509.670971511439
2019-05-29,9516.1352872698,5509.670971511439
2019-05-30,9304.386816823791,5509.670971511439
2019-05-31,9483.334023138983,5509.670971511439
2019-06-01,9454.682897115566,5509.670971511439
2019-06-02,9515.656090643874,5509.670971511439
2019-06-03,9230.537036578322,5509.670971511439
2019-06-04,9200.981110035156,8478.1627634365
2019-06-05,9211.307086415136,8478.1627634365
2019-06-06,9264.563663224215,8478.1627634365
2019-06-07,9303.604341044416,8478.1627634365
2019-06-08,9312.798703574537,8478.1627634365
2019-06-09,9289.105538593074,8478.1627634365
2019-06-10,9391.587317871103,8478.1627634365
2019-06-11,9437.842033984167,8478.1627634365
2019-06-12,9435.225176956365,8478.1627634365
2019-06-13,9401.488939057386,8478.1627634365
2019-06-14,9411.744189571751,8478.1627634365
2019-06-15,9450.926319123184,8478.1627634365
2019-06-16,9443.217199771007,8478.1627634365
2019-06-17,9424.474845382685,8478.1627634365
2019-06-18,9434.517918300202,8478.1627634365
2019-06-19,9443.075748039775,8478.1627634365
2019-06-20,9436.215339074992,8478.1627634365
2019-06-21,9456.16003317879,8478.1627634365
2019-06-22,9527.188206361547,7698.715606811868
2019-06-23,9507.05530802682,7698.715606811868
2019-06-24,9506.355832351595,7698.715606811868
2019-06-25,9568.891384102186,7698.715606811868
2019-06-26,9637.595435277695,7698.715606811868
2019-06-27,9501.408380090874,8633.059408694713
2019-06-28,9583.46398144053,8633.059408694713
2019-06-29,9545.33476744567,8633.059408694713
2019-06-30,9464.935391853662,8633.059408694713
2019-07-01,9447.371428092454,8633.059408694713
2019-07-02,9464.073173446743,8633.059408694713
2019-07-03,9548.160544571281,8633.059408694713
2019-07-04,9487.281793711914,8633.059408694713
2019-07-05,9473.874105880235,8633.059408694713
2019-07-06,9495.775219832336,8633.059408694713
2019-07-07,9507.252304848878,8633.059408694713
2019-07-08,9571.045737131812,8633.059408694713
2019-07-09,9594.406874252962,8633.059408694713
2019-07-10,9561.064696853318,8633.059408694713
2019-07-11,9502.397057197473,8633.059408694713
2019-07-12,9501.527171233245,9501.527171233245
2019-07-13,9501.527171233245,9501.527171233245
2019-07-14,9501.527171233245,9501.527171233245
2019-07-15,9501.527171233245,9501.527171233245
2019-07-16,9501.527171233245,9501.527171233245
2019-07-17,9525.907040692193,8493.561048935348
2019-07-18,9628.335233016172,8493.561048935348
2019-07-19,9627.35861977097,9627.35861977097
2019-07-20,9627.35861977097,9627.35861977097
2019-07-21,9627.35861977097,9627.35861977097
2019-07-22,9627.35861977097,9627.35861977097
2019-07-23,9627.35861977097,9627.35861977097
2019-07-24,9627.35861977097,9627.35861977097
2019-07-25,9627.35861977097,9627.35861977097
2019-07-26,9627.35861977097,9627.35861977097
2019-07-27,9627.35861977097,9627.35861977097
2019-07-28,9627.35861977097,9627.35861977097
2019-07-29,9627.35861977097,9627.35861977097
2019-07-30,9627.35861977097,9627.35861977097
2019-07-31,9627.35861977097,9627.35861977097
2019-08-01,9627.35861977097,9627.35861977097
2019-08-02,9627.35861977097,9627.35861977097
2019-08-03,9627.35861977097,9627.35861977097
2019-08-04,9627.35861977097,9627.35861977097
2019-08-05,9627.35861977097,9627.35861977097
2019-08-06,9695.521872004549,11893.757220682566
2019-08-07,9697.27051246222,11893.757220682566
2019-08-08,9694.976232769252,9694.976232769252
2019-08-09,9694.976232769252,9694.976232769252
2019-08-10,9694.976232769252,9694.976232769252
2019-08-11,9694.976232769252,9694.976232769252
2019-08-12,9694.976232769252,9694.976232769252
2019-08-13,9694.976232769252,9694.976232769252
2019-08-14,9694.976232769252,9694.976232769252
2019-08-15,9578.347986970452,8998.670393722308
2019-08-16,9658.727375166629,8613.314795693313
2019-08-17,9616.45574537424,9905.370323117811
2019-08-18,9508.276829114842,11203.057378634048
2019-08-19,9521.937351657496,11203.057378634048
2019-08-20,9558.860942427027,11203.057378634048
2019-08-21,9614.591927354266,11203.057378634048
2019-08-22,9569.981166296766,11203.057378634048
2019-08-23,9544.012900553495,11203.057378634048
2019-08-24,9550.107192385496,11203.057378634048
2019-08-25,9567.028181954402,11203.057378634048
2019-08-26,9561.629679657357,11203.057378634048
2019-08-27,9560.239958021222,11203.057378634048
2019-08-28,9597.450226939074,10333.992529798546
2019-08-29,9619.630558882713,11419.716732099727
2019-08-30,9627.537365383298,10502.714810324178
2019-08-31,9604.748952073009,9610.917114107613
2019-09-01,9621.799845455209,8824.687747649012
2019-09-02,9697.889149024171,8824.687747649012
2019-09-03,9676.489769737582,10498.866086298996
2019-09-04,9710.025879396631,11338.987540575306
2019-09-05,9723.444572844437,11550.975112250684
2019-09-06,9767.347578664885,11550.975112250684
2019-09-07,9688.331170372629,11550.975112250684
2019-09-08,9659.815219074273,11550.975112250684
2019-09-09,9668.798263662009,10411.835496501046
2019-09-10,9668.683309149097,10411.835496501046
2019-09-11,9678.454442746672,10411.835496501046
2019-09-12,9681.701907736453,10411.835496501046
2019-09-13,9678.425704118443,10411.835496501046
2019-09-14,9661.067572668635,10411.835496501046
2019-09-15,9660.287849678782,9660.287849678782
2019-09-16,9660.287849678782,9660.287849678782
2019-09-17,9660.287849678782,9660.287849678782
2019-09-18,9338.383416775212,15449.99418004684
2019-09-19,9195.345494252064,12266.335381500438
2019-09-20,9253.838205514221,11948.02365666117
2019-09-21,9325.066843371938,14697.375463869801
2019-09-22,9493.695334789812,14697.375463869801
2019-09-23,9698.35589683666,14697.375463869801
2019-09-24,10143.696007509781,12236.839603248562
2019-09-25,10142.739614336822,10142.739614336822
2019-09-26,10142.739614336822,10142.739614336822
2019-09-27,10142.739614336822,10142.739614336822
2019-09-28,10142.739614336822,10142.739614336822
2019-09-29,10142.739614336822,10142.739614336822
2019-09-30,10142.739614336822,10142.739614336822
2019-10-01,10142.739614336822,10142.739614336822
2019-10-02,10142.739614336822,10142.739614336822
2019-10-03,10142.739614336822,10142.739614336822
2019-10-04,10142.739614336822,10142.739614336822
2019-10-05,10142.739614336822,10142.739614336822
2019-10-06,10142.739614336822,10142.739614336822
2019-10-07,10142.739614336822,10142.739614336822
2019-10-08,10142.739614336822,10142.739614336822
2019-10-09,10142.739614336822,10142.739614336822
2019-10-10,10142.739614336822,10142.739614336822
2019-10-11,10142.739614336822,10142.739614336822
2019-10-12,10142.739614336822,10142.739614336822
2019-10-13,10142.739614336822,10142.739614336822
2019-10-14,10121.036063871745,12123.330318364504
2019-10-15,10107.276643879759,12123.330318364504
2019-10-16,10196.783462801577,12123.330318364504
2019-10-17,10112.217872053676,12123.330318364504
2019-10-18,10144.79739847511,12123.330318364504
2019-10-19,10144.35214494735,12123.330318364504
2019-10-20,10142.807500217294,10142.807500217294
2019-10-21,10142.807500217294,10142.807500217294
2019-10-22,10142.807500217294,10142.807500217294
2019-10-23,10142.807500217294,10142.807500217294
2019-10-24,10142.807500217294,10142.807500217294
2019-10-25,10142.807500217294,10142.807500217294
2019-10-26,10142.807500217294,10142.807500217294
2019-10-27,10142.807500217294,10142.807500217294
2019-10-28,10142.807500217294,10142.807500217294
2019-10-29,10142.807500217294,10142.807500217294
2019-10-30,10142.807500217294,10142.807500217294
2019-10-31,10142.807500217294,10142.807500217294
2019-11-01,10142.807500217294,10142.807500217294
2019-11-02,10142.807500217294,10142.807500217294
2019-11-03,10142.807500217294,10142.807500217294
2019-11-04,10142.807500217294,10142.807500217294
2019-11-05,10142.807500217294,10142.807500217294
2019-11-06,10142.807500217294,10142.807500217294
2019-11-07,10142.807500217294,10142.807500217294
2019-11-08,10142.807500217294,10142.807500217294
2019-11-09,10142.807500217294,10142.807500217294
2019-11-10,10142.807500217294,10142.807500217294
2019-11-11,10142.807500217294,10142.807500217294
2019-11-12,10142.807500217294,10142.807500217294
2019-11-13,10142.807500217294,10142.807500217294
2019-11-14,10142.807500217294,10142.807500217294
2019-11-15,10142.807500217294,10142.807500217294
2019-11-16,10142.807500217294,10142.807500217294
2019-11-17,10142.807500217294,10142.807500217294
2019-11-18,10142.807500217294,10142.807500217294
2019-11-19,10142.807500217294,10142.807500217294
2019-11-20,10142.807500217294,10142.807500217294
2019-11-21,10142.807500217294,10142.807500217294
2019-11-22,10142.807500217294,10142.807500217294
2019-11-23,10142.807500217294,10142.807500217294
2019-11-24,10142.807500217294,10142.807500217294
2019-11-25,10142.807500217294,10142.807500217294
2019-11-26,10142.807500217294,10142.807500217294
2019-11-27,10142.807500217294,10142.807500217294
2019-11-28,10142.807500217294,10142.807500217294
2019-11-29,10142.807500217294,10142.807500217294
2019-11-30,10142.807500217294,10142.807500217294
2019-12-01,10142.807500217294,10142.807500217294
2019-12-02,10142.807500217294,10142.807500217294
2019-12-03,10142.807500217294,10142.807500217294
2019-12-04,10142.807500217294,10142.807500217294
2019-12-05,10142.807500217294,10142.807500217294
2019-12-06,10142.807500217294,10142.807500217294
2019-12-07,10142.807500217294,10142.807500217294
2019-12-08,10142.807500217294,10142.807500217294
2019-12-09,10142.807500217294,10142.807500217294
2019-12-10,10142.807500217294,10142.807500217294
2019-12-11,10142.807500217294,10142.807500217294
2019-12-12,10142.807500217294,10142.807500217294
2019-12-13,10142.807500217294,10142.807500217294
2019-12-14,10142.807500217294,10142.807500217294
2019-12-15,10142.807500217294,10142.807500217294
2019-12-16,10142.807500217294,10142.807500217294
2019-12-17,10142.807500217294,10142.807500217294
2019-12-18,10142.807500217294,10142.807500217294
2019-12-19,10142.807500217294,10142.807500217294
2019-12-20,10142.807500217294,10142.807500217294
2019-12-21,10142.807500217294,10142.807500217294
2019-12-22,10142.807500217294,10142.807500217294
2019-12-23,10142.807500217294,10142.807500217294
2019-12-24,10142.807500217294,10142.807500217294
2019-12-25,10142.807500217294,10142.807500217294
2019-12-26,10142.807500217294,10142.807500217294
2019-12-27,10142.807500217294,10142.807500217294
2019-12-28,10142.807500217294,10142.807500217294
2019-12-29,10142.807500217294,10142.807500217294
2019-12-30,10142.807500217294,10142.807500217294
2019-12-31,10142.807500217294,10142.807500217294
2020-01-01,10142.807500217294,10142.807500217294
2020-01-02,10142.807500217294,10142.807500217294
2020-01-03,10142.807500217294,10142.807500217294
2020-01-04,10142.807500217294,10142.807500217294
2020-01-05,10142.807500217294,10142.807500217294
2020-01-06,10142.807500217294,10142.807500217294
2020-01-07,10165.269415270606,13105.213618232141
2020-01-08,10341.893325881356,19198.134829410905
2020-01-09,10471.339331529609,19198.134829410905
2020-01-10,10128.315434311917,19198.134829410905
2020-01-11,10216.067805930928,19198.134829410905
2020-01-12,9976.898355639458,19198.134829410905
2020-01-13,10185.404565139186,19198.134829410905
2020-01-14,9000.650879256107,19198.134829410905
2020-01-15,8827.713198816611,13943.433620977425
2020-01-16,8965.49102387792,16504.377913008975
2020-01-17,8571.165452363244,16504.377913008975
2020-01-18,8488.985955389879,13743.477355303254
2020-01-19,8481.453076385962,8481.453076385962
2020-01-20,8481.453076385962,8481.453076385962
2020-01-21,8481.453076385962,8481.453076385962
2020-01-22,8475.521327971157,7667.9740267335765
2020-01-23,8430.157468644806,7667.9740267335765
2020-01-24,8461.400282266457,7667.9740267335765
2020-01-25,8429.45141635957,7667.9740267335765
2020-01-26,8458.2230469829,7667.9740267335765
2020-01-27,8514.530716730394,7667.9740267335765
2020-01-28,8601.728173956923,7667.9740267335765
2020-01-29,8608.612183737963,7667.9740267335765
2020-01-30,8658.91840906096,7667.9740267335765
2020-01-31,8564.99852446602,5056.636238542378
2020-02-01,8626.164999432429,5056.636238542378
2020-02-02,8653.347375459642,4448.416533702519
2020-02-03,8682.785237002254,4448.416533702519
2020-02-04,8624.826228606775,4448.416533702519
2020-02-05,8933.090535313659,3538.561141506722
2020-02-06,9144.108994644648,3538.561141506722
2020-02-07,9366.253599237298,901.0818072709574
2020-02-08,9540.281837431987,901.0818072709574
2020-02-09,9899.372359339395,901.0818072709574
2020-02-10,9684.368338068874,901.0818072709574
2020-02-11,9995.371025899676,901.0818072709574
2020-02-12,10460.130018586617,901.0818072709574
2020-02-13,10443.10088750143,901.0818072709574
2020-02-14,10763.749006729988,901.0818072709574
2020-02-15,10049.477820896149,901.0818072709574
2020-02-16,9753.663445860075,901.0818072709574
2020-02-17,9713.813727540464,901.0818072709574
2020-02-18,9877.706994006958,5223.3395272960315
2020-02-19,9514.531561120679,5223.3395272960315
2020-02-20,9487.781217969825,6155.9607960254425
2020-02-21,9535.289886142633,7958.796209840915
2020-02-22,9513.30086890617,7958.796209840915
2020-02-23,9590.02471012853,7958.796209840915
2020-02-24,9536.7756305505,7958.796209840915
2020-02-25,9424.750502197174,7958.796209840915
2020-02-26,9423.28491439339,9423.28491439339
2020-02-27,9498.759784667245,7044.2269981857835
2020-02-28,9475.327465801474,7044.2269981857835
2020-02-29,9451.261267187847,7044.2269981857835
2020-03-01,9420.23517064094,7044.2269981857835
2020-03-02,9550.812742124794,7044.2269981857835
2020-03-03,9508.126813884926,7044.2269981857835
2020-03-04,9526.111459552625,7044.2269981857835
2020-03-05,9600.405306583121,7044.2269981857835
2020-03-06,9628.385261314615,8365.9126567738
2020-03-07,9627.020051629976,9627.020051629976
2020-03-08,9627.020051629976,9627.020051629976
2020-03-09,9627.020051629976,9627.020051629976
2020-03-10,9627.020051629976,9627.020051629976
2020-03-11,9627.020051629976,9627.020051629976
2020-03-12,9627.020051629976,9627.020051629976
2020-03-13,9776.037386776254,9015.934138327992
2020-03-14,9710.720443451444,9015.934138327992
2020-03-15,9710.025830842897,9710.025830842897
2020-03-16,9710.025830842897,9710.025830842897
2020-03-17,9710.025830842897,9710.025830842897
2020-03-18,9710.025830842897,9710.025830842897
2020-03-19,9710.025830842897,9710.025830842897
2020-03-20,9710.025830842897,9710.025830842897
2020-03-21,9710.025830842897,9710.025830842897
2020-03-22,9710.025830842897,9710.025830842897
2020-03-23,9710.025830842897,9710.025830842897
2020-03-24,9710.025830842897,9710.025830842897
2020-03-25,9710.025830842897,9710.025830842897
2020-03-26,9710.025830842897,9710.025830842897
2020-03-27,9710.025830842897,9710.025830842897
2020-03-28,9710.025830842897,9710.025830842897
2020-03-29,9710.025830842897,9710.025830842897
2020-03-30,9710.025830842897,9710.025830842897
2020-03-31,9710.025830842897,9710.025830842897
2020-04-01,9710.025830842897,9710.025830842897
2020-04-02,9710.025830842897,9710.025830842897
2020-04-03,9710.025830842897,9710.025830842897
2020-04-04,9710.025830842897,9710.025830842897
2020-04-05,9710.025830842897,9710.025830842897
2020-04-06,9710.025830842897,9710.025830842897
2020-04-07,9909.8998181585,18423.04496874391
2020-04-08,9576.23197160723,18423.04496874391
2020-04-09,9646.82325309693,16481.501164676378
2020-04-10,10193.979241410185,16481.501164676378
2020-04-11,10165.929037390371,14968.710142961405
2020-04-12,10159.80726451075,13343.883866867385
2020-04-13,10157.889508736871,10157.889508736871
2020-04-14,10157.889508736871,10157.889508736871
2020-04-15,10157.889508736871,10157.889508736871
2020-04-16,10157.889508736871,10157.889508736871
2020-04-17,10157.889508736871,10157.889508736871
2020-04-18,10157.889508736871,10157.889508736871
2020-04-19,10157.889508736871,10157.889508736871
2020-04-20,10157.889508736871,10157.889508736871
2020-04-21,10157.889508736871,10157.889508736871
2020-04-22,10157.889508736871,10157.889508736871
2020-04-23,10157.889508736871,10157.889508736871
2020-04-24,10157.889508736871,10157.889508736871
2020-04-25,10157.889508736871,10157.889508736871
2020-04-26,10157.889508736871,10157.889508736871
2020-04-27,10157.889508736871,10157.889508736871
2020-04-28,10157.889508736871,10157.889508736871
2020-04-29,10157.889508736871,10157.889508736871
2020-04-30,10118.078540128585,9257.684841007955
2020-05-01,10142.87831969369,9257.684841007955
2020-05-02,10150.727408175573,9257.684841007955
2020-05-03,10133.860218033651,9257.684841007955
2020-05-04,10119.748558954518,9257.684841007955
2020-05-05,10114.780252947367,9257.684841007955
2020-05-06,10088.393955497628,9257.684841007955
2020-05-07,10142.794818752393,9257.684841007955
2020-05-08,10123.187304964165,8405.808633541532
2020-05-09,10095.801258553738,8405.808633541532
2020-05-10,9932.144854225431,8405.808633541532
2020-05-11,9917.954127856854,9188.347837345638
2020-05-12,9939.19672964202,9188.347837345638
2020-05-13,9981.685341982246,9188.347837345638
2020-05-14,10022.813002942405,9188.347837345638
2020-05-15,9982.286137676012,9188.347837345638
2020-05-16,9987.8126058662,9188.347837345638
2020-05-17,10013.273560394839,9188.347837345638
2020-05-18,10017.866025634148,9188.347837345638
2020-05-19,10021.411146323613,9188.347837345638
2020-05-20,10000.073825509828,8390.472658908091
2020-05-21,9894.641495909556,8390.472658908091
2020-05-22,9893.46159180821,9893.46159180821
2020-05-23,9893.46159180821,9893.46159180821
2020-05-24,9893.46159180821,9893.46159180821
2020-05-25,9893.46159180821,9893.46159180821
2020-05-26,9893.46159180821,9893.46159180821
2020-05-27,9893.46159180821,9893.46159180821
2020-05-28,9893.46159180821,9893.46159180821
2020-05-29,9893.46159180821,9893.46159180821
2020-05-30,9893.46159180821,9893.46159180821
2020-05-31,9893.46159180821,9893.46159180821
2020-06-01,9893.46159180821,9893.46159180821
2020-06-02,9893.46159180821,9893.46159180821
2020-06-03,9893.46159180821,9893.46159180821
2020-06-04,9893.46159180821,9893.46159180821
2020-06-05,9873.89011469022,9428.056186767308
2020-06-06,9878.967711380197,9428.056186767308
2020-06-07,9881.218604758227,9428.056186767308
2020-06-08,9880.74748753957,9428.056186767308
2020-06-09,9862.059837866154,9428.056186767308
2020-06-10,9865.671736542528,9428.056186767308
2020-06-11,9822.067220637891,9428.056186767308
2020-06-12,9844.105037199539,9428.056186767308
2020-06-13,9841.906490179137,9428.056186767308
2020-06-14,9828.087051765182,9428.056186767308
2020-06-15,9827.791708956616,9827.791708956616
2020-06-16,9827.791708956616,9827.791708956616
2020-06-17,9827.791708956616,9827.791708956616
2020-06-18,9827.791708956616,9827.791708956616
2020-06-19,9827.791708956616,9827.791708956616
2020-06-20,9827.791708956616,9827.791708956616
2020-06-21,9827.791708956616,9827.791708956616
2020-06-22,9827.791708956616,9827.791708956616
2020-06-23,9827.791708956616,9827.791708956616
2020-06-24,9827.791708956616,9827.791708956616
2020-06-25,9827.791708956616,9827.791708956616
2020-06-26,9827.791708956616,9827.791708956616
2020-06-27,9827.791708956616,9827.791708956616
2020-06-28,9827.791708956616,9827.791708956616
2020-06-29,9827.791708956616,9827.791708956616
2020-06-30,9827.791708956616,9827.791708956616
2020-07-01,9827.791708956616,9827.791708956616
2020-07-02,9827.791708956616,9827.791708956616
2020-07-03,9827.791708956616,9827.791708956616
2020-07-04,9827.791708956616,9827.791708956616
2020-07-05,9827.791708956616,9827.791708956616
2020-07-06,9827.791708956616,9827.791708956616
2020-07-07,9827.791708956616,9827.791708956616
2020-07-08,9827.791708956616,9827.791708956616
2020-07-09,9827.791708956616,9827.791708956616
2020-07-10,9876.352349090277,12773.181618269902
2020-07-11,9847.10614470507,12773.181618269902
2020-07-12,9727.713983628508,15724.360065419794
2020-07-13,9761.916832312358,12652.634954307014
2020-07-14,9804.067980077514,15577.66220315273
2020-07-15,9902.056853355065,15577.66220315273
2020-07-16,10017.212269056032,15577.66220315273
2020-07-17,10033.24502022854,15577.66220315273
2020-07-18,9939.995062347301,15577.66220315273
2020-07-19,9933.944151094125,9933.944151094125
2020-07-20,9933.944151094125,9933.944151094125
2020-07-21,9933.944151094125,9933.944151094125
2020-07-22,9890.289496248031,12911.147955245642
2020-07-23,9863.27742002266,12911.147955245642
2020-07-24,9860.228787519804,9860.228787519804
2020-07-25,9853.068726149226,11379.607860527054
2020-07-26,9793.058251758599,10401.28203559787
2020-07-27,9736.965555168194,7318.017291543502
2020-07-28,9828.011753023904,6622.857419977065
2020-07-29,9746.144443896743,6622.857419977065
2020-07-30,9794.453195681748,6622.857419977065
2020-07-31,9858.486302560852,6622.857419977065
2020-08-01,10147.843811295055,5841.6421260326315
2020-08-02,9876.898495617703,4218.946762404891
2020-08-03,10106.753668313644,4218.946762404891
2020-08-04,10134.909728294631,4218.946762404891
2020-08-05,10286.46850956677,4218.946762404891
2020-08-06,10254.765257292183,4218.946762404891
2020-08-07,10092.333752706809,4218.946762404891
2020-08-08,10204.195359347537,5162.903565404604
2020-08-09,10106.804794143458,5162.903565404604
2020-08-10,10186.020538358189,5162.903565404604
2020-08-11,9929.124803224364,5162.903565404604
2020-08-12,9972.808401136075,5757.538650581301
2020-08-13,10126.885715657492,5757.538650581301
2020-08-14,10170.903592261746,7383.716164456344
2020-08-15,10162.413915322735,7383.716164456344
2020-08-16,10187.080684747147,7383.716164456344
2020-08-17,10243.380804053551,7383.716164456344
2020-08-18,10158.487118474706,7383.716164456344
2020-08-19,10073.624090285748,7383.716164456344
2020-08-20,10098.770805760367,8254.477558037326
2020-08-21,10012.693622257137,8254.477558037326
2020-08-22,10010.84086954074,10010.84086954074
2020-08-23,10010.84086954074,10010.84086954074
2020-08-24,10010.84086954074,10010.84086954074
2020-08-25,10010.84086954074,10010.84086954074
2020-08-26,10011.596420413927,7546.497134145513
2020-08-27,10007.412376988537,10007.412376988537
2020-08-28,10056.431492321559,8066.864891081202
2020-08-29,10071.513950548375,8066.864891081202
2020-08-30,10139.018933485873,8066.864891081202
2020-08-31,10125.327575775123,8066.864891081202
2020-09-01,10123.2696277061,10123.2696277061
2020-09-02,10123.2696277061,10123.2696277061
2020-09-03,10123.2696277061,10123.2696277061
2020-09-04,10123.2696277061,10123.2696277061
2020-09-05,10123.2696277061,10123.2696277061
2020-09-06,10123.2696277061,10123.2696277061
2020-09-07,10123.2696277061,10123.2696277061
2020-09-08,10123.2696277061,10123.2696277061
2020-09-09,10123.2696277061,10123.2696277061
2020-09-10,10123.2696277061,10123.2696277061
2020-09-11,10123.2696277061,10123.2696277061
2020-09-12,10123.2696277061,10123.2696277061
2020-09-13,10123.2696277061,10123.2696277061
2020-09-14,10123.2696277061,10123.2696277061
2020-09-15,10123.2696277061,10123.2696277061
2020-09-16,10123.2696277061,10123.2696277061
2020-09-17,10123.2696277061,10123.2696277061
2020-09-18,10123.2696277061,10123.2696277061
2020-09-19,10123.2696277061,10123.2696277061
2020-09-20,10123.2696277061,10123.2696277061
2020-09-21,10123.2696277061,10123.2696277061
2020-09-22,10123.2696277061,10123.2696277061
2020-09-23,10123.2696277061,10123.2696277061
2020-09-24,10123.2696277061,10123.2696277061
2020-09-25,10123.2696277061,10123.2696277061
2020-09-26,10123.2696277061,10123.2696277061
2020-09-27,10123.2696277061,10123.2696277061
2020-09-28,10123.2696277061,10123.2696277061
2020-09-29,10123.2696277061,10123.2696277061
2020-09-30,10123.2696277061,10123.2696277061
2020-10-01,10123.2696277061,10123.2696277061
2020-10-02,10123.2696277061,10123.2696277061
2020-10-03,10123.2696277061,10123.2696277061
2020-10-04,10123.2696277061,10123.2696277061
2020-10-05,10123.2696277061,10123.2696277061
2020-10-06,10123.2696277061,10123.2696277061
2020-10-07,10123.2696277061,10123.2696277061
2020-10-08,10123.2696277061,10123.2696277061
2020-10-09,10123.2696277061,10123.2696277061
2020-10-10,10053.566604582154,13157.214291340897
2020-10-11,10050.462180983473,10050.462180983473
2020-10-12,10005.218956037123,13062.58644739676
2020-10-13,10002.16347892219,10002.16347892219
2020-10-14,9999.86772322327,12999.815245502754
2020-10-15,9976.948828193765,12999.815245502754
2020-10-16,10025.766100880708,12999.815245502754
2020-10-17,10015.025249925691,12999.815245502754
2020-10-18,10012.01078331691,10012.01078331691
2020-10-19,10012.01078331691,10012.01078331691
2020-10-20,10012.01078331691,10012.01078331691
2020-10-21,10012.01078331691,10012.01078331691
2020-10-22,10012.01078331691,10012.01078331691
2020-10-23,10012.414171232365,13011.817353352948
2020-10-24,10018.998033192136,13011.817353352948
2020-10-25,10000.495110787955,13011.817353352948
2020-10-26,9986.646297700165,13011.817353352948
2020-10-27,9982.711343114825,9982.711343114825
2020-10-28,9982.711343114825,9982.711343114825
2020-10-29,9982.711343114825,9982.711343114825
2020-10-30,9982.711343114825,9982.711343114825
2020-10-31,9982.711343114825,9982.711343114825
2020-11-01,9982.711343114825,9982.711343114825
2020-11-02,9982.711343114825,9982.711343114825
2020-11-03,9982.711343114825,9982.711343114825
2020-11-04,9982.711343114825,9982.711343114825
2020-11-05,9982.711343114825,9982.711343114825
2020-11-06,9982.711343114825,9982.711343114825
2020-11-07,9982.711343114825,9982.711343114825
2020-11-08,9982.711343114825,9982.711343114825
2020-11-09,9982.711343114825,9982.711343114825
2020-11-10,9982.711343114825,9982.711343114825
2020-11-11,9982.711343114825,9982.711343114825
2020-11-12,9982.711343114825,9982.711343114825
2020-11-13,9982.711343114825,9982.711343114825
2020-11-14,9982.711343114825,9982.711343114825
2020-11-15,9982.711343114825,9982.711343114825
2020-11-16,9982.711343114825,9982.711343114825
2020-11-17,9982.711343114825,9982.711343114825
2020-11-18,9982.711343114825,9982.711343114825
2020-11-19,9982.711343114825,9982.711343114825
2020-11-20,9982.711343114825,9982.711343114825
2020-11-21,9982.711343114825,9982.711343114825
2020-11-22,9982.711343114825,9982.711343114825
2020-11-23,9982.711343114825,9982.711343114825
2020-11-24,9982.711343114825,9982.711343114825
2020-11-25,9982.711343114825,9982.711343114825
2020-11-26,9982.711343114825,9982.711343114825
2020-11-27,9982.711343114825,9982.711343114825
2020-11-28,9982.711343114825,9982.711343114825
2020-11-29,9982.711343114825,9982.711343114825
2020-11-30,9982.711343114825,9982.711343114825
2020-12-01,9982.711343114825,9982.711343114825
2020-12-02,9982.711343114825,9982.711343114825
2020-12-03,9982.711343114825,9982.711343114825
2020-12-04,9982.711343114825,9982.711343114825
2020-12-05,9982.711343114825,9982.711343114825
2020-12-06,9982.711343114825,9982.711343114825
2020-12-07,9982.711343114825,9982.711343114825
2020-12-08,9982.711343114825,9982.711343114825
2020-12-09,9982.711343114825,9982.711343114825
2020-12-10,9982.711343114825,9982.711343114825
2020-12-11,9982.711343114825,9982.711343114825
2020-12-12,9982.711343114825,9982.711343114825
2020-12-13,9992.432349722501,9231.65650534728
2020-12-14,9968.364195393488,9231.65650534728
2020-12-15,9924.71567181958,9231.65650534728
2020-12-16,10075.019444207777,9231.65650534728
2020-12-17,10086.113011956964,9231.65650534728
2020-12-18,10085.184787242353,10085.184787242353
2020-12-19,10085.184787242353,10085.184787242353
2020-12-20,10085.184787242353,10085.184787242353
2020-12-21,10085.184787242353,10085.184787242353
2020-12-22,10085.184787242353,10085.184787242353
2020-12-23,10085.184787242353,10085.184787242353
2020-12-24,10085.184787242353,10085.184787242353
2020-12-25,10085.184787242353,10085.184787242353
2020-12-26,10085.184787242353,10085.184787242353
2020-12-27,10085.184787242353,10085.184787242353
2020-12-28,10085.184787242353,10085.184787242353
2020-12-29,10085.184787242353,10085.184787242353
2020-12-30,10085.184787242353,10085.184787242353
2020-12-31,10085.184787242353,10085.184787242353
2021-01-01,10085.184787242353,10085.184787242353
2021-01-02,10085.184787242353,10085.184787242353
2021-01-03,10085.184787242353,10085.184787242353
2021-01-04,10085.184787242353,10085.184787242353
2021-01-05,10085.184787242353,10085.184787242353
2021-01-06,10085.184787242353,10085.184787242353
2021-01-07,10085.184787242353,10085.184787242353
2021-01-08,10085.184787242353,10085.184787242353
2021-01-09,9706.903677175378,11527.441950428642
2021-01-10,9699.048465513242,9699.048465513242
2021-01-11,9699.048465513242,9699.048465513242
2021-01-12,9699.048465513242,9699.048465513242
2021-01-13,9699.048465513242,9699.048465513242
2021-01-14,9699.048465513242,9699.048465513242
2021-01-15,9699.048465513242,9699.048465513242
2021-01-16,9699.048465513242,9699.048465513242
2021-01-17,9699.048465513242,9699.048465513242
2021-01-18,9699.048465513242,9699.048465513242
2021-01-19,9699.048465513242,9699.048465513242
2021-01-20,9699.048465513242,9699.048465513242
2021-01-21,9699.048465513242,9699.048465513242
2021-01-22,9699.048465513242,9699.048465513242
2021-01-23,9699.048465513242,9699.048465513242
2021-01-24,9699.048465513242,9699.048465513242
2021-01-25,9699.048465513242,9699.048465513242
2021-01-26,9699.048465513242,9699.048465513242
2021-01-27,9699.048465513242,9699.048465513242
2021-01-28,9699.048465513242,9699.048465513242
2021-01-29,9699.048465513242,9699.048465513242
2021-01-30,9699.048465513242,9699.048465513242
2021-01-31,9699.048465513242,9699.048465513242
2021-02-01,9699.048465513242,9699.048465513242
2021-02-02,9699.048465513242,9699.048465513242
2021-02-03,9699.048465513242,9699.048465513242
2021-02-04,9699.048465513242,9699.048465513242
2021-02-05,9699.048465513242,9699.048465513242
2021-02-06,9699.048465513242,9699.048465513242
2021-02-07,9699.048465513242,9699.048465513242
2021-02-08,9699.048465513242,9699.048465513242
2021-02-09,9699.048465513242,9699.048465513242
2021-02-10,9699.048465513242,9699.048465513242
2021-02-11,9699.048465513242,9699.048465513242
2021-02-12,9699.048465513242,9699.048465513242
2021-02-13,9699.048465513242,9699.048465513242
2021-02-14,9699.048465513242,9699.048465513242
2021-02-15,9699.048465513242,9699.048465513242
2021-02-16,9699.048465513242,9699.048465513242
2021-02-17,9699.048465513242,9699.048465513242
2021-02-18,9699.048465513242,9699.048465513242
2021-02-19,9699.048465513242,9699.048465513242
2021-02-20,9699.048465513242,9699.048465513242
2021-02-21,9699.048465513242,9699.048465513242
2021-02-22,9699.048465513242,9699.048465513242
2021-02-23,9699.048465513242,9699.048465513242
2021-02-24,9699.048465513242,9699.048465513242
2021-02-25,9699.048465513242,9699.048465513242
2021-02-26,9669.025844130158,8556.178742007738
2021-02-27,9679.45645057402,8556.178742007738
2021-02-28,9649.451124060844,8556.178742007738
2021-03-01,9765.528212610401,8556.178742007738
2021-03-02,9701.52712078204,8556.178742007738
2021-03-03,9763.856542301452,8556.178742007738
2021-03-04,9741.932239539836,8556.178742007738
2021-03-05,9733.519963146411,8556.178742007738
2021-03-06,9827.534085037758,8556.178742007738
2021-03-07,9885.934696153645,8556.178742007738
2021-03-08,9884.836148084094,9884.836148084094
2021-03-09,9884.836148084094,9884.836148084094
2021-03-10,9884.836148084094,9884.836148084094
2021-03-11,9884.836148084094,9884.836148084094
2021-03-12,9884.836148084094,9884.836148084094
2021-03-13,9884.836148084094,9884.836148084094
2021-03-14,9884.836148084094,9884.836148084094
2021-03-15,9884.836148084094,9884.836148084094
2021-03-16,9884.836148084094,9884.836148084094
2021-03-17,9884.836148084094,9884.836148084094
2021-03-18,9884.836148084094,9884.836148084094
2021-03-19,9884.836148084094,9884.836148084094
2021-03-20,9884.836148084094,9884.836148084094
2021-03-21,9884.836148084094,9884.836148084094
2021-03-22,9884.836148084094,9884.836148084094
2021-03-23,9884.836148084094,9884.836148084094
2021-03-24,9884.836148084094,9884.836148084094
2021-03-25,9884.836148084094,9884.836148084094
2021-03-26,9884.836148084094,9884.836148084094
2021-03-27,9884.836148084094,9884.836148084094
2021-03-28,9884.836148084094,9884.836148084094
2021-03-29,9884.836148084094,9884.836148084094
2021-03-30,9884.836148084094,9884.836148084094
2021-03-31,9884.836148084094,9884.836148084094
2021-04-01,9884.836148084094,9884.836148084094
2021-04-02,9884.836148084094,9884.836148084094
2021-04-03,9884.836148084094,9884.836148084094
2021-04-04,9884.836148084094,9884.836148084094
2021-04-05,9884.836148084094,9884.836148084094
2021-04-06,9884.836148084094,9884.836148084094
2021-04-07,9884.836148084094,9884.836148084094
2021-04-08,9884.836148084094,9884.836148084094
2021-04-09,9884.836148084094,9884.836148084094
2021-04-10,9884.836148084094,9884.836148084094
2021-04-11,9884.836148084094,9884.836148084094
2021-04-12,9884.836148084094,9884.836148084094
2021-04-13,9884.836148084094,9884.836148084094
2021-04-14,9884.836148084094,9884.836148084094
2021-04-15,9884.836148084094,9884.836148084094
2021-04-16,9884.836148084094,9884.836148084094
2021-04-17,9884.836148084094,9884.836148084094
2021-04-18,9884.836148084094,9884.836148084094
2021-04-19,9884.836148084094,9884.836148084094
2021-04-20,9884.836148084094,9884.836148084094
2021-04-21,9884.836148084094,9884.836148084094
2021-04-22,9884.836148084094,9884.836148084094
2021-04-23,9884.836148084094,9884.836148084094
2021-04-24,9884.836148084094,9884.836148084094
2021-04-25,9884.836148084094,9884.836148084094
2021-04-26,9884.836148084094,9884.836148084094
2021-04-27,9884.836148084094,9884.836148084094
2021-04-28,9884.836148084094,9884.836148084094
2021-04-29,9884.836148084094,9884.836148084094
2021-04-30,9884.836148084094,9884.836148084094
2021-05-01,9884.836148084094,9884.836148084094
2021-05-02,9884.836148084094,9884.836148084094
2021-05-03,9884.836148084094,9884.836148084094
2021-05-04,9884.836148084094,9884.836148084094
2021-05-05,9884.836148084094,9884.836148084094
2021-05-06,9884.836148084094,9884.836148084094
2021-05-07,9884.836148084094,9884.836148084094
2021-05-08,9884.836148084094,9884.836148084094
2021-05-09,9884.836148084094,9884.836148084094
2021-05-10,9884.836148084094,9884.836148084094
2021-05-11,9884.836148084094,9884.836148084094
2021-05-12,9884.836148084094,9884.836148084094
2021-05-13,9884.836148084094,9884.836148084094
2021-05-14,9884.836148084094,9884.836148084094
2021-05-15,9884.836148084094,9884.836148084094
2021-05-16,9884.836148084094,9884.836148084094
2021-05-17,9884.836148084094,9884.836148084094
2021-05-18,9874.290461896884,8732.83085208618
2021-05-19,9485.293397105916,8732.83085208618
2021-05-20,9549.10434886513,8987.882834018186
2021-05-21,9351.567314076217,8299.151912680645
2021-05-22,9289.516348383195,8283.651289883484
2021-05-23,9013.109943481679,7370.0684310669685
2021-05-24,9491.790047659482,7370.0684310669685
2021-05-25,9477.122498888253,7370.0684310669685
2021-05-26,9694.601734125408,7370.0684310669685
2021-05-27,9609.182467602264,7370.0684310669685
2021-05-28,9416.701346439408,7952.508322911137
2021-05-29,9361.33133973813,8424.203752748492
2021-05-30,9404.180267341555,8424.203752748492
2021-05-31,9540.274544164666,8424.203752748492
2021-06-01,9497.421824440851,8424.203752748492
2021-06-02,9557.827704665746,8424.203752748492
2021-06-03,9593.870937554466,8902.926201770888
2021-06-04,9593.180165554866,9593.180165554866
2021-06-05,9593.180165554866,9593.180165554866
2021-06-06,9593.180165554866,9593.180165554866
2021-06-07,9593.180165554866,9593.180165554866
2021-06-08,9593.180165554866,9593.180165554866
2021-06-09,9593.180165554866,9593.180165554866
2021-06-10,9593.180165554866,9593.180165554866
2021-06-11,9593.180165554866,9593.180165554866
2021-06-12,9593.180165554866,9593.180165554866
2021-06-13,9593.180165554866,9593.180165554866
2021-06-14,9593.180165554866,9593.180165554866
2021-06-15,9593.180165554866,9593.180165554866
2021-06-16,9593.180165554866,9593.180165554866
2021-06-17,9593.180165554866,9593.180165554866
2021-06-18,9593.180165554866,9593.180165554866
2021-06-19,9593.180165554866,9593.180165554866
2021-06-20,9593.180165554866,9593.180165554866
2021-06-21,9593.180165554866,9593.180165554866
2021-06-22,9593.180165554866,9593.180165554866
2021-06-23,9593.180165554866,9593.180165554866
2021-06-24,9593.180165554866,9593.180165554866
2021-06-25,9593.180165554866,9593.180165554866
2021-06-26,9593.180165554866,9593.180165554866
2021-06-27,9593.180165554866,9593.180165554866
2021-06-28,9593.180165554866,9593.180165554866
2021-06-29,9593.180165554866,9593.180165554866
2021-06-30,9593.180165554866,9593.180165554866
2021-07-01,9593.180165554866,9593.180165554866
2021-07-02,9593.180165554866,9593.180165554866
2021-07-03,9593.180165554866,9593.180165554866
2021-07-04,9593.180165554866,9593.180165554866
2021-07-05,9593.180165554866,9593.180165554866
2021-07-06,9593.180165554866,9593.180165554866
2021-07-07,9593.180165554866,9593.180165554866
2021-07-08,9593.180165554866,9593.180165554866
2021-07-09,9593.180165554866,9593.180165554866
2021-07-10,9593.180165554866,9593.180165554866
2021-07-11,9593.180165554866,9593.180165554866
2021-07-12,9593.180165554866,9593.180165554866
2021-07-13,9593.180165554866,9593.180165554866
2021-07-14,9593.180165554866,9593.180165554866
2021-07-15,9593.180165554866,9593.180165554866
2021-07-16,9593.180165554866,9593.180165554866
2021-07-17,9593.180165554866,9593.180165554866
2021-07-18,9593.180165554866,9593.180165554866
2021-07-19,9593.180165554866,9593.180165554866
2021-07-20,9593.180165554866,9593.180165554866
2021-07-21,9593.180165554866,9593.180165554866
2021-07-22,9593.180165554866,9593.180165554866
2021-07-23,9593.180165554866,9593.180165554866
2021-07-24,9593.180165554866,9593.180165554866
2021-07-25,9593.180165554866,9593.180165554866
2021-07-26,9593.180165554866,9593.180165554866
2021-07-27,9593.180165554866,9593.180165554866
2021-07-28,9593.180165554866,9593.180165554866
2021-07-29,9544.672076022529,11702.570257230142
2021-07-30,9535.162108076504,11702.570257230142
2021-07-31,9597.994961238961,14419.353211936268
2021-08-01,9764.967985028405,14419.353211936268
2021-08-02,9770.149097996198,14419.353211936268
2021-08-03,9838.004082548327,11894.462605664981
2021-08-04,9787.860615196547,11894.462605664981
2021-08-05,9782.961540800108,11894.462605664981
2021-08-06,9780.849511859977,9780.849511859977
2021-08-07,9780.849511859977,9780.849511859977
2021-08-08,9780.849511859977,9780.849511859977
2021-08-09,9780.849511859977,9780.849511859977
2021-08-10,9780.849511859977,9780.849511859977
2021-08-11,9780.849511859977,9780.849511859977
2021-08-12,9780.849511859977,9780.849511859977
2021-08-13,9780.849511859977,9780.849511859977
2021-08-14,9780.849511859977,9780.849511859977
2021-08-15,9780.849511859977,9780.849511859977
2021-08-16,9780.849511859977,9780.849511859977
2021-08-17,9780.849511859977,9780.849511859977
2021-08-18,9780.849511859977,9780.849511859977
2021-08-19,9780.849511859977,9780.849511859977
2021-08-20,9780.849511859977,9780.849511859977
2021-08-21,9780.849511859977,9780.849511859977
2021-08-22,9780.849511859977,9780.849511859977
2021-08-23,9780.849511859977,9780.849511859977
2021-08-24,9780.849511859977,9780.849511859977
2021-08-25,9780.849511859977,9780.849511859977
2021-08-26,9780.849511859977,9780.849511859977
2021-08-27,9780.849511859977,9780.849511859977
2021-08-28,9780.849511859977,9780.849511859977
2021-08-29,9780.849511859977,9780.849511859977
2021-08-30,9780.849511859977,9780.849511859977
2021-08-31,9780.849511859977,9780.849511859977
2021-09-01,9780.849511859977,9780.849511859977
2021-09-02,9780.849511859977,9780.849511859977
2021-09-03,9780.849511859977,9780.849511859977
2021-09-04,9780.849511859977,9780.849511859977
2021-09-05,9780.849511859977,9780.849511859977
2021-09-06,9780.849511859977,9780.849511859977
2021-09-07,9780.849511859977,9780.849511859977
2021-09-08,9780.849511859977,9780.849511859977
2021-09-09,9780.849511859977,9780.849511859977
2021-09-10,9780.849511859977,9780.849511859977
2021-09-11,9913.061442761102,7210.143244277735
2021-09-12,9925.569648405375,7210.143244277735
2021-09-13,9778.72635849573,7210.143244277735
2021-09-14,9829.872120935504,7210.143244277735
2021-09-15,9942.484181125032,7210.143244277735
2021-09-16,9875.467036271086,7210.143244277735
2021-09-17,9780.479534027912,7210.143244277735
2021-09-18,9805.10656969797,7210.143244277735
2021-09-19,9755.503426600138,7210.143244277735
2021-09-20,9499.667678999916,7210.143244277735
2021-09-21,9429.139360472613,8205.183808471385
2021-09-22,9427.9157109095,9427.9157109095
2021-09-23,9427.9157109095,9427.9157109095
2021-09-24,9427.9157109095,9427.9157109095
2021-09-25,9427.9157109095,9427.9157109095
2021-09-26,9427.9157109095,9427.9157109095
2021-09-27,9427.9157109095,9427.9157109095
2021-09-28,9427.9157109095,9427.9157109095
2021-09-29,9427.9157109095,9427.9157109095
2021-09-30,9427.9157109095,9427.9157109095
2021-10-01,9427.9157109095,9427.9157109095
2021-10-02,9427.9157109095,9427.9157109095
2021-10-03,9427.9157109095,9427.9157109095
2021-10-04,9427.9157109095,9427.9157109095
2021-10-05,9427.9157109095,9427.9157109095
2021-10-06,9427.9157109095,9427.9157109095
2021-10-07,9494.193411024537,11911.834554643612
2021-10-08,9486.722285416407,11911.834554643612
2021-10-09,9441.84923335371,11911.834554643612
2021-10-10,9454.917073055267,11911.834554643612
2021-10-11,9328.50217561212,11911.834554643612
2021-10-12,9325.918197399995,9325.918197399995
2021-10-13,9325.918197399995,9325.918197399995
2021-10-14,9325.918197399995,9325.918197399995
2021-10-15,9325.918197399995,9325.918197399995
2021-10-16,9325.918197399995,9325.918197399995
2021-10-17,9325.918197399995,9325.918197399995
2021-10-18,9325.918197399995,9325.918197399995
2021-10-19,9325.918197399995,9325.918197399995
2021-10-20,9325.918197399995,9325.918197399995
2021-10-21,9325.918197399995,9325.918197399995
2021-10-22,9325.918197399995,9325.918197399995
2021-10-23,9325.918197399995,9325.918197399995
2021-10-24,9325.918197399995,9325.918197399995
2021-10-25,9325.918197399995,9325.918197399995
2021-10-26,9325.918197399995,9325.918197399995
2021-10-27,9325.918197399995,9325.918197399995
2021-10-28,9325.918197399995,9325.918197399995
2021-10-29,9325.918197399995,9325.918197399995
2021-10-30,9325.918197399995,9325.918197399995
2021-10-31,9325.918197399995,9325.918197399995
2021-11-01,9325.918197399995,9325.918197399995
2021-11-02,9325.918197399995,9325.918197399995
2021-11-03,9325.918197399995,9325.918197399995
2021-11-04,9325.918197399995,9325.918197399995
2021-11-05,9325.918197399995,9325.918197399995
2021-11-06,9325.918197399995,9325.918197399995
2021-11-07,9325.918197399995,9325.918197399995
2021-11-08,9325.918197399995,9325.918197399995
2021-11-09,9325.918197399995,9325.918197399995
2021-11-10,9325.918197399995,9325.918197399995
2021-11-11,9325.918197399995,9325.918197399995
2021-11-12,9325.918197399995,9325.918197399995
2021-11-13,9325.918197399995,9325.918197399995
2021-11-14,9325.918197399995,9325.918197399995
2021-11-15,9325.918197399995,9325.918197399995
2021-11-16,9325.918197399995,9325.918197399995
2021-11-17,9325.918197399995,9325.918197399995
2021-11-18,9325.918197399995,9325.918197399995
2021-11-19,9325.918197399995,9325.918197399995
2021-11-20,9325.918197399995,9325.918197399995
2021-11-21,9325.918197399995,9325.918197399995
2021-11-22,9325.918197399995,9325.918197399995
2021-11-23,9325.918197399995,9325.918197399995
2021-11-24,9325.918197399995,9325.918197399995
2021-11-25,9325.918197399995,9325.918197399995
2021-11-26,9325.918197399995,9325.918197399995
2021-11-27,9325.918197399995,9325.918197399995
2021-11-28,9325.918197399995,9325.918197399995
2021-11-29,9325.918197399995,9325.918197399995
2021-11-30,9325.918197399995,9325.918197399995
2021-12-01,9325.918197399995,9325.918197399995
2021-12-02,9325.918197399995,9325.918197399995
2021-12-03,9325.918197399995,9325.918197399995
2021-12-04,9325.918197399995,9325.918197399995
2021-12-05,9325.918197399995,9325.918197399995
2021-12-06,9325.918197399995,9325.918197399995
2021-12-07,9325.918197399995,9325.918197399995
2021-12-08,9325.918197399995,9325.918197399995
2021-12-09,9325.918197399995,9325.918197399995
2021-12-10,9325.918197399995,9325.918197399995
2021-12-11,9325.918197399995,9325.918197399995
2021-12-12,9325.918197399995,9325.918197399995
2021-12-13,9325.918197399995,9325.918197399995
2021-12-14,9325.918197399995,9325.918197399995
2021-12-15,9325.918197399995,9325.918197399995
2021-12-16,9325.918197399995,9325.918197399995
2021-12-17,9325.918197399995,9325.918197399995
2021-12-18,9325.918197399995,9325.918197399995
2021-12-19,9325.918197399995,9325.918197399995
2021-12-20,9325.918197399995,9325.918197399995
2021-12-21,9325.918197399995,9325.918197399995
2021-12-22,9325.918197399995,9325.918197399995
2021-12-23,9325.918197399995,9325.918197399995
2021-12-24,9451.356896215173,10852.444633311425
2021-12-25,9430.29830927253,10852.444633311425
2021-12-26,9438.291349571926,10852.444633311425
2021-12-27,9427.68519994388,10852.444633311425
2021-12-28,9565.102044188552,11262.964630446333
2021-12-29,9647.569655521072,11262.964630446333
2021-12-30,9614.825162786101,11262.964630446333
2021-12-31,9613.176611283574,9613.176611283574
2022-01-01,9613.176611283574,9613.176611283574
2022-01-02,9613.176611283574,9613.176611283574
2022-01-03,9613.176611283574,9613.176611283574
2022-01-04,9613.176611283574,9613.176611283574
2022-01-05,9613.176611283574,9613.176611283574
2022-01-06,9613.176611283574,9613.176611283574
2022-01-07,9613.176611283574,9613.176611283574
2022-01-08,9613.176611283574,9613.176611283574
2022-01-09,9613.176611283574,9613.176611283574
2022-01-10,9613.176611283574,9613.176611283574
2022-01-11,9613.176611283574,9613.176611283574
2022-01-12,9613.176611283574,9613.176611283574
2022-01-13,9613.176611283574,9613.176611283574
2022-01-14,9613.176611283574,9613.176611283574
2022-01-15,9613.176611283574,9613.176611283574
2022-01-16,9613.176611283574,9613.176611283574
2022-01-17,9613.176611283574,9613.176611283574
2022-01-18,9613.176611283574,9613.176611283574
2022-01-19,9613.176611283574,9613.176611283574
2022-01-20,9613.176611283574,9613.176611283574
2022-01-21,9613.176611283574,9613.176611283574
2022-01-22,9613.176611283574,9613.176611283574
2022-01-23,9613.176611283574,9613.176611283574
2022-01-24,9613.176611283574,9613.176611283574
2022-01-25,9613.176611283574,9613.176611283574
2022-01-26,9613.176611283574,9613.176611283574
2022-01-27,9613.176611283574,9613.176611283574
2022-01-28,9613.176611283574,9613.176611283574
2022-01-29,9613.176611283574,9613.176611283574
2022-01-30,9613.176611283574,9613.176611283574
2022-01-31,9613.176611283574,9613.176611283574
2022-02-01,9613.176611283574,9613.176611283574
2022-02-02,9613.176611283574,9613.176611283574
2022-02-03,9613.176611283574,9613.176611283574
2022-02-04,9613.176611283574,9613.176611283574
2022-02-05,9613.176611283574,9613.176611283574
2022-02-06,9613.176611283574,9613.176611283574
2022-02-07,9613.176611283574,9613.176611283574
2022-02-08,9531.505663675756,15871.417173422702
2022-02-09,9370.64579738499,14981.394718903155
2022-02-10,9569.714566557719,16897.370318514295
2022-02-11,10036.632386233512,16897.370318514295
2022-02-12,9898.158242809279,16897.370318514295
2022-02-13,9957.10872715198,15664.291592467074
2022-02-14,9939.059253970016,14028.254097762047
2022-02-15,9718.46002314764,14028.254097762047
2022-02-16,9787.96825542823,14028.254097762047
2022-02-17,10120.37105836248,14028.254097762047
2022-02-18,10085.086589365073,11813.593454878828
2022-02-19,10002.409283935525,11813.593454878828
2022-02-20,10100.740159193068,11813.593454878828
2022-02-21,10099.026877684058,10099.026877684058
2022-02-22,10099.026877684058,10099.026877684058
2022-02-23,10099.026877684058,10099.026877684058
2022-02-24,10099.026877684058,10099.026877684058
2022-02-25,10099.026877684058,10099.026877684058
2022-02-26,10099.026877684058,10099.026877684058
2022-02-27,10099.026877684058,10099.026877684058
2022-02-28,10099.026877684058,10099.026877684058
2022-03-01,10099.026877684058,10099.026877684058
2022-03-02,10099.026877684058,10099.026877684058
2022-03-03,10099.026877684058,10099.026877684058
2022-03-04,10099.026877684058,10099.026877684058
2022-03-05,10099.026877684058,10099.026877684058
2022-03-06,10099.026877684058,10099.026877684058
2022-03-07,10099.026877684058,10099.026877684058
2022-03-08,10099.026877684058,10099.026877684058
2022-03-09,10099.026877684058,10099.026877684058
2022-03-10,10099.026877684058,10099.026877684058
2022-03-11,10099.026877684058,10099.026877684058
2022-03-12,10099.026877684058,10099.026877684058
2022-03-13,10099.026877684058,10099.026877684058
2022-03-14,10099.026877684058,10099.026877684058
2022-03-15,10099.026877684058,10099.026877684058
2022-03-16,10099.026877684058,10099.026877684058
2022-03-17,10099.026877684058,10099.026877684058
2022-03-18,10099.026877684058,10099.026877684058
2022-03-19,10099.026877684058,10099.026877684058
2022-03-20,10099.026877684058,10099.026877684058
2022-03-21,10099.026877684058,10099.026877684058
2022-03-22,10099.026877684058,10099.026877684058
2022-03-23,10099.026877684058,10099.026877684058
2022-03-24,10099.026877684058,10099.026877684058
2022-03-25,10099.026877684058,10099.026877684058
2022-03-26,10099.026877684058,10099.026877684058
2022-03-27,10099.026877684058,10099.026877684058
2022-03-28,10099.026877684058,10099.026877684058
2022-03-29,10099.026877684058,10099.026877684058
2022-03-30,10099.026877684058,10099.026877684058
2022-03-31,10099.026877684058,10099.026877684058
2022-04-01,10099.026877684058,10099.026877684058
2022-04-02,10099.026877684058,10099.026877684058
2022-04-03,10099.026877684058,10099.026877684058
2022-04-04,10099.026877684058,10099.026877684058
2022-04-05,10099.026877684058,10099.026877684058
2022-04-06,10099.026877684058,10099.026877684058
2022-04-07,10099.026877684058,10099.026877684058
2022-04-08,10099.026877684058,10099.026877684058
2022-04-09,10099.026877684058,10099.026877684058
2022-04-10,10099.026877684058,10099.026877684058
2022-04-11,10099.026877684058,10099.026877684058
2022-04-12,10157.27293467454,8571.646848659206
2022-04-13,10188.819422249715,8571.646848659206
2022-04-14,10120.74542274539,8571.646848659206
2022-04-15,10158.933276125865,8571.646848659206
2022-04-16,10150.631568869241,8571.646848659206
2022-04-17,10147.394297370252,10147.394297370252
2022-04-18,10147.394297370252,10147.394297370252
2022-04-19,10147.394297370252,10147.394297370252
2022-04-20,10147.394297370252,10147.394297370252
2022-04-21,10147.394297370252,10147.394297370252
2022-04-22,10147.394297370252,10147.394297370252
2022-04-23,10147.394297370252,10147.394297370252
2022-04-24,10147.394297370252,10147.394297370252
2022-04-25,10147.394297370252,10147.394297370252
2022-04-26,10147.394297370252,10147.394297370252
2022-04-27,10147.394297370252,10147.394297370252
2022-04-28,10147.394297370252,10147.394297370252
2022-04-29,10147.394297370252,10147.394297370252
2022-04-30,10147.394297370252,10147.394297370252
2022-05-01,10147.394297370252,10147.394297370252
2022-05-02,10147.394297370252,10147.394297370252
2022-05-03,10147.394297370252,10147.394297370252
2022-05-04,10147.394297370252,10147.394297370252
2022-05-05,10147.394297370252,10147.394297370252
2022-05-06,10147.394297370252,10147.394297370252
2022-05-07,10147.394297370252,10147.394297370252
2022-05-08,10147.394297370252,10147.394297370252
2022-05-09,10147.394297370252,10147.394297370252
2022-05-10,10147.394297370252,10147.394297370252
2022-05-11,10147.394297370252,10147.394297370252
2022-05-12,10147.394297370252,10147.394297370252
2022-05-13,10147.394297370252,10147.394297370252
2022-05-14,10147.394297370252,10147.394297370252
2022-05-15,10147.394297370252,10147.394297370252
2022-05-16,10147.394297370252,10147.394297370252
2022-05-17,10147.394297370252,10147.394297370252
2022-05-18,10147.394297370252,10147.394297370252
2022-05-19,10147.394297370252,10147.394297370252
2022-05-20,10147.394297370252,10147.394297370252
2022-05-21,10147.394297370252,10147.394297370252
2022-05-22,10147.394297370252,10147.394297370252
2022-05-23,10147.394297370252,10147.394297370252
2022-05-24,10147.394297370252,10147.394297370252
2022-05-25,10147.394297370252,10147.394297370252
2022-05-26,10147.394297370252,10147.394297370252
2022-05-27,10147.394297370252,10147.394297370252
2022-05-28,10147.394297370252,10147.394297370252
2022-05-29,10147.394297370252,10147.394297370252
2022-05-30,10147.394297370252,10147.394297370252
2022-05-31,10147.394297370252,10147.394297370252
2022-06-01,10147.394297370252,10147.394297370252
2022-06-02,10147.394297370252,10147.394297370252
2022-06-03,10147.394297370252,10147.394297370252
2022-06-04,10147.394297370252,10147.394297370252
2022-06-05,10147.394297370252,10147.394297370252
2022-06-06,10147.394297370252,10147.394297370252
2022-06-07,10147.394297370252,10147.394297370252
2022-06-08,10147.394297370252,10147.394297370252
2022-06-09,10147.394297370252,10147.394297370252
2022-06-10,10147.394297370252,10147.394297370252
2022-06-11,10147.394297370252,10147.394297370252
2022-06-12,10147.394297370252,10147.394297370252
2022-06-13,10147.394297370252,10147.394297370252
2022-06-14,10147.394297370252,10147.394297370252
2022-06-15,10147.394297370252,10147.394297370252
2022-06-16,10147.394297370252,10147.394297370252
2022-06-17,10147.394297370252,10147.394297370252
2022-06-18,10147.394297370252,10147.394297370252
2022-06-19,10147.394297370252,10147.394297370252
2022-06-20,10147.394297370252,10147.394297370252
2022-06-21,10147.394297370252,10147.394297370252
2022-06-22,10147.394297370252,10147.394297370252
2022-06-23,10147.394297370252,10147.394297370252
2022-06-24,10147.394297370252,10147.394297370252
2022-06-25,10147.394297370252,10147.394297370252
2022-06-26,10147.394297370252,10147.394297370252
2022-06-27,10147.394297370252,10147.394297370252
2022-06-28,10147.394297370252,10147.394297370252
2022-06-29,10147.394297370252,10147.394297370252
2022-06-30,10147.394297370252,10147.394297370252
2022-07-01,10147.394297370252,10147.394297370252
2022-07-02,10147.394297370252,10147.394297370252
2022-07-03,10147.394297370252,10147.394297370252
2022-07-04,10147.394297370252,10147.394297370252
2022-07-05,10147.394297370252,10147.394297370252
2022-07-06,10147.394297370252,10147.394297370252
2022-07-07,10147.394297370252,10147.394297370252
2022-07-08,10147.394297370252,10147.394297370252
2022-07-09,10147.394297370252,10147.394297370252
2022-07-10,10147.394297370252,10147.394297370252
2022-07-11,10147.394297370252,10147.394297370252
2022-07-12,10147.394297370252,10147.394297370252
2022-07-13,10147.394297370252,10147.394297370252
2022-07-14,10147.394297370252,10147.394297370252
2022-07-15,10147.394297370252,10147.394297370252
2022-07-16,10147.394297370252,10147.394297370252
2022-07-17,10147.394297370252,10147.394297370252
2022-07-18,9790.378755264079,12106.301104745384
2022-07-19,9788.076916680373,9788.076916680373
2022-07-20,9812.232315764493,11725.719705498028
2022-07-21,9744.487231256977,11725.719705498028
2022-07-22,9795.016236185731,11725.719705498028
2022-07-23,9778.164850768975,11725.719705498028
2022-07-24,9716.506386068706,11725.719705498028
2022-07-25,9913.831079034628,11725.719705498028
2022-07-26,9903.35555362257,11725.719705498028
2022-07-27,9668.668572542329,11725.719705498028
2022-07-28,9557.021856325933,11725.719705498028
2022-07-29,9554.8526163023,9554.8526163023
2022-07-30,9554.8526163023,9554.8526163023
2022-07-31,9554.8526163023,9554.8526163023
2022-08-01,9554.8526163023,9554.8526163023
2022-08-02,9554.8526163023,9554.8526163023
2022-08-03,9554.8526163023,9554.8526163023
2022-08-04,9554.8526163023,9554.8526163023
2022-08-05,9554.8526163023,9554.8526163023
2022-08-06,9554.8526163023,9554.8526163023
2022-08-07,9554.8526163023,9554.8526163023
2022-08-08,9554.8526163023,9554.8526163023
2022-08-09,9554.8526163023,9554.8526163023
2022-08-10,9554.8526163023,9554.8526163023
2022-08-11,9554.8526163023,9554.8526163023
2022-08-12,9554.8526163023,9554.8526163023
2022-08-13,9554.8526163023,9554.8526163023
2022-08-14,9554.8526163023,9554.8526163023
2022-08-15,9554.8526163023,9554.8526163023
2022-08-16,9554.8526163023,9554.8526163023
2022-08-17,9554.8526163023,9554.8526163023
2022-08-18,9554.8526163023,9554.8526163023
2022-08-19,9554.8526163023,9554.8526163023
2022-08-20,9554.8526163023,9554.8526163023
2022-08-21,9593.844720847941,8163.140751735203
2022-08-22,9588.07575323055,8163.140751735203
2022-08-23,9632.304504963875,8163.140751735203
2022-08-24,9616.920591317501,8163.140751735203
2022-08-25,9620.766569729094,8163.140751735203
2022-08-26,9495.772271352309,8163.140751735203
2022-08-27,9516.925152616073,8163.140751735203
2022-08-28,9482.311346911732,8163.140751735203
2022-08-29,9561.153904349396,8163.140751735203
2022-08-30,9509.233195792885,8163.140751735203
2022-08-31,9515.002163410276,8163.140751735203
2022-09-01,9543.847001497226,8163.140751735203
2022-09-02,9566.922871966786,8163.140751735203
2022-09-03,9565.519440792086,9565.519440792086
2022-09-04,9565.519440792086,9565.519440792086
2022-09-05,9565.519440792086,9565.519440792086
2022-09-06,9565.519440792086,9565.519440792086
2022-09-07,9565.519440792086,9565.519440792086
2022-09-08,9565.519440792086,9565.519440792086
2022-09-09,9565.519440792086,9565.519440792086
2022-09-10,9565.519440792086,9565.519440792086
2022-09-11,9565.519440792086,9565.519440792086
2022-09-12,9565.519440792086,9565.519440792086
2022-09-13,9565.519440792086,9565.519440792086
2022-09-14,9565.519440792086,9565.519440792086
2022-09-15,9565.519440792086,9565.519440792086
2022-09-16,9565.519440792086,9565.519440792086
2022-09-17,9565.519440792086,9565.519440792086
2022-09-18,9565.519440792086,9565.519440792086
2022-09-19,9565.519440792086,9565.519440792086
2022-09-20,9565.519440792086,9565.519440792086
2022-09-21,9565.519440792086,9565.519440792086
2022-09-22,9565.519440792086,9565.519440792086
2022-09-23,9565.519440792086,9565.519440792086
2022-09-24,9565.519440792086,9565.519440792086
2022-09-25,9565.519440792086,9565.519440792086
2022-09-26,9565.519440792086,9565.519440792086
2022-09-27,9565.519440792086,9565.519440792086
2022-09-28,9565.519440792086,9565.519440792086
2022-09-29,9565.519440792086,9565.519440792086
2022-09-30,9565.519440792086,9565.519440792086
2022-10-01,9565.519440792086,9565.519440792086
2022-10-02,9565.519440792086,9565.519440792086
2022-10-03,9565.519440792086,9565.519440792086
2022-10-04,9565.519440792086,9565.519440792086
2022-10-05,9565.519440792086,9565.519440792086
2022-10-06,9565.519440792086,9565.519440792086
2022-10-07,9565.519440792086,9565.519440792086
2022-10-08,9565.519440792086,9565.519440792086
2022-10-09,9565.519440792086,9565.519440792086
2022-10-10,9565.519440792086,9565.519440792086
2022-10-11,9565.519440792086,9565.519440792086
2022-10-12,9565.519440792086,9565.519440792086
2022-10-13,9565.519440792086,9565.519440792086
2022-10-14,9565.519440792086,9565.519440792086
2022-10-15,9565.519440792086,9565.519440792086
2022-10-16,9565.519440792086,9565.519440792086
2022-10-17,9565.519440792086,9565.519440792086
2022-10-18,9565.519440792086,9565.519440792086
2022-10-19,9565.519440792086,9565.519440792086
2022-10-20,9565.519440792086,9565.519440792086
2022-10-21,9565.519440792086,9565.519440792086
2022-10-22,9565.519440792086,9565.519440792086
2022-10-23,9565.519440792086,9565.519440792086
2022-10-24,9565.519440792086,9565.519440792086
2022-10-25,9565.519440792086,9565.519440792086
2022-10-26,9502.066635465319,12432.306331744647
2022-10-27,9629.317069456612,15280.094596033794
2022-10-28,9551.947310655047,12381.28912485533
2022-10-29,9433.379284344739,12381.28912485533
2022-10-30,9430.430637526768,9430.430637526768
2022-10-31,9430.430637526768,9430.430637526768
2022-11-01,9430.430637526768,9430.430637526768
2022-11-02,9430.430637526768,9430.430637526768
2022-11-03,9430.430637526768,9430.430637526768
2022-11-04,9430.430637526768,9430.430637526768
2022-11-05,9430.430637526768,9430.430637526768
2022-11-06,9430.430637526768,9430.430637526768
2022-11-07,9430.430637526768,9430.430637526768
2022-11-08,9430.430637526768,9430.430637526768
2022-11-09,9430.430637526768,9430.430637526768
2022-11-10,9430.430637526768,9430.430637526768
2022-11-11,9430.430637526768,9430.430637526768
2022-11-12,9430.430637526768,9430.430637526768
2022-11-13,9430.430637526768,9430.430637526768
2022-11-14,9430.430637526768,9430.430637526768
2022-11-15,9430.430637526768,9430.430637526768
2022-11-16,9430.430637526768,9430.430637526768
2022-11-17,9430.430637526768,9430.430637526768
2022-11-18,9430.430637526768,9430.430637526768
2022-11-19,9430.430637526768,9430.430637526768
2022-11-20,9430.430637526768,9430.430637526768
2022-11-21,9430.430637526768,9430.430637526768
2022-11-22,9430.430637526768,9430.430637526768
2022-11-23,9430.430637526768,9430.430637526768
2022-11-24,9430.430637526768,9430.430637526768
2022-11-25,9430.430637526768,9430.430637526768
2022-11-26,9430.430637526768,9430.430637526768
2022-11-27,9430.430637526768,9430.430637526768
2022-11-28,9430.430637526768,9430.430637526768
2022-11-29,9430.430637526768,9430.430637526768
2022-11-30,9430.430637526768,9430.430637526768
2022-12-01,9430.430637526768,9430.430637526768
2022-12-02,9430.430637526768,9430.430637526768
2022-12-03,9430.430637526768,9430.430637526768
2022-12-04,9430.430637526768,9430.430637526768
2022-12-05,9486.763433238137,11910.649219590396
2022-12-06,9474.287550514264,11910.649219590396
2022-12-07,9543.796039975836,11910.649219590396
2022-12-08,9541.428595082927,9541.428595082927
2022-12-09,9541.428595082927,9541.428595082927
2022-12-10,9541.428595082927,9541.428595082927
2022-12-11,9541.428595082927,9541.428595082927
2022-12-12,9541.428595082927,9541.428595082927
2022-12-13,9541.428595082927,9541.428595082927
2022-12-14,9541.428595082927,9541.428595082927
2022-12-15,9541.428595082927,9541.428595082927
2022-12-16,9350.929135019309,7332.425500566767
2022-12-17,9348.606760820508,9348.606760820508
2022-12-18,9331.716353419111,7472.896114200559
2022-12-19,9302.83923303355,7472.896114200559
2022-12-20,9365.791355474073,7472.896114200559
2022-12-21,9364.187415961454,9364.187415961454
2022-12-22,9364.187415961454,9364.187415961454
2022-12-23,9364.187415961454,9364.187415961454
2022-12-24,9364.187415961454,9364.187415961454
2022-12-25,9364.187415961454,9364.187415961454
2022-12-26,9364.187415961454,9364.187415961454
2022-12-27,9364.187415961454,9364.187415961454
2022-12-28,9364.187415961454,9364.187415961454
2022-12-29,9364.187415961454,9364.187415961454
2022-12-30,9364.187415961454,9364.187415961454
2022-12-31,9364.187415961454,9364.187415961454
2023-01-01,9364.187415961454,9364.187415961454
2023-01-02,9364.187415961454,9364.187415961454
2023-01-03,9364.187415961454,9364.187415961454
2023-01-04,9364.187415961454,9364.187415961454
2023-01-05,9364.46480993054,12170.63508403271
2023-01-06,9344.658726311487,12170.63508403271
2023-01-07,9336.309702559465,17771.802853810022
2023-01-08,9101.26450233436,17771.802853810022
2023-01-09,8805.95407768968,20259.85906355262
2023-01-10,8751.903580990473,12993.834879869295
2023-01-11,8348.807277996433,23485.63613840431
2023-01-12,8263.979207551603,12541.414769210664
2023-01-13,7612.1702462734875,22449.60975808257
2023-01-14,7148.554488268252,15247.916661206542
2023-01-15,7139.590510509779,7139.590510509779
2023-01-16,7179.3550367415255,9278.965426634637
2023-01-17,7127.334407673286,9278.965426634637
2023-01-18,7236.794481337707,9278.965426634637
2023-01-19,7182.96758042682,9278.965426634637
2023-01-20,7180.871058581151,7180.871058581151
2023-01-21,7222.933122648092,9090.156318220817
2023-01-22,7236.819264409912,9090.156318220817
2023-01-23,7130.358844235958,9090.156318220817
2023-01-24,7128.861891191776,7128.861891191776
2023-01-25,7128.861891191776,7128.861891191776
2023-01-26,7128.861891191776,7128.861891191776
2023-01-27,7128.861891191776,7128.861891191776
2023-01-28,7128.861891191776,7128.861891191776
2023-01-29,7128.861891191776,7128.861891191776
2023-01-30,7128.861891191776,7128.861891191776
2023-01-31,7128.861891191776,7128.861891191776
2023-02-01,7128.861891191776,7128.861891191776
2023-02-02,7128.861891191776,7128.861891191776
2023-02-03,7128.861891191776,7128.861891191776
2023-02-04,7128.861891191776,7128.861891191776
2023-02-05,7128.861891191776,7128.861891191776
2023-02-06,7128.861891191776,7128.861891191776
2023-02-07,7128.861891191776,7128.861891191776
2023-02-08,7128.861891191776,7128.861891191776
2023-02-09,7128.861891191776,7128.861891191776
2023-02-10,7090.894462392028,3996.2639632397313
2023-02-11,7148.044815600029,3996.2639632397313
2023-02-12,7173.185488990938,3996.2639632397313
2023-02-13,7137.418452722159,3996.2639632397313
2023-02-14,7178.200390184442,4999.95137314771
2023-02-15,7386.627943918144,4999.95137314771
2023-02-16,7384.126198131139,7384.126198131139
2023-02-17,7384.126198131139,7384.126198131139
2023-02-18,7384.126198131139,7384.126198131139
2023-02-19,7384.126198131139,7384.126198131139
2023-02-20,7384.126198131139,7384.126198131139
2023-02-21,7384.126198131139,7384.126198131139
2023-02-22,7384.126198131139,7384.126198131139
2023-02-23,7384.126198131139,7384.126198131139
2023-02-24,7384.126198131139,7384.126198131139
2023-02-25,7384.126198131139,7384.126198131139
2023-02-26,7384.126198131139,7384.126198131139
2023-02-27,7384.126198131139,7384.126198131139
2023-02-28,7384.126198131139,7384.126198131139
2023-03-01,7384.126198131139,7384.126198131139
2023-03-02,7384.126198131139,7384.126198131139
2023-03-03,7384.126198131139,7384.126198131139
2023-03-04,7384.126198131139,7384.126198131139
2023-03-05,7384.126198131139,7384.126198131139
2023-03-06,7384.126198131139,7384.126198131139
2023-03-07,7384.126198131139,7384.126198131139
2023-03-08,7384.126198131139,7384.126198131139
2023-03-09,7384.126198131139,7384.126198131139
2023-03-10,7384.126198131139,7384.126198131139
2023-03-11,7384.126198131139,7384.126198131139
2023-03-12,7384.126198131139,7384.126198131139
2023-03-13,7384.126198131139,7384.126198131139
2023-03-14,7384.126198131139,7384.126198131139
2023-03-15,7384.126198131139,7384.126198131139
2023-03-16,7384.126198131139,7384.126198131139
2023-03-17,7384.126198131139,7384.126198131139
2023-03-18,7384.126198131139,7384.126198131139
2023-03-19,7384.126198131139,7384.126198131139
2023-03-20,7384.126198131139,7384.126198131139
2023-03-21,7384.126198131139,7384.126198131139
2023-03-22,7384.126198131139,7384.126198131139
2023-03-23,7384.126198131139,7384.126198131139
2023-03-24,7384.126198131139,7384.126198131139
2023-03-25,7384.126198131139,7384.126198131139
2023-03-26,7384.126198131139,7384.126198131139
2023-03-27,7384.126198131139,7384.126198131139
2023-03-28,7384.126198131139,7384.126198131139
2023-03-29,7384.126198131139,7384.126198131139
2023-03-30,7384.126198131139,7384.126198131139
2023-03-31,7384.126198131139,7384.126198131139
2023-04-01,7384.126198131139,7384.126198131139
2023-04-02,7384.126198131139,7384.126198131139
2023-04-03,7384.126198131139,7384.126198131139
2023-04-04,7384.126198131139,7384.126198131139
2023-04-05,7384.126198131139,7384.126198131139
2023-04-06,7384.126198131139,7384.126198131139
2023-04-07,7384.126198131139,7384.126198131139
2023-04-08,7384.126198131139,7384.126198131139
2023-04-09,7384.126198131139,7384.126198131139
2023-04-10,7384.126198131139,7384.126198131139
2023-04-11,7384.126198131139,7384.126198131139
2023-04-12,7398.40723501834,9597.149371307483
2023-04-13,7365.415793148419,9597.149371307483
2023-04-14,7336.548281512238,9597.149371307483
2023-04-15,7334.975124471328,7334.975124471328
2023-04-16,7334.975124471328,7334.975124471328
2023-04-17,7334.975124471328,7334.975124471328
2023-04-18,7334.975124471328,7334.975124471328
2023-04-19,7334.975124471328,7334.975124471328
2023-04-20,7334.975124471328,7334.975124471328
2023-04-21,7228.977678945012,5437.712138760088
2023-04-22,7319.917011646451,5437.712138760088
2023-04-23,7291.199327635471,5437.712138760088
2023-04-24,7276.84048562998,5437.712138760088
2023-04-25,7310.344450309458,5437.712138760088
2023-04-26,7279.632482686603,5437.712138760088
2023-04-27,7277.791022822763,7277.791022822763
2023-04-28,7277.791022822763,7277.791022822763
2023-04-29,7277.791022822763,7277.791022822763
2023-04-30,7277.791022822763,7277.791022822763
2023-05-01,7277.791022822763,7277.791022822763
2023-05-02,7277.791022822763,7277.791022822763
2023-05-03,7277.791022822763,7277.791022822763
2023-05-04,7277.791022822763,7277.791022822763
2023-05-05,7277.791022822763,7277.791022822763
2023-05-06,7277.791022822763,7277.791022822763
2023-05-07,7277.791022822763,7277.791022822763
2023-05-08,7277.791022822763,7277.791022822763
2023-05-09,7277.791022822763,7277.791022822763
2023-05-10,7277.791022822763,7277.791022822763
2023-05-11,7277.791022822763,7277.791022822763
2023-05-12,7277.791022822763,7277.791022822763
2023-05-13,7277.791022822763,7277.791022822763
2023-05-14,7277.791022822763,7277.791022822763
2023-05-15,7277.791022822763,7277.791022822763
2023-05-16,7277.791022822763,7277.791022822763
2023-05-17,7277.791022822763,7277.791022822763
2023-05-18,7277.791022822763,7277.791022822763
2023-05-19,7277.791022822763,7277.791022822763
2023-05-20,7277.791022822763,7277.791022822763
2023-05-21,7277.791022822763,7277.791022822763
2023-05-22,7277.791022822763,7277.791022822763
2023-05-23,7277.791022822763,7277.791022822763
2023-05-24,7277.791022822763,7277.791022822763
2023-05-25,7277.791022822763,7277.791022822763
2023-05-26,7277.791022822763,7277.791022822763
2023-05-27,7277.791022822763,7277.791022822763
2023-05-28,7277.791022822763,7277.791022822763
2023-05-29,7277.791022822763,7277.791022822763
2023-05-30,7277.791022822763,7277.791022822763
2023-05-31,7306.567545138458,9458.934059818983
2023-06-01,7320.180448005601,9458.934059818983
2023-06-02,7268.600756973137,9458.934059818983
2023-06-03,7285.395747683485,9458.934059818983
2023-06-04,7287.750722441092,9458.934059818983
2023-06-05,7379.089279991007,9458.934059818983
2023-06-06,7377.020414422283,7377.020414422283
2023-06-07,7377.020414422283,7377.020414422283
2023-06-08,7377.020414422283,7377.020414422283
2023-06-09,7377.020414422283,7377.020414422283
2023-06-10,7377.020414422283,7377.020414422283
2023-06-11,7377.020414422283,7377.020414422283
2023-06-12,7377.020414422283,7377.020414422283
2023-06-13,7377.020414422283,7377.020414422283
2023-06-14,7377.020414422283,7377.020414422283
2023-06-15,7377.020414422283,7377.020414422283
2023-06-16,7377.020414422283,7377.020414422283
2023-06-17,7377.020414422283,7377.020414422283
2023-06-18,7377.020414422283,7377.020414422283
2023-06-19,7377.020414422283,7377.020414422283
2023-06-20,7377.020414422283,7377.020414422283
2023-06-21,7377.020414422283,7377.020414422283
2023-06-22,7377.020414422283,7377.020414422283
2023-06-23,7377.020414422283,7377.020414422283
2023-06-24,7377.020414422283,7377.020414422283
2023-06-25,7377.020414422283,7377.020414422283
2023-06-26,7377.020414422283,7377.020414422283
2023-06-27,7377.020414422283,7377.020414422283
2023-06-28,7377.020414422283,7377.020414422283
2023-06-29,7377.020414422283,7377.020414422283
2023-06-30,7377.020414422283,7377.020414422283
2023-07-01,7377.020414422283,7377.020414422283
2023-07-02,7377.020414422283,7377.020414422283
2023-07-03,7391.806794159436,8969.174689599604
2023-07-04,7402.453617960435,8969.174689599604
2023-07-05,7413.100441761432,8969.174689599604
2023-07-06,7363.1422685413645,8969.174689599604
2023-07-07,7208.353830203778,8969.174689599604
2023-07-08,7205.772763501744,7205.772763501744
2023-07-09,7240.007196959684,8766.35667850819
2023-07-10,7241.4390445033505,8766.35667850819
2023-07-11,7186.312914072189,8766.35667850819
2023-07-12,7195.619923106022,8766.35667850819
2023-07-13,7194.765433541017,7194.765433541017
2023-07-14,7260.8740964179015,9351.879136179523
2023-07-15,7258.782568626881,7258.782568626881
2023-07-16,7258.782568626881,7258.782568626881
2023-07-17,7258.782568626881,7258.782568626881
2023-07-18,7258.782568626881,7258.782568626881
2023-07-19,7258.782568626881,7258.782568626881
2023-07-20,7258.782568626881,7258.782568626881
2023-07-21,7258.782568626881,7258.782568626881
2023-07-22,7258.782568626881,7258.782568626881
2023-07-23,7258.782568626881,7258.782568626881
2023-07-24,7258.782568626881,7258.782568626881
2023-07-25,7258.782568626881,7258.782568626881
2023-07-26,7258.782568626881,7258.782568626881
2023-07-27,7258.782568626881,7258.782568626881
2023-07-28,7258.782568626881,7258.782568626881
2023-07-29,7258.782568626881,7258.782568626881
2023-07-30,7258.782568626881,7258.782568626881
2023-07-31,7258.782568626881,7258.782568626881
2023-08-01,7258.782568626881,7258.782568626881
2023-08-02,7177.2765771643935,2899.1450382884696
2023-08-03,7174.423263424924,5017.662090565895
2023-08-04,7171.0956382396635,2863.182248632125
2023-08-05,7160.8877044176015,3707.6894540585
2023-08-06,7143.694426861029,3707.6894540585
2023-08-07,7141.483953300445,3707.6894540585
2023-08-08,7249.885799844429,1563.1012894156684
2023-08-09,7238.053217133169,1563.1012894156684
2023-08-10,7211.418383049408,3730.5827179079706
2023-08-11,7204.474688583032,3730.5827179079706
2023-08-12,7197.068839525723,3730.5827179079706
2023-08-13,7184.985362318966,5026.890114911339
2023-08-14,7190.577770944965,5026.890114911339
2023-08-15,7171.209512978194,5026.890114911339
2023-08-16,7100.609596019033,2872.4655548078263
2023-08-17,6724.13609408321,2104.4606910951825
2023-08-18,6699.001517355757,4700.2590022549375
2023-08-19,6716.641806421743,3185.316916567258
2023-08-20,6719.994463757439,1168.3088803676815
2023-08-21,6627.125840106287,1168.3088803676815
2023-08-22,6624.838414102067,5127.439173099268
2023-08-23,6653.547138965518,5127.439173099268
2023-08-24,6652.021412526643,6652.021412526643
2023-08-25,6652.021412526643,6652.021412526643
2023-08-26,6652.021412526643,6652.021412526643
2023-08-27,6652.021412526643,6652.021412526643
2023-08-28,6652.021412526643,6652.021412526643
2023-08-29,6652.021412526643,6652.021412526643
2023-08-30,6652.021412526643,6652.021412526643
2023-08-31,6652.021412526643,6652.021412526643
2023-09-01,6652.021412526643,6652.021412526643
2023-09-02,6652.021412526643,6652.021412526643
2023-09-03,6652.021412526643,6652.021412526643
2023-09-04,6652.021412526643,6652.021412526643
2023-09-05,6652.021412526643,6652.021412526643
2023-09-06,6652.021412526643,6652.021412526643
2023-09-07,6652.021412526643,6652.021412526643
2023-09-08,6652.021412526643,6652.021412526643
2023-09-09,6652.021412526643,6652.021412526643
2023-09-10,6652.021412526643,6652.021412526643
2023-09-11,6652.021412526643,6652.021412526643
2023-09-12,6693.596531305159,4653.449645980876
2023-09-13,6711.025408351119,4653.449645980876
2023-09-14,6708.120595510126,4653.449645980876
2023-09-15,6726.517743503084,4653.449645980876
2023-09-16,6734.263911079066,4653.449645980876
2023-09-17,6749.75624623103,4653.449645980876
2023-09-18,6746.693160789311,6746.693160789311
2023-09-19,6697.5382609636745,10790.661293797728
2023-09-20,6721.7177729827645,8730.733067742121
2023-09-21,6755.451238752978,8730.733067742121
2023-09-22,6753.475463103532,6753.475463103532
2023-09-23,6753.475463103532,6753.475463103532
2023-09-24,6753.475463103532,6753.475463103532
2023-09-25,6767.01141140699,4725.406277050951
2023-09-26,6793.273125855591,4725.406277050951
2023-09-27,6787.437189311458,4725.406277050951
2023-09-28,6816.616872032126,4725.406277050951
2023-09-29,6814.526184239792,6814.526184239792
2023-09-30,6774.775656943362,8856.840190703608
2023-10-01,6677.230113826248,8856.840190703608
2023-10-02,6940.646288271193,14680.196383395954
2023-10-03,6974.139701425367,16760.644096428718
2023-10-04,6839.567044827447,12881.448404388579
2023-10-05,6875.958035357403,8738.17192188375
2023-10-06,6766.249114536768,8934.820492750147
2023-10-07,6764.080001015709,6764.080001015709
2023-10-08,6764.080001015709,6764.080001015709
2023-10-09,6764.080001015709,6764.080001015709
2023-10-10,6800.808585578282,2700.9314011566
2023-10-11,6759.666153688528,2700.9314011566
2023-10-12,6742.854774101758,4720.532898269384
2023-10-13,6767.180729060956,2695.6531059173976
2023-10-14,6774.777373950656,2695.6531059173976
2023-10-15,6804.287446292827,4736.608765834275
2023-10-16,6852.602303394624,4736.608765834275
2023-10-17,6856.980227831509,8905.19657220946
2023-10-18,6862.455667875577,8905.19657220946
2023-10-19,6860.412416286017,6860.412416286017
2023-10-20,6860.412416286017,6860.412416286017
2023-10-21,6860.412416286017,6860.412416286017
2023-10-22,6860.412416286017,6860.412416286017
2023-10-23,6757.244045687985,8916.478529921802
2023-10-24,6729.709509807138,8779.296382000888
2023-10-25,6753.432431535684,8744.553853338744
2023-10-26,6751.440812333526,6751.440812333526
2023-10-27,6751.440812333526,6751.440812333526
2023-10-28,6751.440812333526,6751.440812333526
2023-10-29,6751.440812333526,6751.440812333526
2023-10-30,6751.440812333526,6751.440812333526
2023-10-31,6751.440812333526,6751.440812333526
2023-11-01,6751.440812333526,6751.440812333526
2023-11-02,6790.848276676123,8725.8328456904
2023-11-03,6788.494376726199,6788.494376726199
2023-11-04,6788.494376726199,6788.494376726199
2023-11-05,6788.494376726199,6788.494376726199
2023-11-06,6788.494376726199,6788.494376726199
2023-11-07,6788.494376726199,6788.494376726199
2023-11-08,6788.494376726199,6788.494376726199
2023-11-09,6788.494376726199,6788.494376726199
2023-11-10,6788.494376726199,6788.494376726199
2023-11-11,6788.494376726199,6788.494376726199
2023-11-12,6788.494376726199,6788.494376726199
2023-11-13,6788.494376726199,6788.494376726199
2023-11-14,6788.494376726199,6788.494376726199
2023-11-15,6788.494376726199,6788.494376726199
2023-11-16,6788.494376726199,6788.494376726199
2023-11-17,6788.494376726199,6788.494376726199
2023-11-18,6788.494376726199,6788.494376726199
2023-11-19,6788.494376726199,6788.494376726199
2023-11-20,6788.494376726199,6788.494376726199
2023-11-21,6788.494376726199,6788.494376726199
2023-11-22,6788.494376726199,6788.494376726199
2023-11-23,6788.494376726199,6788.494376726199
2023-11-24,6788.494376726199,6788.494376726199
2023-11-25,6788.494376726199,6788.494376726199
2023-11-26,6788.494376726199,6788.494376726199
2023-11-27,6788.494376726199,6788.494376726199
2023-11-28,6788.494376726199,6788.494376726199
2023-11-29,6788.494376726199,6788.494376726199
2023-11-30,6788.494376726199,6788.494376726199
2023-12-01,6788.494376726199,6788.494376726199
2023-12-02,6788.494376726199,6788.494376726199
2023-12-03,6788.494376726199,6788.494376726199
2023-12-04,6788.494376726199,6788.494376726199
2023-12-05,6788.494376726199,6788.494376726199
2023-12-06,6788.494376726199,6788.494376726199
2023-12-07,6788.494376726199,6788.494376726199
2023-12-08,6788.494376726199,6788.494376726199
2023-12-09,6788.494376726199,6788.494376726199
2023-12-10,6788.494376726199,6788.494376726199
2023-12-11,6788.494376726199,6788.494376726199
2023-12-12,6788.494376726199,6788.494376726199
2023-12-13,6788.494376726199,6788.494376726199
2023-12-14,6788.494376726199,6788.494376726199
2023-12-15,6788.494376726199,6788.494376726199
2023-12-16,6788.494376726199,6788.494376726199
2023-12-17,6788.494376726199,6788.494376726199
2023-12-18,6788.494376726199,6788.494376726199
2023-12-19,6788.494376726199,6788.494376726199
2023-12-20,6788.494376726199,6788.494376726199
2023-12-21,6788.494376726199,6788.494376726199
2023-12-22,6788.494376726199,6788.494376726199
2023-12-23,6788.494376726199,6788.494376726199
2023-12-24,6788.494376726199,6788.494376726199
2023-12-25,6788.494376726199,6788.494376726199
2023-12-26,6788.494376726199,6788.494376726199
2023-12-27,6788.494376726199,6788.494376726199
2023-12-28,6788.494376726199,6788.494376726199
2023-12-29,6788.494376726199,6788.494376726199
2023-12-30,6788.494376726199,6788.494376726199
2023-12-31,6788.494376726199,6788.494376726199
2024-01-01,6788.494376726199,6788.494376726199
2024-01-02,6788.494376726199,6788.494376726199
2024-01-03,6788.494376726199,6788.494376726199
2024-01-04,6811.794803668627,5753.128699260551
2024-01-05,6758.8522102739435,5753.128699260551
2024-01-06,6724.114438467607,5753.128699260551
2024-01-07,6671.72913552971,5753.128699260551
2024-01-08,6758.480683302752,5753.128699260551
2024-01-09,6757.475582656706,6757.475582656706
2024-01-10,6757.475582656706,6757.475582656706
2024-01-11,6757.475582656706,6757.475582656706
2024-01-12,6757.475582656706,6757.475582656706
2024-01-13,6757.475582656706,6757.475582656706
2024-01-14,6757.475582656706,6757.475582656706
2024-01-15,6757.475582656706,6757.475582656706
2024-01-16,6757.475582656706,6757.475582656706
2024-01-17,6757.475582656706,6757.475582656706
2024-01-18,6757.475582656706,6757.475582656706
2024-01-19,6757.475582656706,6757.475582656706
2024-01-20,6757.475582656706,6757.475582656706
2024-01-21,6757.475582656706,6757.475582656706
2024-01-22,6757.475582656706,6757.475582656706
2024-01-23,6757.475582656706,6757.475582656706
2024-01-24,6757.475582656706,6757.475582656706
2024-01-25,6757.475582656706,6757.475582656706
2024-01-26,6757.475582656706,6757.475582656706
2024-01-27,6757.475582656706,6757.475582656706
2024-01-28,6757.475582656706,6757.475582656706
2024-01-29,6757.475582656706,6757.475582656706
2024-01-30,6757.475582656706,6757.475582656706
2024-01-31,6757.475582656706,6757.475582656706
2024-02-01,6757.475582656706,6757.475582656706
2024-02-02,6757.475582656706,6757.475582656706
2024-02-03,6757.475582656706,6757.475582656706
2024-02-04,6757.475582656706,6757.475582656706
2024-02-05,6757.475582656706,6757.475582656706
2024-02-06,6757.475582656706,6757.475582656706
2024-02-07,6757.475582656706,6757.475582656706
2024-02-08,6757.475582656706,6757.475582656706
2024-02-09,6757.475582656706,6757.475582656706
2024-02-10,6761.7057686241415,8782.691519564374
2024-02-11,6776.0966888320745,8782.691519564374
2024-02-12,6731.672543842367,8782.691519564374
2024-02-13,6751.06900151393,8782.691519564374
2024-02-14,6693.505320682196,8782.691519564374
2024-02-15,6691.415612186764,6691.415612186764
2024-02-16,6681.910304744668,8696.833371009889
2024-02-17,6734.398997060986,8696.833371009889
2024-02-18,6707.61905200164,8696.833371009889
2024-02-19,6687.980425624786,8696.833371009889
2024-02-20,6685.971070466166,6685.971070466166
2024-02-21,6685.971070466166,6685.971070466166
2024-02-22,6685.971070466166,6685.971070466166
2024-02-23,6685.971070466166,6685.971070466166
2024-02-24,6685.971070466166,6685.971070466166
2024-02-25,6685.971070466166,6685.971070466166
2024-02-26,6685.971070466166,6685.971070466166
2024-02-27,6685.971070466166,6685.971070466166
2024-02-28,6685.971070466166,6685.971070466166
2024-02-29,6685.971070466166,6685.971070466166
2024-03-01,6685.971070466166,6685.971070466166
2024-03-02,6685.971070466166,6685.971070466166
2024-03-03,6685.971070466166,6685.971070466166
2024-03-04,6685.971070466166,6685.971070466166
2024-03-05,6685.971070466166,6685.971070466166
2024-03-06,6685.971070466166,6685.971070466166
2024-03-07,6685.971070466166,6685.971070466166
2024-03-08,6685.971070466166,6685.971070466166
2024-03-09,6685.971070466166,6685.971070466166
2024-03-10,6685.971070466166,6685.971070466166
2024-03-11,6685.971070466166,6685.971070466166
2024-03-12,6685.971070466166,6685.971070466166
2024-03-13,6685.971070466166,6685.971070466166
2024-03-14,6685.971070466166,6685.971070466166
2024-03-15,6685.971070466166,6685.971070466166
2024-03-16,6685.971070466166,6685.971070466166
2024-03-17,6685.971070466166,6685.971070466166
2024-03-18,6685.971070466166,6685.971070466166
2024-03-19,6685.971070466166,6685.971070466166
2024-03-20,6812.662104410068,5556.7077803334905
2024-03-21,6804.204619789112,5556.7077803334905
2024-03-22,6748.309503945373,5556.7077803334905
2024-03-23,6745.873691229371,5556.7077803334905
2024-03-24,6790.679073226796,5556.7077803334905
2024-03-25,6839.052456548688,5556.7077803334905
2024-03-26,6837.948840523402,5556.7077803334905
2024-03-27,6807.183311585513,5556.7077803334905
2024-03-28,6828.362738866878,5556.7077803334905
2024-03-29,6810.237006412759,5556.7077803334905
2024-03-30,6808.772661524839,5556.7077803334905
2024-03-31,6858.649677036521,5556.7077803334905
2024-04-01,6857.348060625292,6857.348060625292
2024-04-02,6857.348060625292,6857.348060625292
2024-04-03,6857.348060625292,6857.348060625292
2024-04-04,6857.348060625292,6857.348060625292
2024-04-05,6857.348060625292,6857.348060625292
2024-04-06,6857.348060625292,6857.348060625292
2024-04-07,6857.348060625292,6857.348060625292
2024-04-08,6857.348060625292,6857.348060625292
2024-04-09,6857.348060625292,6857.348060625292
2024-04-10,6857.348060625292,6857.348060625292
2024-04-11,6857.348060625292,6857.348060625292
2024-04-12,6857.348060625292,6857.348060625292
2024-04-13,6857.348060625292,6857.348060625292
2024-04-14,6880.454680039835,6083.940219116732
2024-04-15,6864.268610964377,6083.940219116732
2024-04-16,6882.652788185884,6083.940219116732
2024-04-17,6885.15063835185,6083.940219116732
2024-04-18,6890.745822723613,6083.940219116732
2024-04-19,6891.944790803276,6083.940219116732
2024-04-20,6933.608931571582,6083.940219116732
2024-04-21,6924.816498987383,6083.940219116732
2024-04-22,6923.975832926582,6923.975832926582
2024-04-23,6923.975832926582,6923.975832926582
2024-04-24,6923.975832926582,6923.975832926582
2024-04-25,6923.975832926582,6923.975832926582
2024-04-26,6923.975832926582,6923.975832926582
2024-04-27,6923.975832926582,6923.975832926582
2024-04-28,6923.975832926582,6923.975832926582
2024-04-29,6923.975832926582,6923.975832926582
2024-04-30,6923.975832926582,6923.975832926582
2024-05-01,6923.975832926582,6923.975832926582
2024-05-02,6923.975832926582,6923.975832926582
2024-05-03,6923.975832926582,6923.975832926582
2024-05-04,6923.975832926582,6923.975832926582
2024-05-05,6923.975832926582,6923.975832926582
2024-05-06,6923.975832926582,6923.975832926582
2024-05-07,6923.975832926582,6923.975832926582
2024-05-08,6923.975832926582,6923.975832926582
2024-05-09,6923.975832926582,6923.975832926582
2024-05-10,6923.975832926582,6923.975832926582
2024-05-11,6923.975832926582,6923.975832926582
2024-05-12,6923.975832926582,6923.975832926582
2024-05-13,6923.975832926582,6923.975832926582
2024-05-14,6923.975832926582,6923.975832926582
2024-05-15,6923.975832926582,6923.975832926582
2024-05-16,6923.975832926582,6923.975832926582
2024-05-17,6923.975832926582,6923.975832926582
2024-05-18,6923.975832926582,6923.975832926582
2024-05-19,6923.975832926582,6923.975832926582
2024-05-20,6923.975832926582,6923.975832926582
2024-05-21,6923.975832926582,6923.975832926582
2024-05-22,6923.975832926582,6923.975832926582
2024-05-23,6923.975832926582,6923.975832926582
2024-05-24,6923.975832926582,6923.975832926582
2024-05-25,6923.975832926582,6923.975832926582
2024-05-26,6923.975832926582,6923.975832926582
2024-05-27,6923.975832926582,6923.975832926582
2024-05-28,6923.975832926582,6923.975832926582
2024-05-29,6923.975832926582,6923.975832926582
2024-05-30,6923.975832926582,6923.975832926582
2024-05-31,6923.975832926582,6923.975832926582
2024-06-01,6923.975832926582,6923.975832926582
2024-06-02,6923.975832926582,6923.975832926582
2024-06-03,6923.975832926582,6923.975832926582
2024-06-04,6923.975832926582,6923.975832926582
2024-06-05,6923.975832926582,6923.975832926582
2024-06-06,6923.975832926582,6923.975832926582
2024-06-07,6923.975832926582,6923.975832926582
2024-06-08,6923.975832926582,6923.975832926582
2024-06-09,6923.975832926582,6923.975832926582
2024-06-10,6923.975832926582,6923.975832926582
2024-06-11,6923.975832926582,6923.975832926582
2024-06-12,6923.975832926582,6923.975832926582
2024-06-13,6923.975832926582,6923.975832926582
2024-06-14,6923.975832926582,6923.975832926582
2024-06-15,6923.975832926582,6923.975832926582
2024-06-16,6923.975832926582,6923.975832926582
2024-06-17,6923.975832926582,6923.975832926582
2024-06-18,6880.387892392393,4844.7053730798125
2024-06-19,6878.352718793711,6878.352718793711
2024-06-20,6878.352718793711,6878.352718793711
2024-06-21,6878.352718793711,6878.352718793711
2024-06-22,6878.352718793711,6878.352718793711
2024-06-23,6878.352718793711,6878.352718793711
2024-06-24,6878.352718793711,6878.352718793711
2024-06-25,6878.352718793711,6878.352718793711
2024-06-26,6878.352718793711,6878.352718793711
2024-06-27,6878.352718793711,6878.352718793711
2024-06-28,6878.352718793711,6878.352718793711
2024-06-29,6878.352718793711,6878.352718793711
2024-06-30,6878.352718793711,6878.352718793711
2024-07-01,6878.352718793711,6878.352718793711
2024-07-02,6878.352718793711,6878.352718793711
2024-07-03,6878.352718793711,6878.352718793711
2024-07-04,6878.352718793711,6878.352718793711
2024-07-05,6878.352718793711,6878.352718793711
2024-07-06,6878.352718793711,6878.352718793711
2024-07-07,6878.352718793711,6878.352718793711
2024-07-08,6878.352718793711,6878.352718793711
2024-07-09,6878.352718793711,6878.352718793711
2024-07-10,6878.352718793711,6878.352718793711
2024-07-11,6878.352718793711,6878.352718793711
2024-07-12,6878.352718793711,6878.352718793711
2024-07-13,6878.352718793711,6878.352718793711
2024-07-14,6913.239223640192,8505.509412635833
2024-07-15,6911.646555383649,6911.646555383649
2024-07-16,6755.786537783717,8873.42073031776
2024-07-17,6754.034290349757,6754.034290349757
2024-07-18,6920.3803032173955,8622.558288270375
2024-07-19,6909.62404422812,8622.558288270375
2024-07-20,6848.671909955554,8622.558288270375
2024-07-21,6765.444226004382,10127.60280329359
2024-07-22,6791.415893704266,8337.58607121242
2024-07-23,6875.032094505918,8337.58607121242
2024-07-24,6901.519911135704,8337.58607121242
2024-07-25,6931.711532633213,8337.58607121242
2024-07-26,6831.484328182373,8337.58607121242
2024-07-27,6829.977849913908,6829.977849913908
2024-07-28,6829.977849913908,6829.977849913908
2024-07-29,6829.977849913908,6829.977849913908
2024-07-30,6829.977849913908,6829.977849913908
2024-07-31,6829.977849913908,6829.977849913908
2024-08-01,6829.977849913908,6829.977849913908
2024-08-02,6829.977849913908,6829.977849913908
2024-08-03,6829.977849913908,6829.977849913908
2024-08-04,6829.977849913908,6829.977849913908
2024-08-05,6763.420138886904,5768.086327914105
2024-08-06,6796.987478151169,5758.5758086623755
2024-08-07,6989.8177763177955,5758.5758086623755
2024-08-08,6988.791775688373,6988.791775688373
2024-08-09,6988.791775688373,6988.791775688373
2024-08-10,6988.791775688373,6988.791775688373
2024-08-11,6988.791775688373,6988.791775688373
2024-08-12,6988.791775688373,6988.791775688373
2024-08-13,6988.791775688373,6988.791775688373
2024-08-14,6988.791775688373,6988.791775688373
2024-08-15,6988.791775688373,6988.791775688373
2024-08-16,6988.791775688373,6988.791775688373
2024-08-17,6988.791775688373,6988.791775688373
2024-08-18,6988.791775688373,6988.791775688373
2024-08-19,6988.791775688373,6988.791775688373
2024-08-20,6988.791775688373,6988.791775688373
2024-08-21,6988.791775688373,6988.791775688373
2024-08-22,6988.791775688373,6988.791775688373
2024-08-23,6988.791775688373,6988.791775688373
2024-08-24,6941.912128292682,10094.135884222593
2024-08-25,6988.210544733518,10094.135884222593
2024-08-26,7121.117658195889,10094.135884222593
2024-08-27,7290.432068601562,10094.135884222593
2024-08-28,7324.906610207901,8641.269398480128
2024-08-29,7324.15182855501,7324.15182855501
2024-08-30,7324.15182855501,7324.15182855501
2024-08-31,7324.15182855501,7324.15182855501
2024-09-01,7324.15182855501,7324.15182855501
2024-09-02,7324.15182855501,7324.15182855501
2024-09-03,7324.15182855501,7324.15182855501
2024-09-04,7324.15182855501,7324.15182855501
2024-09-05,7324.15182855501,7324.15182855501
2024-09-06,7324.15182855501,7324.15182855501
2024-09-07,7324.15182855501,7324.15182855501
2024-09-08,7324.15182855501,7324.15182855501
2024-09-09,7324.15182855501,7324.15182855501
2024-09-10,7324.15182855501,7324.15182855501
2024-09-11,7324.15182855501,7324.15182855501
2024-09-12,7324.15182855501,7324.15182855501
2024-09-13,7324.15182855501,7324.15182855501
2024-09-14,7324.15182855501,7324.15182855501
2024-09-15,7324.15182855501,7324.15182855501
2024-09-16,7324.15182855501,7324.15182855501
2024-09-17,7324.15182855501,7324.15182855501
2024-09-18,7324.15182855501,7324.15182855501
2024-09-19,7324.15182855501,7324.15182855501
2024-09-20,7324.15182855501,7324.15182855501
2024-09-21,7324.15182855501,7324.15182855501
2024-09-22,7324.15182855501,7324.15182855501
2024-09-23,7324.15182855501,7324.15182855501
2024-09-24,7316.912122704096,9483.356751827541
2024-09-25,7376.723697060832,9483.356751827541
2024-09-26,7334.010475837612,9483.356751827541
2024-09-27,7283.24616760883,9483.356751827541
2024-09-28,7298.940071487827,9483.356751827541
2024-09-29,7296.755108703316,7296.755108703316
2024-09-30,7296.755108703316,7296.755108703316
2024-10-01,7296.755108703316,7296.755108703316
2024-10-02,7296.755108703316,7296.755108703316
2024-10-03,7296.755108703316,7296.755108703316
2024-10-04,7296.755108703316,7296.755108703316
2024-10-05,7296.755108703316,7296.755108703316
2024-10-06,7296.755108703316,7296.755108703316
2024-10-07,7296.755108703316,7296.755108703316
2024-10-08,7296.755108703316,7296.755108703316
2024-10-09,7296.755108703316,7296.755108703316
2024-10-10,7296.755108703316,7296.755108703316
2024-10-11,7296.755108703316,7296.755108703316
2024-10-12,7296.755108703316,7296.755108703316
2024-10-13,7296.755108703316,7296.755108703316
2024-10-14,7296.755108703316,7296.755108703316
2024-10-15,7296.755108703316,7296.755108703316
2024-10-16,7296.755108703316,7296.755108703316
2024-10-17,7296.755108703316,7296.755108703316
2024-10-18,7296.755108703316,7296.755108703316
2024-10-19,7296.755108703316,7296.755108703316
2024-10-20,7296.755108703316,7296.755108703316
2024-10-21,7296.755108703316,7296.755108703316
2024-10-22,7296.755108703316,7296.755108703316
2024-10-23,7296.755108703316,7296.755108703316
2024-10-24,7296.755108703316,7296.755108703316
2024-10-25,7296.755108703316,7296.755108703316
2024-10-26,7296.755108703316,7296.755108703316
2024-10-27,7296.755108703316,7296.755108703316
2024-10-28,7296.755108703316,7296.755108703316
2024-10-29,7296.755108703316,7296.755108703316
2024-10-30,7306.354067456517,9483.592859199078
2024-10-31,7368.131653290315,9483.592859199078
2024-11-01,7392.0875356146835,9483.592859199078
2024-11-02,7395.737196229603,9483.592859199078
2024-11-03,7413.756774799598,9483.592859199078
2024-11-04,7441.624448059296,9483.592859199078
2024-11-05,7439.581969156054,7439.581969156054
2024-11-06,7439.581969156054,7439.581969156054
2024-11-07,7439.581969156054,7439.581969156054
2024-11-08,7439.581969156054,7439.581969156054
2024-11-09,7439.581969156054,7439.581969156054
2024-11-10,7439.581969156054,7439.581969156054
2024-11-11,7439.581969156054,7439.581969156054
2024-11-12,7439.581969156054,7439.581969156054
2024-11-13,7439.581969156054,7439.581969156054
2024-11-14,7439.581969156054,7439.581969156054
2024-11-15,7439.581969156054,7439.581969156054
2024-11-16,7439.581969156054,7439.581969156054
2024-11-17,7439.581969156054,7439.581969156054
2024-11-18,7439.581969156054,7439.581969156054
2024-11-19,7439.581969156054,7439.581969156054
2024-11-20,7439.581969156054,7439.581969156054
2024-11-21,7439.581969156054,7439.581969156054
2024-11-22,7439.581969156054,7439.581969156054
2024-11-23,7439.581969156054,7439.581969156054
2024-11-24,7439.581969156054,7439.581969156054
2024-11-25,7439.581969156054,7439.581969156054
2024-11-26,7439.581969156054,7439.581969156054
2024-11-27,7439.581969156054,7439.581969156054
2024-11-28,7439.581969156054,7439.581969156054
2024-11-29,7439.581969156054,7439.581969156054
2024-11-30,7439.581969156054,7439.581969156054
2024-12-01,7439.581969156054,7439.581969156054
2024-12-02,7439.581969156054,7439.581969156054
2024-12-03,7439.581969156054,7439.581969156054
2024-12-04,7439.581969156054,7439.581969156054
2024-12-05,7439.581969156054,7439.581969156054
2024-12-06,7439.581969156054,7439.581969156054
2024-12-07,7439.581969156054,7439.581969156054
2024-12-08,7439.581969156054,7439.581969156054
2024-12-09,7439.581969156054,7439.581969156054
2024-12-10,7439.581969156054,7439.581969156054
2024-12-11,7439.581969156054,7439.581969156054
2024-12-12,7439.581969156054,7439.581969156054
2024-12-13,7439.581969156054,7439.581969156054
2024-12-14,7439.581969156054,7439.581969156054
2024-12-15,7439.581969156054,7439.581969156054
2024-12-16,7439.581969156054,7439.581969156054
2024-12-17,7439.581969156054,7439.581969156054
2024-12-18,7439.581969156054,7439.581969156054
2024-12-19,7322.132195628946,6488.79084058286
2024-12-20,7410.614577156337,5939.657953962402
2024-12-21,7348.852112212979,5175.142463905976
2024-12-22,7258.611278669693,3116.2885688765473
2024-12-23,7531.367231460748,2100.73025023868
2024-12-24,7691.069791249807,2100.73025023868
2024-12-25,7649.7063781897305,2100.73025023868
2024-12-26,7376.930833407015,3209.2515307926833
2024-12-27,7371.692650641442,3209.2515307926833
2024-12-28,7481.373119475382,3209.2515307926833
2024-12-29,7354.529394693896,3209.2515307926833
2024-12-30,7342.756046968318,3862.862899113785
2024-12-31,7318.282008523558,3862.862899113785
2025-01-01,7429.438757274381,4621.243006938916
2025-01-02,7513.220771696709,4621.243006938916
2025-01-03,7563.63715365941,6856.11732507045
2025-01-04,7562.838656147244,7562.838656147244
2025-01-05,7562.838656147244,7562.838656147244
2025-01-06,7562.838656147244,7562.838656147244
2025-01-07,7562.838656147244,7562.838656147244
2025-01-08,7562.838656147244,7562.838656147244
2025-01-09,7562.838656147244,7562.838656147244
2025-01-10,7562.838656147244,7562.838656147244
2025-01-11,7562.838656147244,7562.838656147244
2025-01-12,7562.838656147244,7562.838656147244
2025-01-13,7562.838656147244,7562.838656147244
2025-01-14,7562.838656147244,7562.838656147244
2025-01-15,7562.838656147244,7562.838656147244
2025-01-16,7562.838656147244,7562.838656147244
2025-01-17,7562.838656147244,7562.838656147244
2025-01-18,7562.838656147244,7562.838656147244
2025-01-19,7562.838656147244,7562.838656147244
2025-01-20,7562.838656147244,7562.838656147244
2025-01-21,7562.838656147244,7562.838656147244
2025-01-22,7562.838656147244,7562.838656147244
2025-01-23,7562.838656147244,7562.838656147244
2025-01-24,7562.838656147244,7562.838656147244
2025-01-25,7562.838656147244,7562.838656147244
2025-01-26,7562.838656147244,7562.838656147244
2025-01-27,7562.838656147244,7562.838656147244
2025-01-28,7562.838656147244,7562.838656147244
2025-01-29,7562.838656147244,7562.838656147244
2025-01-30,7562.838656147244,7562.838656147244
2025-01-31,7562.838656147244,7562.838656147244
2025-02-01,7562.838656147244,7562.838656147244
2025-02-02,7562.838656147244,7562.838656147244
2025-02-03,7562.838656147244,7562.838656147244
2025-02-04,7562.838656147244,7562.838656147244
2025-02-05,7562.838656147244,7562.838656147244
2025-02-06,7562.838656147244,7562.838656147244
2025-02-07,7562.838656147244,7562.838656147244
2025-02-08,7562.838656147244,7562.838656147244
2025-02-09,7562.838656147244,7562.838656147244
2025-02-10,7562.838656147244,7562.838656147244
2025-02-11,7562.838656147244,7562.838656147244
2025-02-12,7562.838656147244,7562.838656147244
2025-02-13,7562.838656147244,7562.838656147244
2025-02-14,7562.838656147244,7562.838656147244
2025-02-15,7562.838656147244,7562.838656147244
2025-02-16,7562.838656147244,7562.838656147244
2025-02-17,7562.838656147244,7562.838656147244
2025-02-18,7562.838656147244,7562.838656147244
2025-02-19,7562.838656147244,7562.838656147244
2025-02-20,7562.838656147244,7562.838656147244
2025-02-21,7562.838656147244,7562.838656147244
2025-02-22,7562.838656147244,7562.838656147244
2025-02-23,7562.838656147244,7562.838656147244
2025-02-24,7763.74942031635,9428.410387796916
2025-02-25,7762.0843431836265,7762.0843431836265
2025-02-26,7762.0843431836265,7762.0843431836265
2025-02-27,7762.0843431836265,7762.0843431836265
2025-02-28,7762.0843431836265,7762.0843431836265
2025-03-01,7762.0843431836265,7762.0843431836265
2025-03-02,7762.0843431836265,7762.0843431836265
2025-03-03,7762.0843431836265,7762.0843431836265
2025-03-04,7762.0843431836265,7762.0843431836265
2025-03-05,7762.0843431836265,7762.0843431836265
2025-03-06,7762.0843431836265,7762.0843431836265
2025-03-07,7762.0843431836265,7762.0843431836265
2025-03-08,7762.0843431836265,7762.0843431836265
2025-03-09,7762.0843431836265,7762.0843431836265
2025-03-10,7762.0843431836265,7762.0843431836265
2025-03-11,7762.0843431836265,7762.0843431836265
2025-03-12,7762.0843431836265,7762.0843431836265
2025-03-13,7762.0843431836265,7762.0843431836265
2025-03-14,7762.0843431836265,7762.0843431836265
2025-03-15,7762.0843431836265,7762.0843431836265
2025-03-16,7762.0843431836265,7762.0843431836265
2025-03-17,7762.0843431836265,7762.0843431836265
2025-03-18,7762.0843431836265,7762.0843431836265
2025-03-19,7762.0843431836265,7762.0843431836265
2025-03-20,7762.0843431836265,7762.0843431836265
2025-03-21,7762.0843431836265,7762.0843431836265
2025-03-22,7762.0843431836265,7762.0843431836265
2025-03-23,7762.0843431836265,7762.0843431836265
2025-03-24,7762.0843431836265,7762.0843431836265
2025-03-25,7762.0843431836265,7762.0843431836265
2025-03-26,7762.0843431836265,7762.0843431836265
2025-03-27,7762.0843431836265,7762.0843431836265
2025-03-28,7762.0843431836265,7762.0843431836265
2025-03-29,7762.0843431836265,7762.0843431836265
2025-03-30,7762.0843431836265,7762.0843431836265
2025-03-31,7762.0843431836265,7762.0843431836265
2025-04-01,7762.0843431836265,7762.0843431836265
2025-04-02,7762.0843431836265,7762.0843431836265
2025-04-03,7762.0843431836265,7762.0843431836265
2025-04-04,7762.0843431836265,7762.0843431836265
2025-04-05,7762.0843431836265,7762.0843431836265
2025-04-06,7762.0843431836265,7762.0843431836265
2025-04-07,7762.0843431836265,7762.0843431836265
2025-04-08,7762.0843431836265,7762.0843431836265
2025-04-09,7762.0843431836265,7762.0843431836265
2025-04-10,7762.0843431836265,7762.0843431836265
2025-04-11,7762.0843431836265,7762.0843431836265
2025-04-12,7762.0843431836265,7762.0843431836265
2025-04-13,7762.0843431836265,7762.0843431836265
2025-04-14,7762.0843431836265,7762.0843431836265
2025-04-15,7762.0843431836265,7762.0843431836265
2025-04-16,7762.0843431836265,7762.0843431836265
2025-04-17,7762.0843431836265,7762.0843431836265
2025-04-18,7762.0843431836265,7762.0843431836265
2025-04-19,7762.0843431836265,7762.0843431836265
2025-04-20,7762.0843431836265,7762.0843431836265
2025-04-21,7762.0843431836265,7762.0843431836265
2025-04-22,7762.0843431836265,7762.0843431836265
2025-04-23,7762.0843431836265,7762.0843431836265
2025-04-24,7762.0843431836265,7762.0843431836265
2025-04-25,7762.0843431836265,7762.0843431836265
2025-04-26,7762.0843431836265,7762.0843431836265
2025-04-27,7762.0843431836265,7762.0843431836265
2025-04-28,7762.0843431836265,7762.0843431836265
2025-04-29,7762.0843431836265,7762.0843431836265
2025-04-30,7762.0843431836265,7762.0843431836265
2025-05-01,7762.0843431836265,7762.0843431836265
2025-05-02,7762.0843431836265,7762.0843431836265
2025-05-03,7762.0843431836265,7762.0843431836265
2025-05-04,7762.0843431836265,7762.0843431836265
2025-05-05,7762.0843431836265,7762.0843431836265
2025-05-06,7762.0843431836265,7762.0843431836265
2025-05-07,7762.0843431836265,7762.0843431836265
2025-05-08,7762.0843431836265,7762.0843431836265
2025-05-09,7622.371219442262,10088.381600665789
2025-05-10,7619.904592558444,7619.904592558444
2025-05-11,7661.520586014245,9903.590568157368
2025-05-12,7630.806826910019,9903.590568157368
2025-05-13,7628.499008066399,7628.499008066399
2025-05-14,7628.499008066399,7628.499008066399
2025-05-15,7628.499008066399,7628.499008066399
2025-05-16,7628.499008066399,7628.499008066399
2025-05-17,7628.499008066399,7628.499008066399
2025-05-18,7628.499008066399,7628.499008066399
2025-05-19,7628.499008066399,7628.499008066399
2025-05-20,7628.499008066399,7628.499008066399
2025-05-21,7628.499008066399,7628.499008066399
2025-05-22,7628.499008066399,7628.499008066399
2025-05-23,7628.499008066399,7628.499008066399
2025-05-24,7628.499008066399,7628.499008066399
2025-05-25,7628.499008066399,7628.499008066399
2025-05-26,7628.499008066399,7628.499008066399
2025-05-27,7628.499008066399,7628.499008066399
2025-05-28,7628.499008066399,7628.499008066399
2025-05-29,7628.499008066399,7628.499008066399
2025-05-30,7628.499008066399,7628.499008066399
2025-05-31,7621.553809782728,6563.47365989054
2025-06-01,7638.573601713931,4978.604488641794
2025-06-02,7637.886117314884,4978.604488641794
2025-06-03,7620.217314397471,6049.683116996443
2025-06-04,7618.647172833618,7618.647172833618
2025-06-05,7618.647172833618,7618.647172833618
2025-06-06,7678.95053474652,5330.766632333372
2025-06-07,7707.404536736756,5330.766632333372
2025-06-08,7711.499115605266,5330.766632333372
2025-06-09,7813.475632443634,5330.766632333372
2025-06-10,7810.9935441207745,7810.9935441207745
2025-06-11,7810.9935441207745,7810.9935441207745
2025-06-12,7810.9935441207745,7810.9935441207745
2025-06-13,7810.9935441207745,7810.9935441207745
2025-06-14,7810.9935441207745,7810.9935441207745
2025-06-15,7810.9935441207745,7810.9935441207745
2025-06-16,7810.9935441207745,7810.9935441207745
2025-06-17,7810.9935441207745,7810.9935441207745
2025-06-18,7810.9935441207745,7810.9935441207745
2025-06-19,7810.9935441207745,7810.9935441207745
2025-06-20,7810.9935441207745,7810.9935441207745
2025-06-21,7810.9935441207745,7810.9935441207745
2025-06-22,7730.709821158427,3119.6721314859
2025-06-23,7726.099936228177,7726.099936228177
2025-06-24,7734.746571759131,5405.915323657393
2025-06-25,7743.938421976182,5405.915323657393
2025-06-26,7730.295400197331,5405.915323657393
2025-06-27,7742.635640055655,5405.915323657393
2025-06-28,7753.094083806551,5405.915323657393
2025-06-29,7750.783644048433,7750.783644048433
2025-06-30,7750.783644048433,7750.783644048433
2025-07-01,7750.783644048433,7750.783644048433
2025-07-02,7750.783644048433,7750.783644048433
2025-07-03,7716.7184919782585,12396.56909377306
2025-07-04,7786.120154880069,12396.56909377306
2025-07-05,7772.528211732531,12396.56909377306
2025-07-06,7726.477427835885,12396.56909377306
2025-07-07,7753.872835237842,12396.56909377306
2025-07-08,7741.288713620021,12396.56909377306
2025-07-09,7663.547842684504,12396.56909377306
2025-07-10,7600.829161796811,10018.021906081236
2025-07-11,7566.301330647833,9876.380628688778
2025-07-12,7575.275128682941,9831.578883280268
2025-07-13,7555.076101107011,9831.578883280268
2025-07-14,7564.55056355305,9831.578883280268
2025-07-15,7562.250038131529,7562.250038131529
2025-07-16,7562.250038131529,7562.250038131529
2025-07-17,7521.43484923042,9828.656939461895
2025-07-18,7530.500004859954,9388.833996910585
2025-07-19,7486.282958709095,9220.335074233817
2025-07-20,7484.6203691415585,7484.6203691415585
2025-07-21,7484.6203691415585,7484.6203691415585
2025-07-22,7484.6203691415585,7484.6203691415585
2025-07-23,7484.6203691415585,7484.6203691415585
2025-07-24,7484.6203691415585,7484.6203691415585
2025-07-25,7484.6203691415585,7484.6203691415585
2025-07-26,7484.6203691415585,7484.6203691415585
2025-07-27,7484.6203691415585,7484.6203691415585
2025-07-28,7484.6203691415585,7484.6203691415585
2025-07-29,7484.6203691415585,7484.6203691415585
2025-07-30,7484.6203691415585,7484.6203691415585
2025-07-31,7484.6203691415585,7484.6203691415585
2025-08-01,7484.6203691415585,7484.6203691415585
2025-08-02,7484.6203691415585,7484.6203691415585
2025-08-03,7484.6203691415585,7484.6203691415585
2025-08-04,7484.6203691415585,7484.6203691415585
2025-08-05,7484.6203691415585,7484.6203691415585
2025-08-06,7484.6203691415585,7484.6203691415585
2025-08-07,7484.6203691415585,7484.6203691415585
2025-08-08,7484.6203691415585,7484.6203691415585
2025-08-09,7484.6203691415585,7484.6203691415585
2025-08-10,7484.6203691415585,7484.6203691415585
2025-08-11,7484.6203691415585,7484.6203691415585
2025-08-12,7454.979737662769,9727.76165287667
2025-08-13,7394.962965496796,9727.76165287667
2025-08-14,7392.629394233403,7392.629394233403
2025-08-15,7408.279693109175,9608.200975916787
2025-08-16,7407.555835287285,9608.200975916787
2025-08-17,7407.09932303753,9608.200975916787
2025-08-18,7429.183642122598,9608.200975916787
2025-08-19,7427.0040800344705,7427.0040800344705
2025-08-20,7427.0040800344705,7427.0040800344705
2025-08-21,7427.0040800344705,7427.0040800344705
2025-08-22,7427.0040800344705,7427.0040800344705
2025-08-23,7427.0040800344705,7427.0040800344705
2025-08-24,7427.0040800344705,7427.0040800344705
2025-08-25,7358.38780137119,5196.674200005144
2025-08-26,7356.226628198225,7356.226628198225
2025-08-27,7344.122354204363,5147.151222242376
2025-08-28,7369.888612250446,5147.151222242376
2025-08-29,7287.163065971399,5147.151222242376
2025-08-30,7285.023589130631,7285.023589130631
2025-08-31,7285.023589130631,7285.023589130631
2025-09-01,7285.023589130631,7285.023589130631
2025-09-02,7285.023589130631,7285.023589130631
2025-09-03,7285.023589130631,7285.023589130631
2025-09-04,7285.023589130631,7285.023589130631
2025-09-05,7285.023589130631,7285.023589130631
2025-09-06,7285.023589130631,7285.023589130631
2025-09-07,7285.023589130631,7285.023589130631
2025-09-08,7285.023589130631,7285.023589130631
2025-09-09,7285.023589130631,7285.023589130631
2025-09-10,7285.023589130631,7285.023589130631
2025-09-11,7285.023589130631,7285.023589130631
2025-09-12,7285.023589130631,7285.023589130631
2025-09-13,7284.931662837173,9468.345514816829
2025-09-14,7297.180207563508,9468.345514816829
2025-09-15,7295.641322615267,9468.345514816829
2025-09-16,7268.531895910804,9468.345514816829
2025-09-17,7274.961873325501,9468.345514816829
2025-09-18,7263.171791997454,9468.345514816829
2025-09-19,7290.31700672397,9468.345514816829
2025-09-20,7289.314000316457,9468.345514816829
2025-09-21,7297.853022378087,9468.345514816829
2025-09-22,7346.473875706022,9468.345514816829
2025-09-23,7344.351473599003,7344.351473599003
2025-09-24,7344.351473599003,7344.351473599003
2025-09-25,7344.351473599003,7344.351473599003
2025-09-26,7462.218357643991,3454.0958862473135
2025-09-27,7447.131521149052,3454.0958862473135
2025-09-28,7562.597004754664,3454.0958862473135
2025-09-29,7622.785547716476,3454.0958862473135
2025-09-30,7584.933239761704,5762.5830778905765
2025-10-01,7701.602772839135,5762.5830778905765
2025-10-02,7699.664237899109,7699.664237899109
2025-10-03,7664.724274767594,10007.2541851647
2025-10-04,7662.377130628806,7662.377130628806
2025-10-05,7662.377130628806,7662.377130628806
2025-10-06,7662.377130628806,7662.377130628806
2025-10-07,7662.377130628806,7662.377130628806
2025-10-08,7662.377130628806,7662.377130628806
2025-10-09,7662.377130628806,7662.377130628806
2025-10-10,7662.377130628806,7662.377130628806
2025-10-11,7662.377130628806,7662.377130628806
2025-10-12,7662.377130628806,7662.377130628806
2025-10-13,7662.377130628806,7662.377130628806
2025-10-14,7662.377130628806,7662.377130628806
2025-10-15,7662.377130628806,7662.377130628806
2025-10-16,7662.377130628806,7662.377130628806
2025-10-17,7662.377130628806,7662.377130628806
2025-10-18,7662.377130628806,7662.377130628806
2025-10-19,7662.377130628806,7662.377130628806
2025-10-20,7662.377130628806,7662.377130628806
2025-10-21,7662.377130628806,7662.377130628806
2025-10-22,7662.377130628806,7662.377130628806
2025-10-23,7662.377130628806,7662.377130628806
2025-10-24,7662.377130628806,7662.377130628806
2025-10-25,7662.377130628806,7662.377130628806
2025-10-26,7662.377130628806,7662.377130628806
2025-10-27,7662.377130628806,7662.377130628806
2025-10-28,7662.377130628806,7662.377130628806
2025-10-29,7662.377130628806,7662.377130628806
2025-10-30,7662.377130628806,7662.377130628806
2025-10-31,7662.377130628806,7662.377130628806
2025-11-01,7662.377130628806,7662.377130628806
2025-11-02,7662.377130628806,7662.377130628806
2025-11-03,7662.377130628806,7662.377130628806
2025-11-04,7662.377130628806,7662.377130628806
2025-11-05,7662.377130628806,7662.377130628806
2025-11-06,7662.377130628806,7662.377130628806
2025-11-07,7662.377130628806,7662.377130628806
2025-11-08,7662.377130628806,7662.377130628806
2025-11-09,7662.377130628806,7662.377130628806
2025-11-10,7662.377130628806,7662.377130628806
2025-11-11,7662.377130628806,7662.377130628806
2025-11-12,7662.377130628806,7662.377130628806
2025-11-13,7662.377130628806,7662.377130628806
2025-11-14,7662.377130628806,7662.377130628806
2025-11-15,7662.377130628806,7662.377130628806
2025-11-16,7662.377130628806,7662.377130628806
2025-11-17,7662.377130628806,7662.377130628806
2025-11-18,7662.377130628806,7662.377130628806
2025-11-19,7662.377130628806,7662.377130628806
2025-11-20,7662.377130628806,7662.377130628806
2025-11-21,7662.377130628806,7662.377130628806
2025-11-22,7662.377130628806,7662.377130628806
2025-11-23,7662.377130628806,7662.377130628806
2025-11-24,7662.377130628806,7662.377130628806
2025-11-25,7662.377130628806,7662.377130628806
2025-11-26,7662.377130628806,7662.377130628806
2025-11-27,7662.377130628806,7662.377130628806
2025-11-28,7662.377130628806,7662.377130628806
2025-11-29,7662.377130628806,7662.377130628806
2025-11-30,7662.377130628806,7662.377130628806
2025-12-01,7662.377130628806,7662.377130628806
2025-12-02,7662.377130628806,7662.377130628806
2025-12-03,7662.377130628806,7662.377130628806
2025-12-04,7662.377130628806,7662.377130628806
2025-12-05,7662.377130628806,7662.377130628806
2025-12-06,7662.377130628806,7662.377130628806
2025-12-07,7662.377130628806,7662.377130628806
2025-12-08,7662.377130628806,7662.377130628806
2025-12-09,7662.377130628806,7662.377130628806
2025-12-10,7656.844633340178,9609.736687367578
2025-12-11,7707.809209346868,9609.736687367578
2025-12-12,7797.418739932462,9609.736687367578
2025-12-13,7779.923350036448,9609.736687367578
2025-12-14,7809.967481644311,9609.736687367578
2025-12-15,7808.173143251713,7808.173143251713
2025-12-16,7808.173143251713,7808.173143251713
2025-12-17,7808.173143251713,7808.173143251713
2025-12-18,7808.173143251713,7808.173143251713
2025-12-19,7808.173143251713,7808.173143251713
2025-12-20,7808.173143251713,7808.173143251713
2025-12-21,7808.173143251713,7808.173143251713
2025-12-22,7808.173143251713,7808.173143251713
2025-12-23,7808.173143251713,7808.173143251713
2025-12-24,7808.173143251713,7808.173143251713
2025-12-25,7808.173143251713,7808.173143251713
2025-12-26,7808.173143251713,7808.173143251713
2025-12-27,7808.173143251713,7808.173143251713
2025-12-28,7808.173143251713,7808.173143251713
2025-12-29,7808.173143251713,7808.173143251713
2025-12-30,7808.173143251713,7808.173143251713
2025-12-31,7808.173143251713,7808.173143251713
2026-01-01,7808.173143251713,7808.173143251713
2026-01-02,7808.173143251713,7808.173143251713
2026-01-03,7789.358523530775,10148.283477583427
2026-01-04,7765.887967247255,10148.283477583427
2026-01-05,7705.241728138136,10148.283477583427
2026-01-06,7675.16286489799,15953.63402927784
2026-01-07,7989.268389513373,18253.880913224737
2026-01-08,8138.342732379924,18253.880913224737
2026-01-09,8198.543027113154,18253.880913224737
2026-01-10,8178.108003778936,16504.584550505017
2026-01-11,8217.988969852504,16504.584550505017
2026-01-12,8218.594745744373,14567.786739076075
2026-01-13,7920.402132321662,12323.213043366824
2026-01-14,7967.24127239692,9924.37926547471
2026-01-15,8104.232481688119,12312.187245068379
2026-01-16,8100.10158319927,9963.163311560384
2026-01-17,8047.348537563751,9963.163311560384
2026-01-18,8046.312340700551,8046.312340700551
2026-01-19,8046.312340700551,8046.312340700551
2026-01-20,8046.312340700551,8046.312340700551
2026-01-21,8046.312340700551,8046.312340700551
2026-01-22,8046.312340700551,8046.312340700551
2026-01-23,8046.312340700551,8046.312340700551
2026-01-24,8046.312340700551,8046.312340700551
2026-01-25,8046.312340700551,8046.312340700551
2026-01-26,8138.904683925828,5956.508514825243
2026-01-27,8190.72429676265,5956.508514825243
2026-01-28,8158.4029111288355,5956.508514825243
2026-01-29,8026.131153616541,5956.508514825243
2026-01-30,8022.090980412315,5956.508514825243
2026-01-31,7811.123675269864,5956.508514825243
2026-02-01,7809.269523763211,7809.269523763211
2026-02-02,7809.269523763211,7809.269523763211
2026-02-03,7809.269523763211,7809.269523763211
2026-02-04,7809.269523763211,7809.269523763211
2026-02-05,7809.269523763211,7809.269523763211
2026-02-06,7809.269523763211,7809.269523763211
2026-02-07,7809.269523763211,7809.269523763211
2026-02-08,7809.269523763211,7809.269523763211
2026-02-09,7809.269523763211,7809.269523763211
2026-02-10,7809.269523763211,7809.269523763211
2026-02-11,7809.269523763211,7809.269523763211
2026-02-12,7809.269523763211,7809.269523763211
2026-02-13,7809.269523763211,7809.269523763211
2026-02-14,7809.269523763211,7809.269523763211
2026-02-15,7809.269523763211,7809.269523763211
2026-02-16,7809.269523763211,7809.269523763211
2026-02-17,7809.269523763211,7809.269523763211
2026-02-18,7809.269523763211,7809.269523763211
2026-02-19,7809.269523763211,7809.269523763211
2026-02-20,7809.269523763211,7809.269523763211
2026-02-21,7809.269523763211,7809.269523763211
2026-02-22,7809.269523763211,7809.269523763211
2026-02-23,7809.269523763211,7809.269523763211
2026-02-24,7809.269523763211,7809.269523763211
2026-02-25,7809.269523763211,7809.269523763211
2026-02-26,7809.269523763211,7809.269523763211
2026-02-27,7809.269523763211,7809.269523763211
2026-02-28,7809.269523763211,7809.269523763211
2026-03-01,7809.269523763211,7809.269523763211
2026-03-02,7809.269523763211,7809.269523763211
2026-03-03,7809.269523763211,7809.269523763211
2026-03-04,7809.269523763211,7809.269523763211
2026-03-05,7877.638814284006,11719.45167758783
2026-03-06,8021.155876950848,11719.45167758783
2026-03-07,8071.851721805642,11719.45167758783
2026-03-08,8068.167569222483,8068.167569222483
2026-03-09,8068.167569222483,8068.167569222483
2026-03-10,8068.167569222483,8068.167569222483
2026-03-11,8068.167569222483,8068.167569222483
2026-03-12,8068.167569222483,8068.167569222483
2026-03-13,8068.167569222483,8068.167569222483
2026-03-14,8068.167569222483,8068.167569222483
2026-03-15,8068.167569222483,8068.167569222483
2026-03-16,8068.167569222483,8068.167569222483
2026-03-17,8134.343786815332,12904.19284116113
2026-03-18,8278.599260364932,12904.19284116113
2026-03-19,8318.793995232452,10579.097569588277
2026-03-20,8316.532803035165,8316.532803035165
2026-03-21,8316.532803035165,8316.532803035165
2026-03-22,8316.532803035165,8316.532803035165
2026-03-23,8316.532803035165,8316.532803035165
2026-03-24,8316.532803035165,8316.532803035165
2026-03-25,8316.532803035165,8316.532803035165
2026-03-26,8316.532803035165,8316.532803035165
2026-03-27,8316.532803035165,8316.532803035165
2026-03-28,8316.532803035165,8316.532803035165
2026-03-29,8316.532803035165,8316.532803035165
2026-03-30,8316.532803035165,8316.532803035165
2026-03-31,8316.532803035165,8316.532803035165
2026-04-01,8316.532803035165,8316.532803035165
2026-04-02,8316.532803035165,8316.532803035165
2026-04-03,8316.532803035165,8316.532803035165
2026-04-04,8316.532803035165,8316.532803035165
2026-04-05,8316.532803035165,8316.532803035165
2026-04-06,8316.532803035165,8316.532803035165
2026-04-07,8316.532803035165,8316.532803035165
2026-04-08,8316.532803035165,8316.532803035165
2026-04-09,8316.532803035165,8316.532803035165
2026-04-10,8316.532803035165,8316.532803035165
2026-04-11,8316.532803035165,8316.532803035165
2026-04-12,8316.532803035165,8316.532803035165
2026-04-13,8316.532803035165,8316.532803035165
2026-04-14,8316.532803035165,8316.532803035165
2026-04-15,8316.532803035165,8316.532803035165
2026-04-16,8316.532803035165,8316.532803035165
2026-04-17,8316.532803035165,8316.532803035165
2026-04-18,8316.532803035165,8316.532803035165
2026-04-19,8316.532803035165,8316.532803035165
2026-04-20,8316.532803035165,8316.532803035165
2026-04-21,8316.532803035165,8316.532803035165
2026-04-22,8316.532803035165,8316.532803035165
2026-04-23,8309.850650996972,10808.9983053523
2026-04-24,8318.969913744251,10808.9983053523
2026-04-25,8349.02825619022,10808.9983053523
2026-04-26,8320.731144746946,10808.9983053523
2026-04-27,8355.681795533728,10808.9983053523
2026-04-28,8364.605365947376,10808.9983053523
2026-04-29,8392.628508123566,10808.9983053523
2026-04-30,8393.611087197076,10905.482925050386
2026-05-01,8384.053321552046,10905.482925050386
2026-05-02,8381.531261591148,8381.531261591148
2026-05-03,8381.531261591148,8381.531261591148
2026-05-04,8381.531261591148,8381.531261591148
2026-05-05,8381.531261591148,8381.531261591148
2026-05-06,8381.531261591148,8381.531261591148
2026-05-07,8432.300530991826,13405.865141620136
2026-05-08,8300.183711186442,13405.865141620136
2026-05-09,8296.084192093618,10818.346179205553
2026-05-10,8135.323948110474,13304.254552493903
2026-05-11,8130.544404501523,8130.544404501523
2026-05-12,8130.544404501523,8130.544404501523
2026-05-13,8130.544404501523,8130.544404501523
2026-05-14,8130.544404501523,8130.544404501523
2026-05-15,8130.544404501523,8130.544404501523
2026-05-16,8130.544404501523,8130.544404501523
2026-05-17,8130.544404501523,8130.544404501523
2026-05-18,8130.544404501523,8130.544404501523
2026-05-19,8130.544404501523,8130.544404501523
2026-05-20,8130.544404501523,8130.544404501523
2026-05-21,8130.544404501523,8130.544404501523
2026-05-22,8130.544404501523,8130.544404501523
2026-05-23,8167.256464748015,5688.941312480489
2026-05-24,8177.361590684159,5688.941312480489
2026-05-25,8185.6617109010795,5688.941312480489
2026-05-26,8140.714162400964,5688.941312480489
2026-05-27,8092.902176381131,5688.941312480489
2026-05-28,8066.043755858924,5688.941312480489
2026-05-29,8063.667570267395,8063.667570267395
2026-05-30,8075.197225328539,5642.147596562549
2026-05-31,8068.282149482406,5642.147596562549
2026-06-01,7993.678429406889,5642.147596562549
2026-06-02,7991.327486456753,7991.327486456753
2026-06-03,7958.632485070176,5901.879096152565
2026-06-04,7895.392775880347,5901.879096152565
2026-06-05,7893.174933229251,7893.174933229251
2026-06-06,7893.174933229251,7893.174933229251
2026-06-07,7893.174933229251,7893.174933229251
2026-06-08,7893.174933229251,7893.174933229251
2026-06-09,7893.174933229251,7893.174933229251
2026-06-10,7893.174933229251,7893.174933229251
2026-06-11,7893.174933229251,7893.174933229251
2026-06-12,7893.174933229251,7893.174933229251
2026-06-13,7893.174933229251,7893.174933229251
2026-06-14,7893.174933229251,7893.174933229251
2026-06-15,7893.174933229251,7893.174933229251
2026-06-16,7893.174933229251,7893.174933229251
2026-06-17,7893.174933229251,7893.174933229251
2026-06-18,7893.174933229251,7893.174933229251
2026-06-19,7893.174933229251,7893.174933229251
2026-06-20,7893.174933229251,7893.174933229251
2026-06-21,7893.174933229251,7893.174933229251
2026-06-22,7893.174933229251,7893.174933229251
2026-06-23,7893.174933229251,7893.174933229251
2026-06-24,7893.174933229251,7893.174933229251
2026-06-25,7893.174933229251,7893.174933229251
2026-06-26,7893.174933229251,7893.174933229251
2026-06-27,7893.174933229251,7893.174933229251
2026-06-28,7893.174933229251,7893.174933229251
2026-06-29,7893.174933229251,7893.174933229251
2026-06-30,7893.174933229251,7893.174933229251
2026-07-01,7893.174933229251,7893.174933229251
2026-07-02,7893.174933229251,7893.174933229251
2026-07-03,7893.174933229251,7893.174933229251
2026-07-04,7893.174933229251,7893.174933229251
2026-07-05,7893.174933229251,7893.174933229251
2026-07-06,7943.9390602519725,9773.63586402838
2026-07-07,8039.297851328267,9773.63586402838
2026-07-08,8113.796906856623,9773.63586402838
2026-07-09,8118.763510558513,9773.63586402838
2026-07-10,8117.770189818135,9773.63586402838
2026-07-11,8126.710076481538,9773.63586402838
2026-07-12,8163.462943875526,9773.63586402838
2026-07-13,8208.162377192539,9773.63586402838
2026-07-14,8207.590826646781,8207.590826646781
2026-07-15,8207.590826646781,8207.590826646781
2026-07-16,8207.590826646781,8207.590826646781
2026-07-17,8207.590826646781,8207.590826646781
2026-07-18,8207.590826646781,8207.590826646781
2026-07-19,8207.590826646781,8207.590826646781
2026-07-20,8207.590826646781,8207.590826646781
2026-07-21,8207.590826646781,8207.590826646781
2026-07-22,8221.468590094819,10667.406040917356
2026-07-23,8259.038242376177,10667.406040917356
2026-07-24,8294.516170082945,10667.406040917356
2026-07-25,8307.405234133319,5801.254397655406
2026-07-26,8335.508799248671,5801.254397655406
2026-07-27,8332.931172974038,8332.931172974038
2026-07-28,8332.931172974038,8332.931172974038
2026-07-29,8333.493763658353,5830.551319262477
2026-07-30,8421.010763759608,5830.551319262477
2026-07-31,8418.420951929973,8418.420951929973
