order_id,signal_time,fill_time,symbol,side,qty,fill_price,commission,slip,slip_dir,costs,strategy_id,exit_reason,is_maker
qt_1124adc43eedce808078aa64,2017-10-13,2017-10-14,ETH-USDT,short,7.633223605743996,337.79102,1.2892171938361712,0.16897999999997637,negative,"{'commission': np.float64(1.2892171938361712), 'slippage': np.float64(1.28986212489844), 'impact': np.float64(0.0), 'funding': None, 'borrow': None, 'funding_status': 'not_modeled', 'borrow_status': 'not_modeled', 'modeled_total': np.float64(2.5790793187346113)}",VolatilityReversion,signal,False
qt_e3141f8f6bdc7867260aaedf,2017-10-15,2017-10-16,ETH-USDT,cover,7.633223605743996,337.66875,1.2887505367110341,0.16874999999998863,positive,"{'commission': np.float64(1.2887505367110341), 'slippage': np.float64(1.2881064834692126), 'impact': np.float64(0.0), 'funding': None, 'borrow': None, 'funding_status': 'not_modeled', 'borrow_status': 'not_modeled', 'modeled_total': np.float64(2.5768570201802468)}",Router,StateSwitch,False
qt_7b51ea9869777ebb07cb5046,2017-10-20,2017-10-21,BTC-USDT,buy,0.1504168035161157,6016.72686,0.45250841095537786,3.006859999999506,positive,"{'commission': np.float64(0.45250841095537786), 'slippage': np.float64(0.4522822698203933), 'impact': np.float64(0.0), 'funding': None, 'borrow': None, 'funding_status': 'not_modeled', 'borrow_status': 'not_modeled', 'modeled_total': np.float64(0.9047906807757712)}",TrendBreakout,signal,False
qt_c01ae71a7249addb06e5bb22,2017-10-25,2017-10-26,BTC-USDT,sell,0.1504168035161157,5667.264950000001,0.4262259392289597,2.8350499999996828,negative,"{'commission': np.float64(0.4262259392289597), 'slippage': np.float64(0.42643915880831607), 'impact': np.float64(0.0), 'funding': None, 'borrow': None, 'funding_status': 'not_modeled', 'borrow_status': 'not_modeled', 'modeled_total': np.float64(0.8526650980372757)}",Router,StateSwitch,False
qt_7835de9721bdb2897de64413,2017-11-19,2017-11-20,BTC-USDT,buy,0.0733132939577124,8061.1385549999995,0.29549431025828193,4.028554999999869,positive,"{'commission': np.float64(0.29549431025828193), 'slippage': np.float64(0.2953466369398025), 'impact': np.float64(0.0), 'funding': None, 'borrow': None, 'funding_status': 'not_modeled', 'borrow_status': 'not_modeled', 'modeled_total': np.float64(0.5908409471980844)}",TrendBreakout,signal,False
qt_61751930ec0ee604884def4a,2017-12-14,2017-12-15,BNB-USDT,short,392.179554877462,3.1502241000000004,0.6177267426511268,0.0015758999999997414,negative,"{'commission': np.float64(0.6177267426511268), 'slippage': np.float64(0.618035760531291), 'impact': np.float64(0.0), 'funding': None, 'borrow': None, 'funding_status': 'not_modeled', 'borrow_status': 'not_modeled', 'modeled_total': np.float64(1.2357625031824178)}",VolatilityReversion,signal,False
qt_ed2c5fe25b61d5b15a0d562d,2017-12-15,2017-12-16,BNB-USDT,cover,392.179554877462,4.16208,0.8161413408821935,0.0020799999999994156,positive,"{'commission': np.float64(0.8161413408821935), 'slippage': np.float64(0.8157334741448918), 'impact': np.float64(0.0), 'funding': None, 'borrow': None, 'funding_status': 'not_modeled', 'borrow_status': 'not_modeled', 'modeled_total': np.float64(1.6318748150270852)}",VolatilityReversion,hard_stop,False
qt_2f40c516b16db54d4592e9c4,2017-12-16,2017-12-17,BNB-USDT,short,304.8918845832648,4.6276850000000005,0.705471800453853,0.002314999999999401,negative,"{'commission': np.float64(0.705471800453853), 'slippage': np.float64(0.7058247128100754), 'impact': np.float64(0.0), 'funding': None, 'borrow': None, 'funding_status': 'not_modeled', 'borrow_status': 'not_modeled', 'modeled_total': np.float64(1.4112965132639284)}",VolatilityReversion,signal,False
qt_7be70066f50e0394848ebc5c,2017-12-17,2017-12-18,BNB-USDT,cover,304.8918845832648,6.001999499999999,0.9149804694114065,0.0029994999999995997,positive,"{'commission': np.float64(0.9149804694114065), 'slippage': np.float64(0.9145232078073807), 'impact': np.float64(0.0), 'funding': None, 'borrow': None, 'funding_status': 'not_modeled', 'borrow_status': 'not_modeled', 'modeled_total': np.float64(1.8295036772187871)}",VolatilityReversion,hard_stop,False
qt_2a14ea426def9468b1cd3cee,2017-12-18,2017-12-19,ETH-USDT,buy,0.503408147124333,784.3919999999999,0.1974346616695749,0.39199999999993906,positive,"{'commission': np.float64(0.1974346616695749), 'slippage': np.float64(0.19733599367270788), 'impact': np.float64(0.0), 'funding': None, 'borrow': None, 'funding_status': 'not_modeled', 'borrow_status': 'not_modeled', 'modeled_total': np.float64(0.3947706553422828)}",TrendBreakout,signal,False
qt_4ea516bc51977b838bc0decd,2017-12-18,2017-12-19,BNB-USDT,short,217.7300367656967,5.977010000000001,0.6506873035244685,0.002989999999999604,negative,"{'commission': np.float64(0.6506873035244685), 'slippage': np.float64(0.651012809929347), 'impact': np.float64(0.0), 'funding': None, 'borrow': None, 'funding_status': 'not_modeled', 'borrow_status': 'not_modeled', 'modeled_total': np.float64(1.3017001134538155)}",VolatilityReversion,signal,False
qt_79b0cc07b9927a4c9c553b05,2017-12-21,2017-12-22,BTC-USDT,sell,0.0733132939577124,15506.272985000001,0.5684079747689198,7.757014999999228,negative,"{'commission': np.float64(0.5684079747689198), 'slippage': np.float64(0.5686923209293279), 'impact': np.float64(0.0), 'funding': None, 'borrow': None, 'funding_status': 'not_modeled', 'borrow_status': 'not_modeled', 'modeled_total': np.float64(1.1371002956982477)}",Router,StateSwitch,False
qt_de46d725dd12d3d1127dc95b,2017-12-26,2017-12-27,BNB-USDT,cover,217.7300367656967,9.29074305,1.0114369129285705,0.004643050000000315,positive,"{'commission': np.float64(1.0114369129285705), 'slippage': np.float64(1.0109314472050366), 'impact': np.float64(0.0), 'funding': None, 'borrow': None, 'funding_status': 'not_modeled', 'borrow_status': 'not_modeled', 'modeled_total': np.float64(2.022368360133607)}",VolatilityReversion,hard_stop,False
qt_644d9df4cbb91b438bd50578,2017-12-27,2017-12-28,BNB-USDT,short,91.3274296154507,10.064965,0.45960369130973744,0.005034999999999457,negative,"{'commission': np.float64(0.45960369130973744), 'slippage': np.float64(0.45983360811374463), 'impact': np.float64(0.0), 'funding': None, 'borrow': None, 'funding_status': 'not_modeled', 'borrow_status': 'not_modeled', 'modeled_total': np.float64(0.9194372994234821)}",VolatilityReversion,signal,False
qt_3c8341575927d89875f9c13f,2017-12-28,2017-12-29,ETH-USDT,sell,0.503408147124333,709.14525,0.17849474817226096,0.35474999999996726,negative,"{'commission': np.float64(0.17849474817226096), 'slippage': np.float64(0.17858404019234064), 'impact': np.float64(0.0), 'funding': None, 'borrow': None, 'funding_status': 'not_modeled', 'borrow_status': 'not_modeled', 'modeled_total': np.float64(0.3570787883646016)}",Router,StateSwitch,False
qt_8c1d843b2bbc0253316aa220,2018-01-04,2018-01-05,BNB-USDT,cover,91.3274296154507,9.1395675,0.41734660378595534,0.00456750000000028,positive,"{'commission': np.float64(0.41734660378595534), 'slippage': np.float64(0.4171380347685966), 'impact': np.float64(0.0), 'funding': None, 'borrow': None, 'funding_status': 'not_modeled', 'borrow_status': 'not_modeled', 'modeled_total': np.float64(0.8344846385545519)}",Router,StateSwitch,False
qt_386740f57dbf37ba1d52b947,2018-01-16,2018-01-17,LTC-USDT,buy,3.12198651879666,179.36964,0.27999479898070506,0.08964000000000283,positive,"{'commission': np.float64(0.27999479898070506), 'slippage': np.float64(0.27985487154494143), 'impact': np.float64(0.0), 'funding': None, 'borrow': None, 'funding_status': 'not_modeled', 'borrow_status': 'not_modeled', 'modeled_total': np.float64(0.5598496705256465)}",VolatilityReversion,signal,False
qt_9a2bf3f3eb69fbe435185cfa,2018-02-02,2018-02-03,LTC-USDT,sell,3.12198651879666,131.92400500000002,0.20593248255783161,0.0659949999999867,negative,"{'commission': np.float64(0.20593248255783161), 'slippage': np.float64(0.20603550030794407), 'impact': np.float64(0.0), 'funding': None, 'borrow': None, 'funding_status': 'not_modeled', 'borrow_status': 'not_modeled', 'modeled_total': np.float64(0.4119679828657757)}",VolatilityReversion,hard_stop,False
qt_e80e8f27b1ce5b9a1bef6cb5,2018-02-05,2018-02-06,BTC-USDT,short,0.033350554791255566,6936.160185000001,0.11566239514538393,3.469814999999471,negative,"{'commission': np.float64(0.11566239514538393), 'slippage': np.float64(0.1157202552730028), 'impact': np.float64(0.0), 'funding': None, 'borrow': None, 'funding_status': 'not_modeled', 'borrow_status': 'not_modeled', 'modeled_total': np.float64(0.23138265041838674)}",TrendBreakdown,signal,False
qt_be590496fed12882e1c3c542,2018-02-05,2018-02-06,LTC-USDT,buy,4.344364858313193,125.232585,0.27202802069485993,0.06258499999999856,positive,"{'commission': np.float64(0.27202802069485993), 'slippage': np.float64(0.2718920746575249), 'impact': np.float64(0.0), 'funding': None, 'borrow': None, 'funding_status': 'not_modeled', 'borrow_status': 'not_modeled', 'modeled_total': np.float64(0.5439200953523848)}",VolatilityReversion,signal,False
qt_631b44f336bd4c061d54e104,2018-02-09,2018-02-10,LTC-USDT,sell,4.344364858313193,163.65813000000003,0.3554953143746261,0.08186999999998079,negative,"{'commission': np.float64(0.3554953143746261), 'slippage': np.float64(0.3556731509500176), 'impact': np.float64(0.0), 'funding': None, 'borrow': None, 'funding_status': 'not_modeled', 'borrow_status': 'not_modeled', 'modeled_total': np.float64(0.7111684653246437)}",VolatilityReversion,Volatility mean reversion complete,False
qt_f0e602cd478d812fdcc3b639,2018-02-14,2018-02-15,BTC-USDT,cover,0.033350554791255566,9454.704989999998,0.15765982840207618,4.724989999998797,positive,"{'commission': np.float64(0.15765982840207618), 'slippage': np.float64(0.15758103788309452), 'impact': np.float64(0.0), 'funding': None, 'borrow': None, 'funding_status': 'not_modeled', 'borrow_status': 'not_modeled', 'modeled_total': np.float64(0.3152408662851707)}",Router,StateSwitch,False
qt_def7cfd7c7f3ebe076d59716,2018-02-16,2018-02-17,LTC-USDT,short,4.385550056169493,227.88600000000002,0.49970273005012067,0.1139999999999759,negative,"{'commission': np.float64(0.49970273005012067), 'slippage': np.float64(0.49995270640321654), 'impact': np.float64(0.0), 'funding': None, 'borrow': None, 'funding_status': 'not_modeled', 'borrow_status': 'not_modeled', 'modeled_total': np.float64(0.9996554364533372)}",VolatilityReversion,signal,False
qt_7d953ace4e4b0a09be2e5e92,2018-02-22,2018-02-23,LTC-USDT,cover,4.385550056169493,192.78634499999998,0.42273708307173063,0.09634499999998525,positive,"{'commission': np.float64(0.42273708307173063), 'slippage': np.float64(0.42252582016158513), 'impact': np.float64(0.0), 'funding': None, 'borrow': None, 'funding_status': 'not_modeled', 'borrow_status': 'not_modeled', 'modeled_total': np.float64(0.8452629032333158)}",Router,StateSwitch,False
qt_0c4adfeff637ca14b09754cd,2018-03-14,2018-03-15,ETH-USDT,short,0.6940287816051642,609.7949500000001,0.21160762308874106,0.3050499999999374,negative,"{'commission': np.float64(0.21160762308874106), 'slippage': np.float64(0.2117134798286119), 'impact': np.float64(0.0), 'funding': None, 'borrow': None, 'funding_status': 'not_modeled', 'borrow_status': 'not_modeled', 'modeled_total': np.float64(0.423321102917353)}",TrendBreakdown,signal,False
qt_32cf439b594a4ddd703a690d,2018-03-27,2018-03-28,LTC-USDT,short,4.496753065241702,134.9325,0.303379066487863,0.06749999999999545,negative,"{'commission': np.float64(0.303379066487863), 'slippage': np.float64(0.30353083190379443), 'impact': np.float64(0.0), 'funding': None, 'borrow': None, 'funding_status': 'not_modeled', 'borrow_status': 'not_modeled', 'modeled_total': np.float64(0.6069098983916574)}",TrendBreakdown,signal,False
qt_de086e9c5ec5ac0baddff215,2018-03-29,2018-03-30,BTC-USDT,short,0.08938558989389456,7086.61492,0.31672062748753715,3.545079999999871,negative,"{'commission': np.float64(0.31672062748753715), 'slippage': np.float64(0.3168790670210362), 'impact': np.float64(0.0), 'funding': None, 'borrow': None, 'funding_status': 'not_modeled', 'borrow_status': 'not_modeled', 'modeled_total': np.float64(0.6335996945085733)}",TrendBreakdown,signal,False
qt_e5e93820f0cadc758c0f03c7,2018-04-11,2018-04-12,ETH-USDT,cover,0.6940287816051642,430.11494999999996,0.14925607734933305,0.21494999999998754,positive,"{'commission': np.float64(0.14925607734933305), 'slippage': np.float64(0.1491814866060214), 'impact': np.float64(0.0), 'funding': None, 'borrow': None, 'funding_status': 'not_modeled', 'borrow_status': 'not_modeled', 'modeled_total': np.float64(0.2984375639553545)}",Router,StateSwitch,False
qt_e419a3f645a60378c84126b8,2018-04-12,2018-04-13,BTC-USDT,cover,0.08938558989389456,7926.951494999999,0.35427761772043215,3.961494999999559,positive,"{'commission': np.float64(0.35427761772043215), 'slippage': np.float64(0.3541005674366744), 'impact': np.float64(0.0), 'funding': None, 'borrow': None, 'funding_status': 'not_modeled', 'borrow_status': 'not_modeled', 'modeled_total': np.float64(0.7083781851571065)}",Router,StateSwitch,False
qt_5916cee4c1c5fa732ec5edb6,2018-04-12,2018-04-13,LTC-USDT,cover,4.496753065241702,129.68481,0.29158028344139386,0.06480999999999426,positive,"{'commission': np.float64(0.29158028344139386), 'slippage': np.float64(0.2914345661582889), 'impact': np.float64(0.0), 'funding': None, 'borrow': None, 'funding_status': 'not_modeled', 'borrow_status': 'not_modeled', 'modeled_total': np.float64(0.5830148495996827)}",Router,StateSwitch,False
qt_da75828de5ce7fef6f45a181,2018-04-15,2018-04-16,BTC-USDT,short,0.23842613360377338,8350.892465,0.9955355012854172,4.1775349999988975,negative,"{'commission': np.float64(0.9955355012854172), 'slippage': np.float64(0.9960335180441766), 'impact': np.float64(0.0), 'funding': None, 'borrow': None, 'funding_status': 'not_modeled', 'borrow_status': 'not_modeled', 'modeled_total': np.float64(1.9915690193295938)}",VolatilityReversion,signal,False
qt_5d4cd55393cc75dedf8d4f22,2018-04-15,2018-04-16,ETH-USDT,short,3.251415919616971,533.61306,0.8674989990997631,0.26693999999997686,negative,"{'commission': np.float64(0.8674989990997631), 'slippage': np.float64(0.867932965582479), 'impact': np.float64(0.0), 'funding': None, 'borrow': None, 'funding_status': 'not_modeled', 'borrow_status': 'not_modeled', 'modeled_total': np.float64(1.7354319646822423)}",VolatilityReversion,signal,False
qt_d7e49d026a06b47c0fba3b7a,2018-04-18,2018-04-19,BTC-USDT,cover,0.23842613360377338,8178.076994999999,0.9749336391159077,4.086994999999661,positive,"{'commission': np.float64(0.9749336391159077), 'slippage': np.float64(0.9744464159078728), 'impact': np.float64(0.0), 'funding': None, 'borrow': None, 'funding_status': 'not_modeled', 'borrow_status': 'not_modeled', 'modeled_total': np.float64(1.9493800550237805)}",Router,StateSwitch,False
qt_413af8699c01c69decf8accc,2018-04-20,2018-04-21,ETH-USDT,cover,3.251415919616971,617.1084,1.0032380379446788,0.308400000000006,positive,"{'commission': np.float64(1.0032380379446788), 'slippage': np.float64(1.0027366696098934), 'impact': np.float64(0.0), 'funding': None, 'borrow': None, 'funding_status': 'not_modeled', 'borrow_status': 'not_modeled', 'modeled_total': np.float64(2.0059747075545724)}",VolatilityReversion,hard_stop,False
qt_7b66fc4b16c3716446e689a2,2018-04-24,2018-04-25,LTC-USDT,short,12.437947946621588,164.147885,1.0208314245890133,0.0821149999999875,negative,"{'commission': np.float64(1.0208314245890133), 'slippage': np.float64(1.0213420956366763), 'impact': np.float64(0.0), 'funding': None, 'borrow': None, 'funding_status': 'not_modeled', 'borrow_status': 'not_modeled', 'modeled_total': np.float64(2.0421735202256897)}",VolatilityReversion,signal,False
qt_9e127bce6564b153a9cd2678,2018-05-01,2018-05-02,LTC-USDT,cover,12.437947946621588,148.35414,0.9226105354929058,0.07413999999999987,positive,"{'commission': np.float64(0.9226105354929058), 'slippage': np.float64(0.9221494607625229), 'impact': np.float64(0.0), 'funding': None, 'borrow': None, 'funding_status': 'not_modeled', 'borrow_status': 'not_modeled', 'modeled_total': np.float64(1.8447599962554286)}",Router,StateSwitch,False
qt_1eefc61de9eb45ac7fe4f839,2018-05-03,2018-05-04,ETH-USDT,buy,0.9841307088474183,779.3895,0.38351057055161747,0.3894999999999982,positive,"{'commission': np.float64(0.38351057055161747), 'slippage': np.float64(0.38331891109606764), 'impact': np.float64(0.0), 'funding': None, 'borrow': None, 'funding_status': 'not_modeled', 'borrow_status': 'not_modeled', 'modeled_total': np.float64(0.766829481647685)}",TrendBreakout,signal,False
qt_50fc1b72a1349eb500109d2a,2018-05-05,2018-05-06,BTC-USDT,buy,0.1509537378064716,9868.921994999999,0.7448753316328751,4.931994999999006,positive,"{'commission': np.float64(0.7448753316328751), 'slippage': np.float64(0.7445030800926787), 'impact': np.float64(0.0), 'funding': None, 'borrow': None, 'funding_status': 'not_modeled', 'borrow_status': 'not_modeled', 'modeled_total': np.float64(1.489378411725554)}",TrendBreakout,signal,False
qt_e0ca76ca43a89564917dbe1c,2018-05-08,2018-05-09,BTC-USDT,sell,0.1509537378064716,9173.411,0.6923803394425012,4.588999999999942,negative,"{'commission': np.float64(0.6923803394425012), 'slippage': np.float64(0.6927267027938894), 'impact': np.float64(0.0), 'funding': None, 'borrow': None, 'funding_status': 'not_modeled', 'borrow_status': 'not_modeled', 'modeled_total': np.float64(1.3851070422363905)}",Router,StateSwitch,False
qt_2d39828a98a4e916c3fb8123,2018-05-11,2018-05-12,ETH-USDT,sell,0.9841307088474183,676.62152,0.3329420080495088,0.3384800000000041,negative,"{'commission': np.float64(0.3329420080495088), 'slippage': np.float64(0.3331085623306782), 'impact': np.float64(0.0), 'funding': None, 'borrow': None, 'funding_status': 'not_modeled', 'borrow_status': 'not_modeled', 'modeled_total': np.float64(0.666050570380187)}",Router,StateSwitch,False
qt_24a6dbb2388e2e4d9ccda7f3,2018-06-10,2018-06-11,ADA-USDT,buy,6286.804078011693,0.17354672999999998,0.545527144944797,8.672999999997932e-05,positive,"{'commission': np.float64(0.545527144944797), 'slippage': np.float64(0.5452545176858241), 'impact': np.float64(0.0), 'funding': None, 'borrow': None, 'funding_status': 'not_modeled', 'borrow_status': 'not_modeled', 'modeled_total': np.float64(1.0907816626306213)}",VolatilityReversion,signal,False
qt_45ab099a15d8a2b148dbbcab,2018-06-13,2018-06-14,BTC-USDT,short,0.11787112697757518,6289.63361,0.37068310094336726,3.146389999999883,negative,"{'commission': np.float64(0.37068310094336726), 'slippage': np.float64(0.37086853521095897), 'impact': np.float64(0.0), 'funding': None, 'borrow': None, 'funding_status': 'not_modeled', 'borrow_status': 'not_modeled', 'modeled_total': np.float64(0.7415516361543262)}",TrendBreakdown,signal,False
qt_958e59c53f7e78d77eb8544b,2018-06-13,2018-06-14,ETH-USDT,short,1.1483556495569938,475.23226500000004,0.27286782818225824,0.23773499999998648,negative,"{'commission': np.float64(0.27286782818225824), 'slippage': np.float64(0.2730043303474164), 'impact': np.float64(0.0), 'funding': None, 'borrow': None, 'funding_status': 'not_modeled', 'borrow_status': 'not_modeled', 'modeled_total': np.float64(0.5458721585296746)}",TrendBreakdown,signal,False
qt_e94b0efb8eae2d1804c27ac5,2018-06-13,2018-06-14,ADA-USDT,sell,6286.804078011693,0.15790101,0.49634635679508254,7.8990000000001e-05,negative,"{'commission': np.float64(0.49634635679508254), 'slippage': np.float64(0.4965946541221499), 'impact': np.float64(0.0), 'funding': None, 'borrow': None, 'funding_status': 'not_modeled', 'borrow_status': 'not_modeled', 'modeled_total': np.float64(0.9929410109172325)}",VolatilityReversion,hard_stop,False
qt_925a8b5cd53b0a4eeafec0fc,2018-06-22,2018-06-23,ADA-USDT,short,4127.442772599442,0.13779107000000002,0.28436237800012193,6.892999999999483e-05,negative,"{'commission': np.float64(0.28436237800012193), 'slippage': np.float64(0.2845046303152582), 'impact': np.float64(0.0), 'funding': None, 'borrow': None, 'funding_status': 'not_modeled', 'borrow_status': 'not_modeled', 'modeled_total': np.float64(0.5688670083153802)}",TrendBreakdown,signal,False
qt_0f65fe5620cf61358e086dda,2018-06-22,2018-06-23,LTC-USDT,short,5.026803172197103,84.70762500000001,0.21290427902964132,0.042374999999992724,negative,"{'commission': np.float64(0.21290427902964132), 'slippage': np.float64(0.21301078442181567), 'impact': np.float64(0.0), 'funding': None, 'borrow': None, 'funding_status': 'not_modeled', 'borrow_status': 'not_modeled', 'modeled_total': np.float64(0.425915063451457)}",TrendBreakdown,signal,False
qt_437d5649c317e7ec2b6222c0,2018-07-02,2018-07-03,BTC-USDT,cover,0.11787112697757518,6618.597645,0.3900707817136375,3.307644999999866,positive,"{'commission': np.float64(0.3900707817136375), 'slippage': np.float64(0.38987584379172585), 'impact': np.float64(0.0), 'funding': None, 'borrow': None, 'funding_status': 'not_modeled', 'borrow_status': 'not_modeled', 'modeled_total': np.float64(0.7799466255053633)}",Router,StateSwitch,False
qt_f1b0c749cb44881588c47d68,2018-07-02,2018-07-03,ADA-USDT,cover,4127.442772599442,0.15455723999999998,0.31896308159545866,7.723999999997844e-05,positive,"{'commission': np.float64(0.31896308159545866), 'slippage': np.float64(0.3188036797554919), 'impact': np.float64(0.0), 'funding': None, 'borrow': None, 'funding_status': 'not_modeled', 'borrow_status': 'not_modeled', 'modeled_total': np.float64(0.6377667613509506)}",Router,StateSwitch,False
qt_a8e02b15ae304ff428e1f300,2018-07-07,2018-07-08,ETH-USDT,cover,1.1483556495569938,485.81278499999996,0.27894292814088356,0.2427849999999694,positive,"{'commission': np.float64(0.27894292814088356), 'slippage': np.float64(0.2788035263776596), 'impact': np.float64(0.0), 'funding': None, 'borrow': None, 'funding_status': 'not_modeled', 'borrow_status': 'not_modeled', 'modeled_total': np.float64(0.5577464545185431)}",Router,StateSwitch,False
qt_7d11fe7bdf844a37131dbca9,2018-07-16,2018-07-17,LTC-USDT,cover,5.026803172197103,83.691825,0.2103511656984824,0.04182499999998868,positive,"{'commission': np.float64(0.2103511656984824), 'slippage': np.float64(0.2102460426770869), 'impact': np.float64(0.0), 'funding': None, 'borrow': None, 'funding_status': 'not_modeled', 'borrow_status': 'not_modeled', 'modeled_total': np.float64(0.4205972083755693)}",Router,StateSwitch,False
qt_fa8fd299c81c4de0cba266e7,2018-07-17,2018-07-18,ADA-USDT,short,8791.92319216463,0.17127432000000004,0.7529153331151133,8.567999999997689e-05,negative,"{'commission': np.float64(0.7529153331151133), 'slippage': np.float64(0.7532919791044622), 'impact': np.float64(0.0), 'funding': None, 'borrow': None, 'funding_status': 'not_modeled', 'borrow_status': 'not_modeled', 'modeled_total': np.float64(1.5062073122195754)}",VolatilityReversion,signal,False
qt_5f85c7f20b138fa75c1f48c5,2018-07-18,2018-07-19,ADA-USDT,cover,8791.92319216463,0.18070030499999998,0.794351601180361,9.030499999998498e-05,positive,"{'commission': np.float64(0.794351601180361), 'slippage': np.float64(0.7939546238682949), 'impact': np.float64(0.0), 'funding': None, 'borrow': None, 'funding_status': 'not_modeled', 'borrow_status': 'not_modeled', 'modeled_total': np.float64(1.588306225048656)}",VolatilityReversion,hard_stop,False
qt_a3e428290a9f507299abe0b6,2018-07-19,2018-07-20,BTC-USDT,short,0.34564163884614796,7465.12557,1.2901291181035421,3.73442999999952,negative,"{'commission': np.float64(1.2901291181035421), 'slippage': np.float64(1.2907745053560544), 'impact': np.float64(0.0), 'funding': None, 'borrow': None, 'funding_status': 'not_modeled', 'borrow_status': 'not_modeled', 'modeled_total': np.float64(2.5809036234595966)}",VolatilityReversion,signal,False
qt_6801499d87b28e980adfc459,2018-07-19,2018-07-20,ADA-USDT,short,8043.959939529653,0.18154918,0.730187165487229,9.081999999999146e-05,negative,"{'commission': np.float64(0.730187165487229), 'slippage': np.float64(0.7305524417080144), 'impact': np.float64(0.0), 'funding': None, 'borrow': None, 'funding_status': 'not_modeled', 'borrow_status': 'not_modeled', 'modeled_total': np.float64(1.4607396071952432)}",VolatilityReversion,signal,False
qt_736152b75fd32ff584926de3,2018-07-24,2018-07-25,BTC-USDT,cover,0.34564163884614796,8401.438619999999,1.4519435066410598,4.1986199999992095,positive,"{'commission': np.float64(1.4519435066410598), 'slippage': np.float64(1.4512178976919405), 'impact': np.float64(0.0), 'funding': None, 'borrow': None, 'funding_status': 'not_modeled', 'borrow_status': 'not_modeled', 'modeled_total': np.float64(2.9031614043330003)}",Router,StateSwitch,False
qt_3d01f263040568b17c57b847,2018-07-27,2018-07-28,ADA-USDT,cover,8043.959939529653,0.16594293,0.6674191405840867,8.292999999998107e-05,positive,"{'commission': np.float64(0.6674191405840867), 'slippage': np.float64(0.6670855977850418), 'impact': np.float64(0.0), 'funding': None, 'borrow': None, 'funding_status': 'not_modeled', 'borrow_status': 'not_modeled', 'modeled_total': np.float64(1.3345047383691284)}",Router,StateSwitch,False
qt_4ba8f88b6f788c651944c016,2018-08-08,2018-08-09,BTC-USDT,buy,0.28370142198571796,6286.411635,0.8917319600185312,3.141634999999951,positive,"{'commission': np.float64(0.8917319600185312), 'slippage': np.float64(0.8912863168600872), 'impact': np.float64(0.0), 'funding': None, 'borrow': None, 'funding_status': 'not_modeled', 'borrow_status': 'not_modeled', 'modeled_total': np.float64(1.7830182768786185)}",VolatilityReversion,signal,False
qt_8921176e17d840dba23a5940,2018-08-10,2018-08-11,ETH-USDT,short,1.3321518089619244,331.71406,0.22094674254355218,0.16593999999997777,negative,"{'commission': np.float64(0.22094674254355218), 'slippage': np.float64(0.2210572711791121), 'impact': np.float64(0.0), 'funding': None, 'borrow': None, 'funding_status': 'not_modeled', 'borrow_status': 'not_modeled', 'modeled_total': np.float64(0.4420040137226643)}",TrendBreakdown,signal,False
qt_d0a7c8f656ff0379f04e30b3,2018-08-13,2018-08-14,XRP-USDT,short,983.3282985980211,0.27416285,0.13479604441464224,0.0001371499999999748,negative,"{'commission': np.float64(0.13479604441464224), 'slippage': np.float64(0.1348634761526938), 'impact': np.float64(0.0), 'funding': None, 'borrow': None, 'funding_status': 'not_modeled', 'borrow_status': 'not_modeled', 'modeled_total': np.float64(0.26965952056733605)}",TrendBreakdown,signal,False
qt_7c6b275dd4abf7b80d69512f,2018-08-13,2018-08-14,ADA-USDT,short,4810.025647296923,0.10096949000000001,0.24283291824724512,5.050999999998973e-05,negative,"{'commission': np.float64(0.24283291824724512), 'slippage': np.float64(0.24295439544491818), 'impact': np.float64(0.0), 'funding': None, 'borrow': None, 'funding_status': 'not_modeled', 'borrow_status': 'not_modeled', 'modeled_total': np.float64(0.4857873136921633)}",TrendBreakdown,signal,False
qt_46b2cd7c35c3051e2145cf89,2018-08-14,2018-08-15,LTC-USDT,short,7.092482925287215,54.23287,0.1923228522321606,0.027129999999999654,negative,"{'commission': np.float64(0.1923228522321606), 'slippage': np.float64(0.1924190617630397), 'impact': np.float64(0.0), 'funding': None, 'borrow': None, 'funding_status': 'not_modeled', 'borrow_status': 'not_modeled', 'modeled_total': np.float64(0.3847419139952003)}",TrendBreakdown,signal,False
qt_469e76605beba59d40757c8d,2018-08-18,2018-08-19,BTC-USDT,sell,0.28370142198571796,6384.76602,0.9056835994600465,3.1939800000000105,negative,"{'commission': np.float64(0.9056835994600465), 'slippage': np.float64(0.9061366677939464), 'impact': np.float64(0.0), 'funding': None, 'borrow': None, 'funding_status': 'not_modeled', 'borrow_status': 'not_modeled', 'modeled_total': np.float64(1.811820267253993)}",Router,StateSwitch,False
qt_d7cc407857233d51d7b1da60,2018-08-25,2018-08-26,XRP-USDT,cover,983.3282985980211,0.32775379499999996,0.16114479079819727,0.0001637949999999666,positive,"{'commission': np.float64(0.16114479079819727), 'slippage': np.float64(0.16106425866883003), 'impact': np.float64(0.0), 'funding': None, 'borrow': None, 'funding_status': 'not_modeled', 'borrow_status': 'not_modeled', 'modeled_total': np.float64(0.32220904946702733)}",Router,StateSwitch,False
qt_1c1fea31704b83436e5a43ed,2018-08-27,2018-08-28,LTC-USDT,cover,7.092482925287215,60.720344999999995,0.21532900506502448,0.030344999999996958,positive,"{'commission': np.float64(0.21532900506502448), 'slippage': np.float64(0.21522139436781898), 'impact': np.float64(0.0), 'funding': None, 'borrow': None, 'funding_status': 'not_modeled', 'borrow_status': 'not_modeled', 'modeled_total': np.float64(0.43055039943284346)}",Router,StateSwitch,False
qt_40d3611d33e5829382299482,2018-08-28,2018-08-29,ETH-USDT,cover,1.3321518089619244,295.58772,0.1968838579524654,0.14771999999999252,positive,"{'commission': np.float64(0.1968838579524654), 'slippage': np.float64(0.19678546521984552), 'impact': np.float64(0.0), 'funding': None, 'borrow': None, 'funding_status': 'not_modeled', 'borrow_status': 'not_modeled', 'modeled_total': np.float64(0.39366932317231096)}",Router,StateSwitch,False
qt_c95b52092d6fda7fedb27f35,2018-08-28,2018-08-29,ADA-USDT,cover,4810.025647296923,0.105602775,0.2539760280878631,5.2774999999991024e-05,positive,"{'commission': np.float64(0.2539760280878631), 'slippage': np.float64(0.25384910353605195), 'impact': np.float64(0.0), 'funding': None, 'borrow': None, 'funding_status': 'not_modeled', 'borrow_status': 'not_modeled', 'modeled_total': np.float64(0.5078251316239151)}",Router,StateSwitch,False
qt_8b88d2b17ae4b51dc9a4acf1,2018-09-21,2018-09-22,XRP-USDT,short,2242.155086609285,0.5637080050000001,0.6319603853865612,0.00028199499999992383,negative,"{'commission': np.float64(0.6319603853865612), 'slippage': np.float64(0.6322765236482145), 'impact': np.float64(0.0), 'funding': None, 'borrow': None, 'funding_status': 'not_modeled', 'borrow_status': 'not_modeled', 'modeled_total': np.float64(1.2642369090347758)}",VolatilityReversion,signal,False
qt_d8cd88ff78425efb9bf05a85,2018-09-25,2018-09-26,XRP-USDT,cover,2242.155086609285,0.526593165,0.5903517717392162,0.00026316500000000964,positive,"{'commission': np.float64(0.5903517717392162), 'slippage': np.float64(0.5900567433675541), 'impact': np.float64(0.0), 'funding': None, 'borrow': None, 'funding_status': 'not_modeled', 'borrow_status': 'not_modeled', 'modeled_total': np.float64(1.1804085151067703)}",Router,StateSwitch,False
qt_5d6754312b027f7d79b13b16,2018-10-11,2018-10-12,XRP-USDT,buy,1928.6247029189726,0.38338159499999996,0.3696996073807384,0.00019159499999998886,positive,"{'commission': np.float64(0.3696996073807384), 'slippage': np.float64(0.3695148499557391), 'impact': np.float64(0.0), 'funding': None, 'borrow': None, 'funding_status': 'not_modeled', 'borrow_status': 'not_modeled', 'modeled_total': np.float64(0.7392144573364775)}",VolatilityReversion,signal,False
qt_55db31f8368eb52c741591e9,2018-10-13,2018-10-14,BTC-USDT,buy,0.40308123601414136,6336.0864599999995,1.2769787808946327,3.1664599999994607,positive,"{'commission': np.float64(1.2769787808946327), 'slippage': np.float64(1.2763406105891206), 'impact': np.float64(0.0), 'funding': None, 'borrow': None, 'funding_status': 'not_modeled', 'borrow_status': 'not_modeled', 'modeled_total': np.float64(2.553319391483753)}",RangeMeanReversion,signal,False
qt_ee59c34f98fecb119c1e2eeb,2018-10-15,2018-10-16,BTC-USDT,sell,0.40308123601414136,6749.123750000001,1.3602225715811986,3.376249999999345,negative,"{'commission': np.float64(1.3602225715811986), 'slippage': np.float64(1.3609030230924808), 'impact': np.float64(0.0), 'funding': None, 'borrow': None, 'funding_status': 'not_modeled', 'borrow_status': 'not_modeled', 'modeled_total': np.float64(2.7211255946736794)}",RangeMeanReversion,Target hit (Mid Band),False
qt_11a1a575059c0084bc662b58,2018-10-18,2018-10-19,XRP-USDT,sell,1928.6247029189726,0.46824576,0.4515351698865343,0.00023423999999999667,negative,"{'commission': np.float64(0.4515351698865343), 'slippage': np.float64(0.45176105041173376), 'impact': np.float64(0.0), 'funding': None, 'borrow': None, 'funding_status': 'not_modeled', 'borrow_status': 'not_modeled', 'modeled_total': np.float64(0.9032962202982681)}",Router,StateSwitch,False
qt_1ec46b0693a3b16a4ecbd768,2018-11-11,2018-11-12,BNB-USDT,buy,274.8697439338215,9.5633793,1.3143418096665045,0.004779299999999154,positive,"{'commission': np.float64(1.3143418096665045), 'slippage': np.float64(1.3136849671826805), 'impact': np.float64(0.0), 'funding': None, 'borrow': None, 'funding_status': 'not_modeled', 'borrow_status': 'not_modeled', 'modeled_total': np.float64(2.628026776849185)}",RangeMeanReversion,signal,False
qt_6abf434359008eab4433d398,2018-11-14,2018-11-15,BTC-USDT,buy,0.4313968875297684,5920.1586,1.2769689968612956,2.958599999999933,positive,"{'commission': np.float64(1.2769689968612956), 'slippage': np.float64(1.276330831445544), 'impact': np.float64(0.0), 'funding': None, 'borrow': None, 'funding_status': 'not_modeled', 'borrow_status': 'not_modeled', 'modeled_total': np.float64(2.5532998283068395)}",RangeMeanReversion,signal,False
qt_afc9196fa07b31f498c3183e,2018-11-14,2018-11-15,BNB-USDT,sell,274.8697439338215,8.6852552,1.193656936411946,0.0043448000000001485,negative,"{'commission': np.float64(1.193656936411946), 'slippage': np.float64(1.1942540634437084), 'impact': np.float64(0.0), 'funding': None, 'borrow': None, 'funding_status': 'not_modeled', 'borrow_status': 'not_modeled', 'modeled_total': np.float64(2.3879109998556545)}",RangeMeanReversion,hard_stop,False
qt_b592407bc37130065c28d5c6,2018-11-15,2018-11-16,BTC-USDT,sell,0.4313968875297684,5754.211455000001,1.2411744559375701,2.8785449999995762,negative,"{'commission': np.float64(1.2411744559375701), 'slippage': np.float64(1.2417953536141944), 'impact': np.float64(0.0), 'funding': None, 'borrow': None, 'funding_status': 'not_modeled', 'borrow_status': 'not_modeled', 'modeled_total': np.float64(2.4829698095517645)}",RangeMeanReversion,hard_stop,False
qt_64f5679e924cd2e971e24486,2018-11-20,2018-11-21,BNB-USDT,short,44.79098790653446,5.9389290500000005,0.1330052496281581,0.0029709499999999167,negative,"{'commission': np.float64(0.1330052496281581), 'slippage': np.float64(0.13307178552091484), 'impact': np.float64(0.0), 'funding': None, 'borrow': None, 'funding_status': 'not_modeled', 'borrow_status': 'not_modeled', 'modeled_total': np.float64(0.26607703514907294)}",TrendBreakdown,signal,False
qt_db50ef63fae0406df39e34d1,2018-11-23,2018-11-24,ETH-USDT,short,1.9045993766597475,124.9375,0.1189779423107136,0.0625,negative,"{'commission': np.float64(0.1189779423107136), 'slippage': np.float64(0.11903746104123422), 'impact': np.float64(0.0), 'funding': None, 'borrow': None, 'funding_status': 'not_modeled', 'borrow_status': 'not_modeled', 'modeled_total': np.float64(0.23801540335194782)}",TrendBreakdown,signal,False
qt_af27974b440272ff32aaebc2,2018-11-24,2018-11-25,BTC-USDT,short,0.06661308640782895,3931.7131600000002,0.1309517742289391,1.9668399999995927,negative,"{'commission': np.float64(0.1309517742289391), 'slippage': np.float64(0.13101728287034717), 'impact': np.float64(0.0), 'funding': None, 'borrow': None, 'funding_status': 'not_modeled', 'borrow_status': 'not_modeled', 'modeled_total': np.float64(0.2619690570992863)}",TrendBreakdown,signal,False
qt_b49e6874ef579ca7b43d11d4,2018-11-24,2018-11-25,ADA-USDT,short,4758.823965673024,0.0389805,0.09275066879695865,1.9499999999998685e-05,negative,"{'commission': np.float64(0.09275066879695865), 'slippage': np.float64(0.09279706733061771), 'impact': np.float64(0.0), 'funding': None, 'borrow': None, 'funding_status': 'not_modeled', 'borrow_status': 'not_modeled', 'modeled_total': np.float64(0.18554773612757636)}",TrendBreakdown,signal,False
qt_2bcc65a035b311356886499f,2018-11-24,2018-11-25,LTC-USDT,short,7.957377778666369,29.70514,0.11818751047408675,0.014859999999998763,negative,"{'commission': np.float64(0.11818751047408675), 'slippage': np.float64(0.1182466337909724), 'impact': np.float64(0.0), 'funding': None, 'borrow': None, 'funding_status': 'not_modeled', 'borrow_status': 'not_modeled', 'modeled_total': np.float64(0.23643414426505915)}",TrendBreakdown,signal,False
qt_5535d2afc5cb7e4a29f2dc2b,2018-12-04,2018-12-05,BNB-USDT,cover,44.79098790653446,5.904951,0.1322442944148393,0.002950999999999482,positive,"{'commission': np.float64(0.1322442944148393), 'slippage': np.float64(0.13217820531215999), 'impact': np.float64(0.0), 'funding': None, 'borrow': None, 'funding_status': 'not_modeled', 'borrow_status': 'not_modeled', 'modeled_total': np.float64(0.26442249972699927)}",TrendBreakdown,Breakdown Exit (Above High10),False
qt_69c4eb8839268ece318cd257,2018-12-06,2018-12-07,XRP-USDT,short,1829.4468352944957,0.309435205,0.28304762825797675,0.00015479499999998536,negative,"{'commission': np.float64(0.28304762825797675), 'slippage': np.float64(0.2831892228693847), 'impact': np.float64(0.0), 'funding': None, 'borrow': None, 'funding_status': 'not_modeled', 'borrow_status': 'not_modeled', 'modeled_total': np.float64(0.5662368511273614)}",TrendBreakdown,signal,False
qt_f575bd9f39136a709f59a2cd,2018-12-17,2018-12-18,XRP-USDT,cover,1829.4468352944957,0.32737360499999996,0.29945630281310015,0.0001636049999999556,positive,"{'commission': np.float64(0.29945630281310015), 'slippage': np.float64(0.29930664948827473), 'impact': np.float64(0.0), 'funding': None, 'borrow': None, 'funding_status': 'not_modeled', 'borrow_status': 'not_modeled', 'modeled_total': np.float64(0.5987629523013749)}",Router,StateSwitch,False
qt_f085fc39a2383a03f92d77de,2018-12-17,2018-12-18,LTC-USDT,cover,7.957377778666369,28.984484999999996,0.11532024843254433,0.014484999999996973,positive,"{'commission': np.float64(0.11532024843254433), 'slippage': np.float64(0.11526261712395826), 'impact': np.float64(0.0), 'funding': None, 'borrow': None, 'funding_status': 'not_modeled', 'borrow_status': 'not_modeled', 'modeled_total': np.float64(0.2305828655565026)}",Router,StateSwitch,False
qt_19cda39a851cbe8501aa809d,2018-12-18,2018-12-19,BTC-USDT,cover,0.06661308640782895,3654.8264999999997,0.12172963672506153,1.826499999999669,positive,"{'commission': np.float64(0.12172963672506153), 'slippage': np.float64(0.12166880232387753), 'impact': np.float64(0.0), 'funding': None, 'borrow': None, 'funding_status': 'not_modeled', 'borrow_status': 'not_modeled', 'modeled_total': np.float64(0.24339843904893904)}",Router,StateSwitch,False
qt_8bd34802f09d6649b4337875,2018-12-18,2018-12-19,ETH-USDT,cover,1.9045993766597475,100.44019499999999,0.09564916639429175,0.050194999999988,positive,"{'commission': np.float64(0.09564916639429175), 'slippage': np.float64(0.09560136571141317), 'impact': np.float64(0.0), 'funding': None, 'borrow': None, 'funding_status': 'not_modeled', 'borrow_status': 'not_modeled', 'modeled_total': np.float64(0.19125053210570492)}",Router,StateSwitch,False
qt_7a25eeba09ef7263a7fd7412,2018-12-18,2018-12-19,ADA-USDT,cover,4758.823965673024,0.03431715,0.081654637926798,1.7150000000000498e-05,positive,"{'commission': np.float64(0.081654637926798), 'slippage': np.float64(0.08161383101129473), 'impact': np.float64(0.0), 'funding': None, 'borrow': None, 'funding_status': 'not_modeled', 'borrow_status': 'not_modeled', 'modeled_total': np.float64(0.16326846893809271)}",Router,StateSwitch,False
qt_9e3b46a0b050d9478a07b19b,2018-12-22,2018-12-23,ADA-USDT,short,32068.704948773608,0.04154921500000001,0.6662147583440794,2.078499999999539e-05,negative,"{'commission': np.float64(0.6662147583440794), 'slippage': np.float64(0.6665480323601116), 'impact': np.float64(0.0), 'funding': None, 'borrow': None, 'funding_status': 'not_modeled', 'borrow_status': 'not_modeled', 'modeled_total': np.float64(1.332762790704191)}",VolatilityReversion,signal,False
qt_a4c7088ba5d1da66e15bd20e,2018-12-23,2018-12-24,ETH-USDT,short,11.539860053384649,128.965485,0.7441218243084387,0.0645150000000001,negative,"{'commission': np.float64(0.7441218243084387), 'slippage': np.float64(0.7444940713441117), 'impact': np.float64(0.0), 'funding': None, 'borrow': None, 'funding_status': 'not_modeled', 'borrow_status': 'not_modeled', 'modeled_total': np.float64(1.4886158956525504)}",VolatilityReversion,signal,False
qt_8090b19da92f06fa30a9693e,2018-12-24,2018-12-25,ETH-USDT,cover,11.539860053384649,138.079005,0.7967061970052997,0.0690050000000042,positive,"{'commission': np.float64(0.7967061970052997), 'slippage': np.float64(0.7963080429838562), 'impact': np.float64(0.0), 'funding': None, 'borrow': None, 'funding_status': 'not_modeled', 'borrow_status': 'not_modeled', 'modeled_total': np.float64(1.5930142399891558)}",VolatilityReversion,hard_stop,False
qt_3924990f79c1fb098c3c2842,2018-12-24,2018-12-25,XRP-USDT,short,3815.643346665737,0.400549625,0.764177255820353,0.00020037499999997488,negative,"{'commission': np.float64(0.764177255820353), 'slippage': np.float64(0.7645595355880512), 'impact': np.float64(0.0), 'funding': None, 'borrow': None, 'funding_status': 'not_modeled', 'borrow_status': 'not_modeled', 'modeled_total': np.float64(1.5287367914084042)}",VolatilityReversion,signal,False
qt_bfef407750a2630d070c231e,2018-12-24,2018-12-25,ADA-USDT,cover,32068.704948773608,0.04502249999999999,0.7219066342780798,2.2499999999994746e-05,positive,"{'commission': np.float64(0.7219066342780798), 'slippage': np.float64(0.7215458613472377), 'impact': np.float64(0.0), 'funding': None, 'borrow': None, 'funding_status': 'not_modeled', 'borrow_status': 'not_modeled', 'modeled_total': np.float64(1.4434524956253174)}",VolatilityReversion,hard_stop,False
qt_dab4f81c8ecce3aa68838643,2019-01-04,2019-01-05,XRP-USDT,cover,3815.643346665737,0.353206515,0.673855044479371,0.0001765149999999882,positive,"{'commission': np.float64(0.673855044479371), 'slippage': np.float64(0.6735182853366576), 'impact': np.float64(0.0), 'funding': None, 'borrow': None, 'funding_status': 'not_modeled', 'borrow_status': 'not_modeled', 'modeled_total': np.float64(1.3473733298160284)}",Router,StateSwitch,False
qt_7196382f49a5dbf5c3a48163,2019-01-06,2019-01-07,ADA-USDT,short,25768.15604506753,0.04819589,0.620959607125455,2.4110000000000797e-05,negative,"{'commission': np.float64(0.620959607125455), 'slippage': np.float64(0.6212702422465988), 'impact': np.float64(0.0), 'funding': None, 'borrow': None, 'funding_status': 'not_modeled', 'borrow_status': 'not_modeled', 'modeled_total': np.float64(1.2422298493720536)}",VolatilityReversion,signal,False
qt_875181d98bf67b5696914b1a,2019-01-09,2019-01-10,ADA-USDT,cover,25768.15604506753,0.05146572,0.6630883519658765,2.571999999999991e-05,positive,"{'commission': np.float64(0.6630883519658765), 'slippage': np.float64(0.6627569734791345), 'impact': np.float64(0.0), 'funding': None, 'borrow': None, 'funding_status': 'not_modeled', 'borrow_status': 'not_modeled', 'modeled_total': np.float64(1.325845325445011)}",Router,StateSwitch,False
qt_63ef0555573c3091038a561d,2019-02-10,2019-02-11,BNB-USDT,buy,51.980507031615446,9.174084749999999,0.2384367884280055,0.00458474999999936,positive,"{'commission': np.float64(0.2384367884280055), 'slippage': np.float64(0.23831762961316566), 'impact': np.float64(0.0), 'funding': None, 'borrow': None, 'funding_status': 'not_modeled', 'borrow_status': 'not_modeled', 'modeled_total': np.float64(0.47675441804117114)}",TrendBreakout,signal,False
qt_66ee1425a2c1f7087f8c5794,2019-02-18,2019-02-19,BTC-USDT,short,0.6463058382631522,3895.4013250000003,1.2588103093627596,1.9486749999996391,negative,"{'commission': np.float64(1.2588103093627596), 'slippage': np.float64(1.259440029377215), 'impact': np.float64(0.0), 'funding': None, 'borrow': None, 'funding_status': 'not_modeled', 'borrow_status': 'not_modeled', 'modeled_total': np.float64(2.518250338739975)}",RangeMeanReversion,signal,False
qt_43c4921269fa1988f71cc1b6,2019-02-18,2019-02-19,LTC-USDT,buy,11.13182214964618,47.833905,0.2662392615915356,0.023904999999999177,positive,"{'commission': np.float64(0.2662392615915356), 'slippage': np.float64(0.2661062084872828), 'impact': np.float64(0.0), 'funding': None, 'borrow': None, 'funding_status': 'not_modeled', 'borrow_status': 'not_modeled', 'modeled_total': np.float64(0.5323454700788184)}",TrendBreakout,signal,False
qt_2d604e8b61d0b286641adf53,2019-02-21,2019-02-22,BTC-USDT,cover,0.6463058382631522,3939.2786549999996,1.272989396635959,1.9686549999996714,positive,"{'commission': np.float64(1.272989396635959), 'slippage': np.float64(1.2723532200257337), 'impact': np.float64(0.0), 'funding': None, 'borrow': None, 'funding_status': 'not_modeled', 'borrow_status': 'not_modeled', 'modeled_total': np.float64(2.5453426166616926)}",Router,StateSwitch,False
qt_3f7ebffd9c5942fc28fe25a6,2019-02-26,2019-02-27,BNB-USDT,sell,51.980507031615446,9.4190881,0.24480448760672768,0.004711900000000213,negative,"{'commission': np.float64(0.24480448760672768), 'slippage': np.float64(0.2449269510822799), 'impact': np.float64(0.0), 'funding': None, 'borrow': None, 'funding_status': 'not_modeled', 'borrow_status': 'not_modeled', 'modeled_total': np.float64(0.4897314386890076)}",Router,StateSwitch,False
qt_9a21149116b1d9b03b1e5262,2019-02-26,2019-02-27,LTC-USDT,sell,11.13182214964618,44.747615,0.24906124590041984,0.022384999999999877,negative,"{'commission': np.float64(0.24906124590041984), 'slippage': np.float64(0.24918583881982836), 'impact': np.float64(0.0), 'funding': None, 'borrow': None, 'funding_status': 'not_modeled', 'borrow_status': 'not_modeled', 'modeled_total': np.float64(0.4982470847202482)}",Router,StateSwitch,False
qt_b1f2dd195920ea71230a3d8e,2019-03-05,2019-03-06,BNB-USDT,buy,38.22749245153851,13.629811499999999,0.26051675811607133,0.006811499999999526,positive,"{'commission': np.float64(0.26051675811607133), 'slippage': np.float64(0.2603865648336364), 'impact': np.float64(0.0), 'funding': None, 'borrow': None, 'funding_status': 'not_modeled', 'borrow_status': 'not_modeled', 'modeled_total': np.float64(0.5209033229497078)}",TrendBreakout,signal,False
qt_2009a8b2b5aef11de03cbd22,2019-03-16,2019-03-17,BTC-USDT,short,0.6299330758839459,4003.97701,1.2611187768389522,2.0029899999999543,negative,"{'commission': np.float64(1.2611187768389522), 'slippage': np.float64(1.261749651664756), 'impact': np.float64(0.0), 'funding': None, 'borrow': None, 'funding_status': 'not_modeled', 'borrow_status': 'not_modeled', 'modeled_total': np.float64(2.522868428503708)}",RangeMeanReversion,signal,False
qt_f97b0e01a504e1a6f0ba83ff,2019-03-16,2019-03-17,LTC-USDT,buy,16.656761094739725,61.250609999999995,0.510118388838538,0.030609999999995807,positive,"{'commission': np.float64(0.510118388838538), 'slippage': np.float64(0.5098634571099131), 'impact': np.float64(0.0), 'funding': None, 'borrow': None, 'funding_status': 'not_modeled', 'borrow_status': 'not_modeled', 'modeled_total': np.float64(1.019981845948451)}",TrendBreakout,signal,False
qt_3017b940639820e6f238f76d,2019-03-21,2019-03-22,BNB-USDT,sell,38.22749245153851,14.349521650000002,0.2742731152792817,0.007178349999998446,negative,"{'commission': np.float64(0.2742731152792817), 'slippage': np.float64(0.274410320439442), 'impact': np.float64(0.0), 'funding': None, 'borrow': None, 'funding_status': 'not_modeled', 'borrow_status': 'not_modeled', 'modeled_total': np.float64(0.5486834357187238)}",Router,StateSwitch,False
qt_efb8bb5343838a8e4396da11,2019-03-22,2019-03-23,ADA-USDT,buy,13727.415835247219,0.057808889999999995,0.39678333600203225,2.8889999999996696e-05,positive,"{'commission': np.float64(0.39678333600203225), 'slippage': np.float64(0.3965850434802468), 'impact': np.float64(0.0), 'funding': None, 'borrow': None, 'funding_status': 'not_modeled', 'borrow_status': 'not_modeled', 'modeled_total': np.float64(0.793368379482279)}",TrendBreakout,signal,False
qt_c86af7aec0a6127147a91112,2019-03-25,2019-03-26,BTC-USDT,cover,0.6299330758839459,3937.4377349999995,1.2401611317550332,1.9677349999997205,positive,"{'commission': np.float64(1.2401611317550332), 'slippage': np.float64(1.2395413610743202), 'impact': np.float64(0.0), 'funding': None, 'borrow': None, 'funding_status': 'not_modeled', 'borrow_status': 'not_modeled', 'modeled_total': np.float64(2.4797024928293534)}",RangeMeanReversion,Target hit (Mid Band),False
qt_291c41d79f59c413060675d6,2019-03-29,2019-03-30,BTC-USDT,short,0.6268998731314472,4102.18788,1.2858305307666804,2.052119999999377,negative,"{'commission': np.float64(1.2858305307666804), 'slippage': np.float64(1.2864737676501148), 'impact': np.float64(0.0), 'funding': None, 'borrow': None, 'funding_status': 'not_modeled', 'borrow_status': 'not_modeled', 'modeled_total': np.float64(2.572304298416795)}",RangeMeanReversion,signal,False
qt_cd3e812c5ffdac3a673f812b,2019-03-31,2019-04-01,BNB-USDT,buy,46.446684654221364,17.52886005,0.40707871754516445,0.008760049999999353,positive,"{'commission': np.float64(0.40707871754516445), 'slippage': np.float64(0.4068752799051818), 'impact': np.float64(0.0), 'funding': None, 'borrow': None, 'funding_status': 'not_modeled', 'borrow_status': 'not_modeled', 'modeled_total': np.float64(0.8139539974503462)}",TrendBreakout,signal,False
qt_813bf5504db10cdf05cba20d,2019-04-02,2019-04-03,BTC-USDT,cover,0.6268998731314472,4859.618594999999,1.5232471403363608,2.4285949999994045,positive,"{'commission': np.float64(1.5232471403363608), 'slippage': np.float64(1.522485897387294), 'impact': np.float64(0.0), 'funding': None, 'borrow': None, 'funding_status': 'not_modeled', 'borrow_status': 'not_modeled', 'modeled_total': np.float64(3.0457330377236547)}",RangeMeanReversion,hard_stop,False
qt_ac804b73f0b84c2700a87967,2019-04-08,2019-04-09,ETH-USDT,buy,4.269472107333763,178.799355,0.38168942949088375,0.08935499999998342,positive,"{'commission': np.float64(0.38168942949088375), 'slippage': np.float64(0.38149868015073757), 'impact': np.float64(0.0), 'funding': None, 'borrow': None, 'funding_status': 'not_modeled', 'borrow_status': 'not_modeled', 'modeled_total': np.float64(0.7631881096416213)}",TrendBreakout,signal,False
qt_47667d29df46d58e4da4bbdb,2019-04-10,2019-04-11,BTC-USDT,buy,0.14209308779796873,5310.513929999999,0.37729366105391293,2.653929999999491,positive,"{'commission': np.float64(0.37729366105391293), 'slippage': np.float64(0.37710510849959084), 'impact': np.float64(0.0), 'funding': None, 'borrow': None, 'funding_status': 'not_modeled', 'borrow_status': 'not_modeled', 'modeled_total': np.float64(0.7543987695535037)}",TrendBreakout,signal,False
qt_501c288da9411ee1da8698b8,2019-04-11,2019-04-12,BNB-USDT,sell,46.446684654221364,17.54672225,0.40749353753047973,0.00877775000000014,negative,"{'commission': np.float64(0.40749353753047973), 'slippage': np.float64(0.4076973862235981), 'impact': np.float64(0.0), 'funding': None, 'borrow': None, 'funding_status': 'not_modeled', 'borrow_status': 'not_modeled', 'modeled_total': np.float64(0.8151909237540778)}",Router,StateSwitch,False
qt_878acafbc7bed3d047664e12,2019-04-17,2019-04-18,ADA-USDT,sell,13727.415835247219,0.08237879,0.5654239531672526,4.120999999999986e-05,negative,"{'commission': np.float64(0.5654239531672526), 'slippage': np.float64(0.565706806570536), 'impact': np.float64(0.0), 'funding': None, 'borrow': None, 'funding_status': 'not_modeled', 'borrow_status': 'not_modeled', 'modeled_total': np.float64(1.1311307597377884)}",Router,StateSwitch,False
qt_ffe05f9411af83b9f627990b,2019-04-17,2019-04-18,LTC-USDT,sell,16.656761094739725,78.78059,0.6561147332663207,0.03940999999998951,negative,"{'commission': np.float64(0.6561147332663207), 'slippage': np.float64(0.6564429547435178), 'impact': np.float64(0.0), 'funding': None, 'borrow': None, 'funding_status': 'not_modeled', 'borrow_status': 'not_modeled', 'modeled_total': np.float64(1.3125576880098384)}",Router,StateSwitch,False
qt_21a6853d52ad89496bdf62e7,2019-04-18,2019-04-19,BNB-USDT,buy,30.174651099457087,21.8997444,0.3304085732186446,0.010944399999999632,positive,"{'commission': np.float64(0.3304085732186446), 'slippage': np.float64(0.33024345149288703), 'impact': np.float64(0.0), 'funding': None, 'borrow': None, 'funding_status': 'not_modeled', 'borrow_status': 'not_modeled', 'modeled_total': np.float64(0.6606520247115316)}",TrendBreakout,signal,False
qt_08f5d86ee1b14fc328f4e9d1,2019-04-21,2019-04-22,ADA-USDT,buy,15644.945583835108,0.073346655,0.5737522131156636,3.665499999999655e-05,positive,"{'commission': np.float64(0.5737522131156636), 'slippage': np.float64(0.5734654803754219), 'impact': np.float64(0.0), 'funding': None, 'borrow': None, 'funding_status': 'not_modeled', 'borrow_status': 'not_modeled', 'modeled_total': np.float64(1.1472176934910854)}",VolatilityReversion,signal,False
qt_7594f472a5bfd2e1a01f7292,2019-04-24,2019-04-25,ETH-USDT,sell,4.269472107333763,164.69761,0.3515859260197671,0.08239000000000374,negative,"{'commission': np.float64(0.3515859260197671), 'slippage': np.float64(0.35176180692324466), 'impact': np.float64(0.0), 'funding': None, 'borrow': None, 'funding_status': 'not_modeled', 'borrow_status': 'not_modeled', 'modeled_total': np.float64(0.7033477329430118)}",Router,StateSwitch,False
qt_1fa9747507b271a656406319,2019-04-30,2019-05-01,BNB-USDT,sell,30.174651099457087,22.018985,0.33220759496958957,0.011015000000000441,negative,"{'commission': np.float64(0.33220759496958957), 'slippage': np.float64(0.3323737818605331), 'impact': np.float64(0.0), 'funding': None, 'borrow': None, 'funding_status': 'not_modeled', 'borrow_status': 'not_modeled', 'modeled_total': np.float64(0.6645813768301227)}",Router,StateSwitch,False
qt_bc8ddff0f25c4329ef8d41a2,2019-05-08,2019-05-09,ADA-USDT,sell,15644.945583835108,0.06466765,0.5058609326422472,3.2350000000000434e-05,negative,"{'commission': np.float64(0.5058609326422472), 'slippage': np.float64(0.5061139896370725), 'impact': np.float64(0.0), 'funding': None, 'borrow': None, 'funding_status': 'not_modeled', 'borrow_status': 'not_modeled', 'modeled_total': np.float64(1.0119749222793197)}",VolatilityReversion,hard_stop,False
qt_5f16badc5cb3b379e8a6ace6,2019-05-11,2019-05-12,ETH-USDT,buy,5.26459427249819,190.2951,0.5009132467722351,0.09510000000000218,positive,"{'commission': np.float64(0.5009132467722351), 'slippage': np.float64(0.5006629153145894), 'impact': np.float64(0.0), 'funding': None, 'borrow': None, 'funding_status': 'not_modeled', 'borrow_status': 'not_modeled', 'modeled_total': np.float64(1.0015761620868244)}",TrendBreakout,signal,False
qt_d4fff4a676e0c221530b0b06,2019-05-15,2019-05-16,ADA-USDT,short,19418.576771579053,0.09385305000000001,0.9112463283359239,4.6949999999990055e-05,negative,"{'commission': np.float64(0.9112463283359239), 'slippage': np.float64(0.9117021794254434), 'impact': np.float64(0.0), 'funding': None, 'borrow': None, 'funding_status': 'not_modeled', 'borrow_status': 'not_modeled', 'modeled_total': np.float64(1.8229485077613674)}",VolatilityReversion,signal,False
qt_7699b5c826cc4a37846a4364,2019-05-24,2019-05-25,BNB-USDT,buy,16.333704105393128,34.016999999999996,0.277811806276579,0.016999999999995907,positive,"{'commission': np.float64(0.277811806276579), 'slippage': np.float64(0.2776729697916163), 'impact': np.float64(0.0), 'funding': None, 'borrow': None, 'funding_status': 'not_modeled', 'borrow_status': 'not_modeled', 'modeled_total': np.float64(0.5554847760681954)}",TrendBreakout,signal,False
qt_2e8792df46a7e543fda0370d,2019-05-25,2019-05-26,ADA-USDT,cover,19418.576771579053,0.08012003999999999,0.7779085738409922,4.0039999999991194e-05,positive,"{'commission': np.float64(0.7779085738409922), 'slippage': np.float64(0.7775198139338543), 'impact': np.float64(0.0), 'funding': None, 'borrow': None, 'funding_status': 'not_modeled', 'borrow_status': 'not_modeled', 'modeled_total': np.float64(1.5554283877748465)}",Router,StateSwitch,False
qt_5c6a943a1dc4771c1e9eea07,2019-05-26,2019-05-27,LTC-USDT,buy,7.072586561630688,111.085515,0.39283096029041215,0.05551499999999976,positive,"{'commission': np.float64(0.39283096029041215), 'slippage': np.float64(0.3926346429689259), 'impact': np.float64(0.0), 'funding': None, 'borrow': None, 'funding_status': 'not_modeled', 'borrow_status': 'not_modeled', 'modeled_total': np.float64(0.7854656032593381)}",TrendBreakout,signal,False
qt_beaa728f3a589bf6b916c2ef,2019-06-03,2019-06-04,BTC-USDT,sell,0.14209308779796873,8111.60217,0.5763012996620018,4.05782999999974,negative,"{'commission': np.float64(0.5763012996620018), 'slippage': np.float64(0.5765895944591944), 'impact': np.float64(0.0), 'funding': None, 'borrow': None, 'funding_status': 'not_modeled', 'borrow_status': 'not_modeled', 'modeled_total': np.float64(1.1528908941211964)}",Router,StateSwitch,False
qt_9fdf2dd5dfa7241b68c03ecc,2019-06-03,2019-06-04,ETH-USDT,sell,5.26459427249819,249.89499000000004,0.6577978665399964,0.12500999999997475,negative,"{'commission': np.float64(0.6577978665399964), 'slippage': np.float64(0.6581269300048658), 'impact': np.float64(0.0), 'funding': None, 'borrow': None, 'funding_status': 'not_modeled', 'borrow_status': 'not_modeled', 'modeled_total': np.float64(1.3159247965448622)}",Router,StateSwitch,False
qt_7b25672963f00dfee93f943b,2019-06-03,2019-06-04,BNB-USDT,sell,16.333704105393128,30.720432100000004,0.2508892239556105,0.015367899999997547,negative,"{'commission': np.float64(0.2508892239556105), 'slippage': np.float64(0.251014731321231), 'impact': np.float64(0.0), 'funding': None, 'borrow': None, 'funding_status': 'not_modeled', 'borrow_status': 'not_modeled', 'modeled_total': np.float64(0.5019039552768414)}",Router,StateSwitch,False
qt_a239783e8682234012dbeb2e,2019-06-21,2019-06-22,BTC-USDT,buy,0.07664163617056678,10164.93993,0.3895288139053633,5.079929999999877,positive,"{'commission': np.float64(0.3895288139053633), 'slippage': np.float64(0.38933414683193784), 'impact': np.float64(0.0), 'funding': None, 'borrow': None, 'funding_status': 'not_modeled', 'borrow_status': 'not_modeled', 'modeled_total': np.float64(0.7788629607373012)}",TrendBreakout,signal,False
qt_497e08e646ec81ed38a49159,2019-06-26,2019-06-27,LTC-USDT,sell,7.072586561630688,132.17388000000003,0.4674056037432937,0.06611999999998375,negative,"{'commission': np.float64(0.4674056037432937), 'slippage': np.float64(0.46763942345490617), 'impact': np.float64(0.0), 'funding': None, 'borrow': None, 'funding_status': 'not_modeled', 'borrow_status': 'not_modeled', 'modeled_total': np.float64(0.9350450271981998)}",Router,StateSwitch,False
qt_1c3a3da4adf80fe3b540ab47,2019-07-11,2019-07-12,BTC-USDT,sell,0.07664163617056678,11337.20856,0.4344511068226776,5.671440000000075,negative,"{'commission': np.float64(0.4344511068226776), 'slippage': np.float64(0.434668441043205), 'impact': np.float64(0.0), 'funding': None, 'borrow': None, 'funding_status': 'not_modeled', 'borrow_status': 'not_modeled', 'modeled_total': np.float64(0.8691195478658826)}",Router,StateSwitch,False
qt_9439bce4bb7ee95559182442,2019-07-16,2019-07-17,BTC-USDT,buy,0.1067805682873716,9434.885085,0.5037311955511732,4.715084999999817,positive,"{'commission': np.float64(0.5037311955511732), 'slippage': np.float64(0.503479455823242), 'impact': np.float64(0.0), 'funding': None, 'borrow': None, 'funding_status': 'not_modeled', 'borrow_status': 'not_modeled', 'modeled_total': np.float64(1.0072106513744152)}",VolatilityReversion,signal,False
qt_9ff30851fe8382be2a88b547,2019-07-18,2019-07-19,BTC-USDT,sell,0.1067805682873716,10623.32568,0.5671823766061141,5.314319999999498,negative,"{'commission': np.float64(0.5671823766061141), 'slippage': np.float64(0.5674661096608911), 'impact': np.float64(0.0), 'funding': None, 'borrow': None, 'funding_status': 'not_modeled', 'borrow_status': 'not_modeled', 'modeled_total': np.float64(1.1346484862670052)}",Router,StateSwitch,False
qt_38f206c57416792d554ba535,2019-08-05,2019-08-06,ETH-USDT,short,9.714669209289452,233.41323500000001,1.1337661835475716,0.11676499999998668,negative,"{'commission': np.float64(1.1337661835475716), 'slippage': np.float64(1.1343333502225534), 'impact': np.float64(0.0), 'funding': None, 'borrow': None, 'funding_status': 'not_modeled', 'borrow_status': 'not_modeled', 'modeled_total': np.float64(2.2680995337701253)}",VolatilityReversion,signal,False
qt_6b61d3d7fe54464646269c44,2019-08-07,2019-08-08,ETH-USDT,cover,9.714669209289452,226.223055,1.0988410734199472,0.11305499999997437,positive,"{'commission': np.float64(1.0988410734199472), 'slippage': np.float64(1.09829192745597), 'impact': np.float64(0.0), 'funding': None, 'borrow': None, 'funding_status': 'not_modeled', 'borrow_status': 'not_modeled', 'modeled_total': np.float64(2.197133000875917)}",Router,StateSwitch,False
qt_f9f6a8b60d4a1b7715dd0739,2019-08-14,2019-08-15,XRP-USDT,short,2873.862822815843,0.26332827000000003,0.37838466267470633,0.00013172999999999657,negative,"{'commission': np.float64(0.37838466267470633), 'slippage': np.float64(0.3785739496495212), 'impact': np.float64(0.0), 'funding': None, 'borrow': None, 'funding_status': 'not_modeled', 'borrow_status': 'not_modeled', 'modeled_total': np.float64(0.7569586123242276)}",TrendBreakdown,signal,False
qt_9614de12f443a401da64b396,2019-08-14,2019-08-15,ADA-USDT,short,17405.702392763473,0.0471764,0.41056918918098334,2.3599999999998622e-05,negative,"{'commission': np.float64(0.41056918918098334), 'slippage': np.float64(0.41077457646919396), 'impact': np.float64(0.0), 'funding': None, 'borrow': None, 'funding_status': 'not_modeled', 'borrow_status': 'not_modeled', 'modeled_total': np.float64(0.8213437656501773)}",TrendBreakdown,signal,False
qt_28cdc4993f33d0bb0336f6b4,2019-08-14,2019-08-15,DOGE-USDT,buy,834062.75,0.0027243615,1.1361442223420626,1.3614999999998073e-06,positive,"{'commission': 1.1361442223420626, 'slippage': 1.1355764341248393, 'impact': 0.0, 'funding': None, 'borrow': None, 'funding_status': 'not_modeled', 'borrow_status': 'not_modeled', 'modeled_total': 2.271720656466902}",VolatilityReversion,signal,False
qt_28cdc4993f33d0bb0336f6b4,2019-08-14,2019-08-16,DOGE-USDT,buy,149138.23703370662,0.0025825906499999996,0.1925815082603672,1.2906499999997163e-06,positive,"{'commission': np.float64(0.1925815082603672), 'slippage': np.float64(0.19248526562751114), 'impact': np.float64(0.0), 'funding': None, 'borrow': None, 'funding_status': 'not_modeled', 'borrow_status': 'not_modeled', 'modeled_total': np.float64(0.38506677388787836)}",VolatilityReversion,signal,False
qt_12192dc05d1c58d07ee39d2b,2019-08-16,2019-08-17,DOGE-USDT,sell,488424.68,0.002646676,0.64635093918184,1.32400000000003e-06,negative,"{'commission': 0.64635093918184, 'slippage': 0.6466742763200146, 'impact': 0.0, 'funding': None, 'borrow': None, 'funding_status': 'not_modeled', 'borrow_status': 'not_modeled', 'modeled_total': 1.2930252155018547}",VolatilityReversion,hard_stop,False
qt_12192dc05d1c58d07ee39d2b,2019-08-16,2019-08-18,DOGE-USDT,sell,494776.30703370663,0.0026240873000000003,0.6491681118140252,1.312699999999646e-06,negative,"{'commission': np.float64(0.6491681118140252), 'slippage': np.float64(0.6494928582429715), 'impact': np.float64(0.0), 'funding': None, 'borrow': None, 'funding_status': 'not_modeled', 'borrow_status': 'not_modeled', 'modeled_total': np.float64(1.2986609700569969)}",VolatilityReversion,hard_stop,False
qt_dc3fe48a3c16f34f100c35d9,2019-08-27,2019-08-28,ADA-USDT,cover,17405.702392763473,0.049904939999999995,0.4343152667843587,2.4939999999994134e-05,positive,"{'commission': np.float64(0.4343152667843587), 'slippage': np.float64(0.4340982176754189), 'impact': np.float64(0.0), 'funding': None, 'borrow': None, 'funding_status': 'not_modeled', 'borrow_status': 'not_modeled', 'modeled_total': np.float64(0.8684134844597776)}",Router,StateSwitch,False
qt_21eb4995a0ac7d971991174c,2019-08-28,2019-08-29,ETH-USDT,short,6.281053813441802,172.943485,0.5431336679845825,0.08651499999999146,negative,"{'commission': np.float64(0.5431336679845825), 'slippage': np.float64(0.5434053706698638), 'impact': np.float64(0.0), 'funding': None, 'borrow': None, 'funding_status': 'not_modeled', 'borrow_status': 'not_modeled', 'modeled_total': np.float64(1.0865390386544465)}",TrendBreakdown,signal,False
qt_b9ffb456f13dfc95417b8352,2019-08-29,2019-08-30,DOGE-USDT,buy,375122.07,0.00244332105,0.45827182497528673,1.2210499999998348e-06,positive,"{'commission': 0.45827182497528673, 'slippage': 0.458042803573438, 'impact': 0.0, 'funding': None, 'borrow': None, 'funding_status': 'not_modeled', 'borrow_status': 'not_modeled', 'modeled_total': 0.9163146285487247}",VolatilityReversion,signal,False
qt_b9ffb456f13dfc95417b8352,2019-08-29,2019-08-31,DOGE-USDT,buy,363383.19,0.0024529258499999995,0.4456760101032307,1.2258499999997369e-06,positive,"{'commission': 0.4456760101032307, 'slippage': 0.4454532834614044, 'impact': 0.0, 'funding': None, 'borrow': None, 'funding_status': 'not_modeled', 'borrow_status': 'not_modeled', 'modeled_total': 0.8911292935646351}",VolatilityReversion,signal,False
qt_b9ffb456f13dfc95417b8352,2019-08-29,2019-09-01,DOGE-USDT,buy,320327.7840013448,0.002453226,0.3929182241172416,1.2260000000000049e-06,positive,"{'commission': np.float64(0.3929182241172416), 'slippage': np.float64(0.3927218631856503), 'impact': np.float64(0.0), 'funding': None, 'borrow': None, 'funding_status': 'not_modeled', 'borrow_status': 'not_modeled', 'modeled_total': np.float64(0.7856400873028919)}",VolatilityReversion,signal,False
qt_f1258bf1c0a1794894475962,2019-09-02,2019-09-03,DOGE-USDT,sell,646798.06,0.0025897045,0.8375079232866351,1.2954999999998523e-06,negative,"{'commission': 0.8375079232866351, 'slippage': 0.8379268867299046, 'impact': 0.0, 'funding': None, 'borrow': None, 'funding_status': 'not_modeled', 'borrow_status': 'not_modeled', 'modeled_total': 1.6754348100165397}",Router,StateSwitch,False
qt_f1258bf1c0a1794894475962,2019-09-02,2019-09-04,DOGE-USDT,sell,327898.86,0.00256341765,0.4202708625694395,1.2823499999999217e-06,negative,"{'commission': 0.4202708625694395, 'slippage': 0.4204811031209743, 'impact': 0.0, 'funding': None, 'borrow': None, 'funding_status': 'not_modeled', 'borrow_status': 'not_modeled', 'modeled_total': 0.8407519656904139}",Router,StateSwitch,False
qt_f1258bf1c0a1794894475962,2019-09-02,2019-09-05,DOGE-USDT,sell,84136.12400134478,0.00252083895,0.10604680924230989,1.261050000000031e-06,negative,"{'commission': np.float64(0.10604680924230989), 'slippage': np.float64(0.10609985917189843), 'impact': np.float64(0.0), 'funding': None, 'borrow': None, 'funding_status': 'not_modeled', 'borrow_status': 'not_modeled', 'modeled_total': np.float64(0.21214666841420832)}",Router,StateSwitch,False
qt_886a2d40b37322c772918647,2019-09-08,2019-09-09,ETH-USDT,cover,6.281053813441802,181.27059,0.5692851652921727,0.09058999999999173,positive,"{'commission': np.float64(0.5692851652921727), 'slippage': np.float64(0.5690006649596409), 'impact': np.float64(0.0), 'funding': None, 'borrow': None, 'funding_status': 'not_modeled', 'borrow_status': 'not_modeled', 'modeled_total': np.float64(1.1382858302518135)}",Router,StateSwitch,False
qt_b0ac8c69bc8eef907649cdcc,2019-09-14,2019-09-15,XRP-USDT,cover,2873.862822815843,0.261380625,0.37558603039593463,0.00013062499999999533,positive,"{'commission': np.float64(0.37558603039593463), 'slippage': np.float64(0.3753983312303061), 'impact': np.float64(0.0), 'funding': None, 'borrow': None, 'funding_status': 'not_modeled', 'borrow_status': 'not_modeled', 'modeled_total': np.float64(0.7509843616262407)}",Router,StateSwitch,False
qt_a6b87a4333244f73d346f730,2019-09-17,2019-09-18,ETH-USDT,short,13.943833487324616,207.74607500000002,1.4483883387226257,0.1039249999999754,negative,"{'commission': np.float64(1.4483883387226257), 'slippage': np.float64(1.4491128951698677), 'impact': np.float64(0.0), 'funding': None, 'borrow': None, 'funding_status': 'not_modeled', 'borrow_status': 'not_modeled', 'modeled_total': np.float64(2.8975012338924935)}",VolatilityReversion,signal,False
qt_6fc2de994d76b799ed7d7508,2019-09-17,2019-09-18,XRP-USDT,short,10147.005889168966,0.285387235,1.4479129771193238,0.00014276499999998915,negative,"{'commission': np.float64(1.4479129771193238), 'slippage': np.float64(1.4486372957670974), 'impact': np.float64(0.0), 'funding': None, 'borrow': None, 'funding_status': 'not_modeled', 'borrow_status': 'not_modeled', 'modeled_total': np.float64(2.8965502728864214)}",VolatilityReversion,signal,False
qt_701436c170b045f6510890f7,2019-09-18,2019-09-19,XRP-USDT,cover,10147.005889168966,0.31359672,1.5910338823320356,0.00015671999999999908,positive,"{'commission': np.float64(1.5910338823320356), 'slippage': np.float64(1.590238762950551), 'impact': np.float64(0.0), 'funding': None, 'borrow': None, 'funding_status': 'not_modeled', 'borrow_status': 'not_modeled', 'modeled_total': np.float64(3.1812726452825864)}",VolatilityReversion,hard_stop,False
qt_9bffeb5ee14c9a47dfea7dd0,2019-09-19,2019-09-20,ETH-USDT,cover,13.943833487324616,220.37013,1.5364021991500394,0.11012999999999806,positive,"{'commission': np.float64(1.5364021991500394), 'slippage': np.float64(1.535634381959033), 'impact': np.float64(0.0), 'funding': None, 'borrow': None, 'funding_status': 'not_modeled', 'borrow_status': 'not_modeled', 'modeled_total': np.float64(3.0720365811090726)}",VolatilityReversion,hard_stop,False
qt_021908a9768d798b6d8837bc,2019-09-19,2019-09-20,XRP-USDT,short,9176.380964396965,0.30048968000000004,1.378703889774868,0.00015031999999998158,negative,"{'commission': np.float64(1.378703889774868), 'slippage': np.float64(1.3793935865679827), 'impact': np.float64(0.0), 'funding': None, 'borrow': None, 'funding_status': 'not_modeled', 'borrow_status': 'not_modeled', 'modeled_total': np.float64(2.7580974763428507)}",VolatilityReversion,signal,False
qt_05352e1758c83e82c3ab974d,2019-09-20,2019-09-21,ETH-USDT,short,12.623747637288343,217.900995,1.3753635853970145,0.10900499999999624,negative,"{'commission': np.float64(1.3753635853970145), 'slippage': np.float64(1.3760516112025685), 'impact': np.float64(0.0), 'funding': None, 'borrow': None, 'funding_status': 'not_modeled', 'borrow_status': 'not_modeled', 'modeled_total': np.float64(2.751415196599583)}",VolatilityReversion,signal,False
qt_234b42c8f89b80598b0d4e09,2019-09-23,2019-09-24,XRP-USDT,cover,9176.380964396965,0.26800393499999997,1.2296531037587406,0.00013393499999997394,positive,"{'commission': np.float64(1.2296531037587406), 'slippage': np.float64(1.2290385844662683), 'impact': np.float64(0.0), 'funding': None, 'borrow': None, 'funding_status': 'not_modeled', 'borrow_status': 'not_modeled', 'modeled_total': np.float64(2.458691688225009)}",Router,StateSwitch,False
qt_5054a894b4935d742595e7d8,2019-09-24,2019-09-25,ETH-USDT,cover,12.623747637288343,165.80285999999998,1.0465267310903248,0.08285999999998239,positive,"{'commission': np.float64(1.0465267310903248), 'slippage': np.float64(1.0460037292254898), 'impact': np.float64(0.0), 'funding': None, 'borrow': None, 'funding_status': 'not_modeled', 'borrow_status': 'not_modeled', 'modeled_total': np.float64(2.092530460315815)}",Router,StateSwitch,False
qt_5302e302dd57d32b42a6a85c,2019-10-13,2019-10-14,BNB-USDT,short,108.59842140477936,18.246872,0.9907907473875346,0.009128000000000469,negative,"{'commission': np.float64(0.9907907473875346), 'slippage': np.float64(0.9912863905828769), 'impact': np.float64(0.0), 'funding': None, 'borrow': None, 'funding_status': 'not_modeled', 'borrow_status': 'not_modeled', 'modeled_total': np.float64(1.9820771379704114)}",VolatilityReversion,signal,False
qt_8f8436c4ee3f0a7aac1d9625,2019-10-19,2019-10-20,BNB-USDT,cover,108.59842140477936,18.228009450000002,0.9897665258107003,0.009109450000000407,positive,"{'commission': np.float64(0.9897665258107003), 'slippage': np.float64(0.9892718898658116), 'impact': np.float64(0.0), 'funding': None, 'borrow': None, 'funding_status': 'not_modeled', 'borrow_status': 'not_modeled', 'modeled_total': np.float64(1.979038415676512)}",Router,StateSwitch,False
qt_01908946ac5cb6d7e6bb2c76,2020-01-06,2020-01-07,ADA-USDT,short,79457.95143139282,0.03730134,1.4819440310229353,1.8659999999996735e-05,negative,"{'commission': np.float64(1.4819440310229353), 'slippage': np.float64(1.4826853737095307), 'impact': np.float64(0.0), 'funding': None, 'borrow': None, 'funding_status': 'not_modeled', 'borrow_status': 'not_modeled', 'modeled_total': np.float64(2.9646294047324657)}",VolatilityReversion,signal,False
qt_a34d2f07eb6d8b709cab152d,2020-01-07,2020-01-08,ETH-USDT,short,21.355607993918774,142.72860000000003,1.5240280155604178,0.07139999999998281,negative,"{'commission': np.float64(1.5240280155604178), 'slippage': np.float64(1.5247904107654333), 'impact': np.float64(0.0), 'funding': None, 'borrow': None, 'funding_status': 'not_modeled', 'borrow_status': 'not_modeled', 'modeled_total': np.float64(3.048818426325851)}",VolatilityReversion,signal,False
qt_5ec77f4d9a51ef9a46f4aeaa,2020-01-07,2020-01-08,XRP-USDT,short,14293.793398320135,0.21323333000000003,1.5239565823279095,0.0001066699999999754,negative,"{'commission': np.float64(1.5239565823279095), 'slippage': np.float64(1.524718941798457), 'impact': np.float64(0.0), 'funding': None, 'borrow': None, 'funding_status': 'not_modeled', 'borrow_status': 'not_modeled', 'modeled_total': np.float64(3.0486755241263666)}",VolatilityReversion,signal,False
qt_c5a161e8dfa45072e5e398ba,2020-01-14,2020-01-15,ETH-USDT,cover,21.355607993918774,165.6828,1.7691284640674225,0.08279999999999177,positive,"{'commission': np.float64(1.7691284640674225), 'slippage': np.float64(1.7682443418962988), 'impact': np.float64(0.0), 'funding': None, 'borrow': None, 'funding_status': 'not_modeled', 'borrow_status': 'not_modeled', 'modeled_total': np.float64(3.537372805963721)}",VolatilityReversion,hard_stop,False
qt_d23c2bdfa207adb6f38d2272,2020-01-14,2020-01-15,BNB-USDT,short,162.29963521747402,16.62178495,1.3488548170241497,0.008315050000000213,negative,"{'commission': np.float64(1.3488548170241497), 'slippage': np.float64(1.3495295818150919), 'impact': np.float64(0.0), 'funding': None, 'borrow': None, 'funding_status': 'not_modeled', 'borrow_status': 'not_modeled', 'modeled_total': np.float64(2.6983843988392415)}",VolatilityReversion,signal,False
qt_bd8c3b482f15555cdaf0e3b8,2020-01-14,2020-01-15,XRP-USDT,cover,14293.793398320135,0.234667275,1.6771427730983879,0.00011727500000000002,positive,"{'commission': np.float64(1.6771427730983879), 'slippage': np.float64(1.6763046207879941), 'impact': np.float64(0.0), 'funding': None, 'borrow': None, 'funding_status': 'not_modeled', 'borrow_status': 'not_modeled', 'modeled_total': np.float64(3.3534473938863822)}",VolatilityReversion,hard_stop,False
qt_9b2f1c628581a2ecd921f472,2020-01-14,2020-01-15,ADA-USDT,cover,79457.95143139282,0.041630805,1.6539492408698928,2.080499999999874e-05,positive,"{'commission': np.float64(1.6539492408698928), 'slippage': np.float64(1.6531226795300276), 'impact': np.float64(0.0), 'funding': None, 'borrow': None, 'funding_status': 'not_modeled', 'borrow_status': 'not_modeled', 'modeled_total': np.float64(3.3070719203999204)}",VolatilityReversion,hard_stop,False
qt_d86b22e4730c508a44cdd9d5,2020-01-14,2020-01-15,LTC-USDT,short,38.66258968752625,58.340815,1.1278034961904384,0.02918499999999824,negative,"{'commission': np.float64(1.1278034961904384), 'slippage': np.float64(1.1283676800303855), 'impact': np.float64(0.0), 'funding': None, 'borrow': None, 'funding_status': 'not_modeled', 'borrow_status': 'not_modeled', 'modeled_total': np.float64(2.256171176220824)}",VolatilityReversion,signal,False
qt_fa6ae63e71dbd41e9dd3edd6,2020-01-15,2020-01-16,ETH-USDT,short,15.109479159292443,166.3168,1.2564801117201045,0.08320000000000505,negative,"{'commission': np.float64(1.2564801117201045), 'slippage': np.float64(1.2571086660532076), 'impact': np.float64(0.0), 'funding': None, 'borrow': None, 'funding_status': 'not_modeled', 'borrow_status': 'not_modeled', 'modeled_total': np.float64(2.513588777773312)}",VolatilityReversion,signal,False
qt_c99b93d1ec9b37aac058766f,2020-01-15,2020-01-16,BNB-USDT,cover,162.29963521747402,17.67433275,1.4342688790186273,0.008832749999999834,positive,"{'commission': np.float64(1.4342688790186273), 'slippage': np.float64(1.4335521029671168), 'impact': np.float64(0.0), 'funding': None, 'borrow': None, 'funding_status': 'not_modeled', 'borrow_status': 'not_modeled', 'modeled_total': np.float64(2.8678209819857443)}",VolatilityReversion,hard_stop,False
qt_cc2b7f5cfe1ccb7dfb5041e8,2020-01-15,2020-01-16,XRP-USDT,short,10911.039874937484,0.233553165,1.2741539481164268,0.00011683499999998181,negative,"{'commission': np.float64(1.2741539481164268), 'slippage': np.float64(1.2747913437881224), 'impact': np.float64(0.0), 'funding': None, 'borrow': None, 'funding_status': 'not_modeled', 'borrow_status': 'not_modeled', 'modeled_total': np.float64(2.548945291904549)}",VolatilityReversion,signal,False
qt_9569fa3b69bfa9b012ed7858,2020-01-15,2020-01-16,ADA-USDT,short,61399.50060035891,0.042748615000000004,1.312371806178506,2.1384999999998766e-05,negative,"{'commission': np.float64(1.312371806178506), 'slippage': np.float64(1.3130283203385995), 'impact': np.float64(0.0), 'funding': None, 'borrow': None, 'funding_status': 'not_modeled', 'borrow_status': 'not_modeled', 'modeled_total': np.float64(2.625400126517105)}",VolatilityReversion,signal,False
qt_f5a1213251b047f12ca60af8,2020-01-15,2020-01-16,LTC-USDT,cover,38.66258968752625,58.199085,1.1250636717722318,0.02908499999999492,positive,"{'commission': np.float64(1.1250636717722318), 'slippage': np.float64(1.1245014210615045), 'impact': np.float64(0.0), 'funding': None, 'borrow': None, 'funding_status': 'not_modeled', 'borrow_status': 'not_modeled', 'modeled_total': np.float64(2.2495650928337363)}",Router,StateSwitch,False
qt_d8a582b5889d0418b5c1f4a5,2020-01-17,2020-01-18,ETH-USDT,cover,15.109479159292443,170.00495999999998,1.2843432000481725,0.08495999999999526,positive,"{'commission': np.float64(1.2843432000481725), 'slippage': np.float64(1.2837013493734144), 'impact': np.float64(0.0), 'funding': None, 'borrow': None, 'funding_status': 'not_modeled', 'borrow_status': 'not_modeled', 'modeled_total': np.float64(2.568044549421587)}",Router,StateSwitch,False
qt_97ef475fed9815ae0a9b953d,2020-01-17,2020-01-18,ADA-USDT,cover,61399.50060035891,0.04490244,1.37849369586879,2.2439999999998572e-05,positive,"{'commission': np.float64(1.37849369586879), 'slippage': np.float64(1.3778047934719662), 'impact': np.float64(0.0), 'funding': None, 'borrow': None, 'funding_status': 'not_modeled', 'borrow_status': 'not_modeled', 'modeled_total': np.float64(2.756298489340756)}",Router,StateSwitch,False
qt_ae5a6ad04b50674e221844d8,2020-01-17,2020-01-18,DOGE-USDT,short,1033999.3699282707,0.00248425725,1.2843602156198692,1.242749999999862e-06,negative,"{'commission': np.float64(1.2843602156198692), 'slippage': np.float64(1.2850027169782157), 'impact': np.float64(0.0), 'funding': None, 'borrow': None, 'funding_status': 'not_modeled', 'borrow_status': 'not_modeled', 'modeled_total': np.float64(2.569362932598085)}",VolatilityReversion,signal,False
qt_820cb0b42fba7ba30d36c2ec,2020-01-18,2020-01-19,XRP-USDT,cover,10911.039874937484,0.243691785,1.329465391664846,0.00012178499999998538,positive,"{'commission': np.float64(1.329465391664846), 'slippage': np.float64(1.3288009911691019), 'impact': np.float64(0.0), 'funding': None, 'borrow': None, 'funding_status': 'not_modeled', 'borrow_status': 'not_modeled', 'modeled_total': np.float64(2.658266382833948)}",VolatilityReversion,hard_stop,False
qt_6f78936c5f781db9b9488a9f,2020-01-18,2020-01-19,DOGE-USDT,cover,1033999.3699282707,0.0025149568499999997,1.3002318991483939,1.2568499999998997e-06,positive,"{'commission': np.float64(1.3002318991483939), 'slippage': np.float64(1.2995821080942433), 'impact': np.float64(0.0), 'funding': None, 'borrow': None, 'funding_status': 'not_modeled', 'borrow_status': 'not_modeled', 'modeled_total': np.float64(2.599814007242637)}",Router,StateSwitch,False
qt_175ba37b94f296ed75a351ee,2020-01-21,2020-01-22,ADA-USDT,buy,17651.307130876092,0.046063019999999996,0.40653625669784405,2.3019999999998597e-05,positive,"{'commission': np.float64(0.40653625669784405), 'slippage': np.float64(0.4063330901527429), 'impact': np.float64(0.0), 'funding': None, 'borrow': None, 'funding_status': 'not_modeled', 'borrow_status': 'not_modeled', 'modeled_total': np.float64(0.812869346850587)}",TrendBreakout,signal,False
qt_4f321113f56c90a3ce9ffc1d,2020-01-30,2020-01-31,ETH-USDT,buy,5.942977631476296,184.802355,0.5491381310045709,0.09235499999999774,positive,"{'commission': np.float64(0.5491381310045709), 'slippage': np.float64(0.5488636991549799), 'impact': np.float64(0.0), 'funding': None, 'borrow': None, 'funding_status': 'not_modeled', 'borrow_status': 'not_modeled', 'modeled_total': np.float64(1.0980018301595509)}",TrendBreakout,signal,False
qt_4a13c8481e7a018556ff59f1,2020-01-30,2020-01-31,BNB-USDT,buy,81.43055822693339,18.564977850000002,0.7558782548980769,0.009277850000000143,positive,"{'commission': np.float64(0.7558782548980769), 'slippage': np.float64(0.7555005046457656), 'impact': np.float64(0.0), 'funding': None, 'borrow': None, 'funding_status': 'not_modeled', 'borrow_status': 'not_modeled', 'modeled_total': np.float64(1.5113787595438426)}",TrendBreakout,signal,False
qt_0c606476eb51c730400c67e4,2020-02-01,2020-02-02,LTC-USDT,buy,8.591797808199631,70.75536,0.3039578734831879,0.03535999999999717,positive,"{'commission': np.float64(0.3039578734831879), 'slippage': np.float64(0.30380597049791463), 'impact': np.float64(0.0), 'funding': None, 'borrow': None, 'funding_status': 'not_modeled', 'borrow_status': 'not_modeled', 'modeled_total': np.float64(0.6077638439811026)}",TrendBreakout,signal,False
qt_3189aa83953a1b5fb53ad9ca,2020-02-04,2020-02-05,XRP-USDT,buy,3398.946296987892,0.26755371,0.45470034592493613,0.0001337100000000091,positive,"{'commission': np.float64(0.45470034592493613), 'slippage': np.float64(0.45447310937028196), 'impact': np.float64(0.0), 'funding': None, 'borrow': None, 'funding_status': 'not_modeled', 'borrow_status': 'not_modeled', 'modeled_total': np.float64(0.9091734552952181)}",TrendBreakout,signal,False
qt_f73e614186b18507204859c7,2020-02-06,2020-02-07,BTC-USDT,buy,0.147843314383907,9776.885999999999,0.7227236152968094,4.885999999998603,positive,"{'commission': np.float64(0.7227236152968094), 'slippage': np.float64(0.722362434079563), 'impact': np.float64(0.0), 'funding': None, 'borrow': None, 'funding_status': 'not_modeled', 'borrow_status': 'not_modeled', 'modeled_total': np.float64(1.4450860493763724)}",TrendBreakout,signal,False
qt_32128df7bd06a83f81e28291,2020-02-06,2020-02-07,DOGE-USDT,buy,446707.81605494145,0.0026655320999999996,0.5953570115076708,1.3320999999997564e-06,positive,"{'commission': np.float64(0.5953570115076708), 'slippage': np.float64(0.5950594817666787), 'impact': np.float64(0.0), 'funding': None, 'borrow': None, 'funding_status': 'not_modeled', 'borrow_status': 'not_modeled', 'modeled_total': np.float64(1.1904164932743495)}",TrendBreakout,signal,False
qt_a085aaf13a48e0c339e2a5d5,2020-02-17,2020-02-18,BTC-USDT,sell,0.147843314383907,9701.147,0.7171248629027482,4.852999999999156,negative,"{'commission': np.float64(0.7171248629027482), 'slippage': np.float64(0.7174836047049759), 'impact': np.float64(0.0), 'funding': None, 'borrow': None, 'funding_status': 'not_modeled', 'borrow_status': 'not_modeled', 'modeled_total': np.float64(1.434608467607724)}",Router,StateSwitch,False
qt_af6facdfe1f81b2923859741,2020-02-17,2020-02-18,ADA-USDT,sell,17651.307130876092,0.0601699,0.5310386924670506,3.0099999999998184e-05,negative,"{'commission': np.float64(0.5310386924670506), 'slippage': np.float64(0.5313043446393383), 'impact': np.float64(0.0), 'funding': None, 'borrow': None, 'funding_status': 'not_modeled', 'borrow_status': 'not_modeled', 'modeled_total': np.float64(1.0623430371063889)}",Router,StateSwitch,False
qt_81c7a5995aa279eae32c7eac,2020-02-17,2020-02-18,DOGE-USDT,sell,446707.81605494145,0.00268055905,0.5987133395159043,1.3409499999999554e-06,negative,"{'commission': np.float64(0.5987133395159043), 'slippage': np.float64(0.5990128459388538), 'impact': np.float64(0.0), 'funding': None, 'borrow': None, 'funding_status': 'not_modeled', 'borrow_status': 'not_modeled', 'modeled_total': np.float64(1.197726185454758)}",Router,StateSwitch,False
qt_e482c4428b6e9f8529bd912c,2020-02-17,2020-02-18,LTC-USDT,sell,8.591797808199631,73.40328,0.3153330701093319,0.03672000000000253,negative,"{'commission': np.float64(0.3153330701093319), 'slippage': np.float64(0.31549081551711217), 'impact': np.float64(0.0), 'funding': None, 'borrow': None, 'funding_status': 'not_modeled', 'borrow_status': 'not_modeled', 'modeled_total': np.float64(0.6308238856264441)}",Router,StateSwitch,False
qt_c5644e57255787e175956337,2020-02-19,2020-02-20,XRP-USDT,sell,3398.946296987892,0.27452267,0.4665439063178646,0.00013732999999999107,negative,"{'commission': np.float64(0.4665439063178646), 'slippage': np.float64(0.46677729496531684), 'impact': np.float64(0.0), 'funding': None, 'borrow': None, 'funding_status': 'not_modeled', 'borrow_status': 'not_modeled', 'modeled_total': np.float64(0.9333212012831814)}",Router,StateSwitch,False
qt_96d35be5a97fe332cad7cc3a,2020-02-20,2020-02-21,BNB-USDT,sell,81.43055822693339,22.15061915,0.9018686412283504,0.011080849999999032,negative,"{'commission': np.float64(0.9018686412283504), 'slippage': np.float64(0.9023198011288359), 'impact': np.float64(0.0), 'funding': None, 'borrow': None, 'funding_status': 'not_modeled', 'borrow_status': 'not_modeled', 'modeled_total': np.float64(1.8041884423571863)}",Router,StateSwitch,False
qt_ea660e18c1a2e575f40da2e5,2020-02-25,2020-02-26,ETH-USDT,sell,5.942977631476296,246.546665,0.73261065760504,0.12333499999999731,negative,"{'commission': np.float64(0.73261065760504), 'slippage': np.float64(0.7329771461781129), 'impact': np.float64(0.0), 'funding': None, 'borrow': None, 'funding_status': 'not_modeled', 'borrow_status': 'not_modeled', 'modeled_total': np.float64(1.465587803783153)}",Router,StateSwitch,False
qt_c5f62d5dd3a4542c26dad4bc,2020-02-26,2020-02-27,BNB-USDT,buy,63.77080906822447,18.7431669,0.5976334588568823,0.009366899999999845,positive,"{'commission': np.float64(0.5976334588568823), 'slippage': np.float64(0.5973347914611419), 'impact': np.float64(0.0), 'funding': None, 'borrow': None, 'funding_status': 'not_modeled', 'borrow_status': 'not_modeled', 'modeled_total': np.float64(1.1949682503180243)}",VolatilityReversion,signal,False
qt_577b14ebfbfa6cd26ae56a6e,2020-02-26,2020-02-27,XRP-USDT,buy,5157.791414555771,0.229284585,0.5913010320014914,0.00011458500000000038,positive,"{'commission': np.float64(0.5913010320014914), 'slippage': np.float64(0.591005529236875), 'impact': np.float64(0.0), 'funding': None, 'borrow': None, 'funding_status': 'not_modeled', 'borrow_status': 'not_modeled', 'modeled_total': np.float64(1.1823065612383665)}",VolatilityReversion,signal,False
qt_11836e3232ab86ac67215570,2020-03-05,2020-03-06,BNB-USDT,sell,63.77080906822447,20.735926850000002,0.6611734160020097,0.010373149999999498,negative,"{'commission': np.float64(0.6611734160020097), 'slippage': np.float64(0.6615041680860206), 'impact': np.float64(0.0), 'funding': None, 'borrow': None, 'funding_status': 'not_modeled', 'borrow_status': 'not_modeled', 'modeled_total': np.float64(1.3226775840880305)}",Router,StateSwitch,False
qt_0d6356556732e15f40d61853,2020-03-06,2020-03-07,XRP-USDT,sell,5157.791414555771,0.24462762500000002,0.6308691319940843,0.00012237499999998014,negative,"{'commission': np.float64(0.6308691319940843), 'slippage': np.float64(0.63118472435616), 'impact': np.float64(0.0), 'funding': None, 'borrow': None, 'funding_status': 'not_modeled', 'borrow_status': 'not_modeled', 'modeled_total': np.float64(1.2620538563502444)}",Router,StateSwitch,False
qt_95825b312f821182bff486fa,2020-03-12,2020-03-13,ETH-USDT,buy,5.669873552500832,107.723835,0.30539026152023174,0.053834999999992306,positive,"{'commission': np.float64(0.30539026152023174), 'slippage': np.float64(0.30523764269883863), 'impact': np.float64(0.0), 'funding': None, 'borrow': None, 'funding_status': 'not_modeled', 'borrow_status': 'not_modeled', 'modeled_total': np.float64(0.6106279042190703)}",VolatilityReversion,signal,False
qt_a6bbd670d8b66aaaf13949af,2020-03-14,2020-03-15,ETH-USDT,sell,5.669873552500832,122.47873000000001,0.3472194559854451,0.061269999999993274,negative,"{'commission': np.float64(0.3472194559854451), 'slippage': np.float64(0.34739315256168785), 'impact': np.float64(0.0), 'funding': None, 'borrow': None, 'funding_status': 'not_modeled', 'borrow_status': 'not_modeled', 'modeled_total': np.float64(0.6946126085471329)}",Router,StateSwitch,False
qt_e17991ef2df7c3247ec1c152,2020-04-06,2020-04-07,ETH-USDT,short,9.832315251786984,171.23434,0.841815006405839,0.08565999999999008,negative,"{'commission': np.float64(0.841815006405839), 'slippage': np.float64(0.8422361244679755), 'impact': np.float64(0.0), 'funding': None, 'borrow': None, 'funding_status': 'not_modeled', 'borrow_status': 'not_modeled', 'modeled_total': np.float64(1.6840511308738144)}",VolatilityReversion,signal,False
qt_f26ec888f6b2581e37339bed,2020-04-06,2020-04-07,BNB-USDT,short,110.17484486739924,15.1854035,0.8365247374306808,0.007596500000000006,negative,"{'commission': np.float64(0.8365247374306808), 'slippage': np.float64(0.836943209035199), 'impact': np.float64(0.0), 'funding': None, 'borrow': None, 'funding_status': 'not_modeled', 'borrow_status': 'not_modeled', 'modeled_total': np.float64(1.67346794646588)}",VolatilityReversion,signal,False
qt_df5e62f1fd8296d7c69a6692,2020-04-06,2020-04-07,XRP-USDT,short,9605.802869706587,0.19790100000000002,0.9504989968589018,9.899999999998799e-05,negative,"{'commission': np.float64(0.9504989968589018), 'slippage': np.float64(0.9509744841008367), 'impact': np.float64(0.0), 'funding': None, 'borrow': None, 'funding_status': 'not_modeled', 'borrow_status': 'not_modeled', 'modeled_total': np.float64(1.9014734809597384)}",VolatilityReversion,signal,False
qt_e7c6d12354c80f1bb9d0da41,2020-04-06,2020-04-07,ADA-USDT,short,48544.06114657119,0.035892045,0.8711728135777423,1.7955000000000054e-05,negative,"{'commission': np.float64(0.8711728135777423), 'slippage': np.float64(0.8716086178866884), 'impact': np.float64(0.0), 'funding': None, 'borrow': None, 'funding_status': 'not_modeled', 'borrow_status': 'not_modeled', 'modeled_total': np.float64(1.7427814314644308)}",VolatilityReversion,signal,False
qt_f78d78fc573e4b58023636be,2020-04-06,2020-04-07,LTC-USDT,short,38.157091387534706,45.007485,0.8586773591340487,0.02251499999999851,negative,"{'commission': np.float64(0.8586773591340487), 'slippage': np.float64(0.859106912590287), 'impact': np.float64(0.0), 'funding': None, 'borrow': None, 'funding_status': 'not_modeled', 'borrow_status': 'not_modeled', 'modeled_total': np.float64(1.717784271724336)}",VolatilityReversion,signal,False
qt_d9a5914df3c3c1556cd666d6,2020-04-08,2020-04-09,XRP-USDT,cover,9605.802869706587,0.20202095999999997,0.9702867586544397,0.00010095999999998329,positive,"{'commission': np.float64(0.9702867586544397), 'slippage': np.float64(0.9698018577254165), 'impact': np.float64(0.0), 'funding': None, 'borrow': None, 'funding_status': 'not_modeled', 'borrow_status': 'not_modeled', 'modeled_total': np.float64(1.9400886163798563)}",Router,StateSwitch,False
qt_7c45fcc4bf6fcd69b682cff4,2020-04-10,2020-04-11,BNB-USDT,cover,110.17484486739924,13.723958549999999,0.7560175021064337,0.0068585499999986865,positive,"{'commission': np.float64(0.7560175021064337), 'slippage': np.float64(0.7556396822651563), 'impact': np.float64(0.0), 'funding': None, 'borrow': None, 'funding_status': 'not_modeled', 'borrow_status': 'not_modeled', 'modeled_total': np.float64(1.51165718437159)}",Router,StateSwitch,False
qt_774238f218f12d36f829084e,2020-04-11,2020-04-12,LTC-USDT,cover,38.157091387534706,42.56126999999999,0.8120071344797696,0.021269999999994127,positive,"{'commission': np.float64(0.8120071344797696), 'slippage': np.float64(0.8116013338126391), 'impact': np.float64(0.0), 'funding': None, 'borrow': None, 'funding_status': 'not_modeled', 'borrow_status': 'not_modeled', 'modeled_total': np.float64(1.6236084682924088)}",Router,StateSwitch,False
qt_98bae2396588e883dff40f0f,2020-04-12,2020-04-13,ETH-USDT,cover,9.832315251786984,158.63927999999999,0.7798957061382529,0.07927999999998292,positive,"{'commission': np.float64(0.7798957061382529), 'slippage': np.float64(0.7795059531615042), 'impact': np.float64(0.0), 'funding': None, 'borrow': None, 'funding_status': 'not_modeled', 'borrow_status': 'not_modeled', 'modeled_total': np.float64(1.559401659299757)}",Router,StateSwitch,False
qt_46d56f14562ccce3c88471bb,2020-04-12,2020-04-13,ADA-USDT,cover,48544.06114657119,0.033466724999999996,0.8123053723877413,1.6724999999995216e-05,positive,"{'commission': np.float64(0.8123053723877413), 'slippage': np.float64(0.811899422676171), 'impact': np.float64(0.0), 'funding': None, 'borrow': None, 'funding_status': 'not_modeled', 'borrow_status': 'not_modeled', 'modeled_total': np.float64(1.6242047950639122)}",Router,StateSwitch,False
qt_e0951c2346c36bd60f63360a,2020-04-29,2020-04-30,ETH-USDT,buy,4.175047064832251,215.5077,0.44987739516687464,0.10769999999999413,positive,"{'commission': np.float64(0.44987739516687464), 'slippage': np.float64(0.4496525688824089), 'impact': np.float64(0.0), 'funding': None, 'borrow': None, 'funding_status': 'not_modeled', 'borrow_status': 'not_modeled', 'modeled_total': np.float64(0.8995299640492835)}",TrendBreakout,signal,False
qt_6f1dd3628fadd10981965312,2020-05-07,2020-05-08,BTC-USDT,buy,0.08521924734290366,9991.29315,0.4257252411126545,4.993150000000242,positive,"{'commission': np.float64(0.4257252411126545), 'slippage': np.float64(0.42551248487024), 'impact': np.float64(0.0), 'funding': None, 'borrow': None, 'funding_status': 'not_modeled', 'borrow_status': 'not_modeled', 'modeled_total': np.float64(0.8512377259828945)}",TrendBreakout,signal,False
qt_623e9bee7678301868421d96,2020-05-10,2020-05-11,ETH-USDT,sell,4.175047064832251,187.52619,0.3914653345693375,0.09380999999999062,negative,"{'commission': np.float64(0.3914653345693375), 'slippage': np.float64(0.3916611651518743), 'impact': np.float64(0.0), 'funding': None, 'borrow': None, 'funding_status': 'not_modeled', 'borrow_status': 'not_modeled', 'modeled_total': np.float64(0.7831264997212118)}",Router,StateSwitch,False
qt_2fce01be4476698c4a760ac3,2020-05-19,2020-05-20,ADA-USDT,buy,14045.425572983342,0.056778375,0.398738220108719,2.8374999999997152e-05,positive,"{'commission': np.float64(0.398738220108719), 'slippage': np.float64(0.39853895063336237), 'impact': np.float64(0.0), 'funding': None, 'borrow': None, 'funding_status': 'not_modeled', 'borrow_status': 'not_modeled', 'modeled_total': np.float64(0.7972771707420814)}",TrendBreakout,signal,False
qt_b0038215b6da28b82b158e90,2020-05-21,2020-05-22,BTC-USDT,sell,0.08521924734290366,9062.976245,0.3861700071427576,4.533755000000383,negative,"{'commission': np.float64(0.3861700071427576), 'slippage': np.float64(0.38636318873715886), 'impact': np.float64(0.0), 'funding': None, 'borrow': None, 'funding_status': 'not_modeled', 'borrow_status': 'not_modeled', 'modeled_total': np.float64(0.7725331958799164)}",Router,StateSwitch,False
qt_b1ff33eccc85ddd9f7789061,2020-05-21,2020-05-22,ADA-USDT,sell,14045.425572983342,0.05207395,0.36570039450812797,2.6049999999999685e-05,negative,"{'commission': np.float64(0.36570039450812797), 'slippage': np.float64(0.3658833361762116), 'impact': np.float64(0.0), 'funding': None, 'borrow': None, 'funding_status': 'not_modeled', 'borrow_status': 'not_modeled', 'modeled_total': np.float64(0.7315837306843396)}",Router,StateSwitch,False
qt_6921d6071c13659b0fa17b4a,2020-06-04,2020-06-05,ADA-USDT,buy,5234.635762861489,0.08886440999999999,0.23258640931579302,4.440999999999473e-05,positive,"{'commission': np.float64(0.23258640931579302), 'slippage': np.float64(0.23247017422865113), 'impact': np.float64(0.0), 'funding': None, 'borrow': None, 'funding_status': 'not_modeled', 'borrow_status': 'not_modeled', 'modeled_total': np.float64(0.4650565835444441)}",TrendBreakout,signal,False
qt_c9419e71ef47a3115749326b,2020-06-14,2020-06-15,ADA-USDT,sell,5234.635762861489,0.07640178,0.19996774496713784,3.8219999999991594e-05,negative,"{'commission': np.float64(0.19996774496713784), 'slippage': np.float64(0.2000677788565221), 'impact': np.float64(0.0), 'funding': None, 'borrow': None, 'funding_status': 'not_modeled', 'borrow_status': 'not_modeled', 'modeled_total': np.float64(0.4000355238236599)}",Router,StateSwitch,False
qt_d5ae5338696a1c97da9a0fb6,2020-07-09,2020-07-10,XRP-USDT,short,14550.35044040195,0.202528685,1.473431670491889,0.00010131499999999072,negative,"{'commission': np.float64(1.473431670491889), 'slippage': np.float64(1.4741687548691884), 'impact': np.float64(0.0), 'funding': None, 'borrow': None, 'funding_status': 'not_modeled', 'borrow_status': 'not_modeled', 'modeled_total': np.float64(2.9476004253610775)}",VolatilityReversion,signal,False
qt_6b099179a27b0688d5f1616d,2020-07-11,2020-07-12,BNB-USDT,short,167.65312224155895,17.61168975,1.4763273872685805,0.008810249999999797,negative,"{'commission': np.float64(1.4763273872685805), 'slippage': np.float64(1.4770659202286607), 'impact': np.float64(0.0), 'funding': None, 'borrow': None, 'funding_status': 'not_modeled', 'borrow_status': 'not_modeled', 'modeled_total': np.float64(2.953393307497241)}",VolatilityReversion,signal,False
qt_93b7935cd771cba505e46e5d,2020-07-12,2020-07-13,BNB-USDT,cover,167.65312224155895,18.312751799999997,1.5350950080523642,0.009151799999997934,positive,"{'commission': np.float64(1.5350950080523642), 'slippage': np.float64(1.5343278441299528), 'impact': np.float64(0.0), 'funding': None, 'borrow': None, 'funding_status': 'not_modeled', 'borrow_status': 'not_modeled', 'modeled_total': np.float64(3.069422852182317)}",VolatilityReversion,hard_stop,False
qt_1f6dd29f2cb9e1542a4f01f8,2020-07-13,2020-07-14,BNB-USDT,short,159.12190684748012,18.39149965,1.4632452470463817,0.009200350000000412,negative,"{'commission': np.float64(1.4632452470463817), 'slippage': np.float64(1.4639772356642793), 'impact': np.float64(0.0), 'funding': None, 'borrow': None, 'funding_status': 'not_modeled', 'borrow_status': 'not_modeled', 'modeled_total': np.float64(2.927222482710661)}",VolatilityReversion,signal,False
qt_a8469fe647b329200fd71668,2020-07-18,2020-07-19,BNB-USDT,cover,159.12190684748012,17.1627771,1.3654869094751325,0.008577100000000115,positive,"{'commission': np.float64(1.3654869094751325), 'slippage': np.float64(1.36480450722154), 'impact': np.float64(0.0), 'funding': None, 'borrow': None, 'funding_status': 'not_modeled', 'borrow_status': 'not_modeled', 'modeled_total': np.float64(2.7302914166966725)}",Router,StateSwitch,False
qt_6992a714d732d14a271545b2,2020-07-18,2020-07-19,XRP-USDT,cover,14550.35044040195,0.199989945,1.4549618921533558,9.994499999999018e-05,positive,"{'commission': np.float64(1.4549618921533558), 'slippage': np.float64(1.45423477476583), 'impact': np.float64(0.0), 'funding': None, 'borrow': None, 'funding_status': 'not_modeled', 'borrow_status': 'not_modeled', 'modeled_total': np.float64(2.9091966669191858)}",Router,StateSwitch,False
qt_37877cf0e8d7363a93263243,2020-07-21,2020-07-22,BTC-USDT,short,0.3173784070658205,9385.305,1.4893465753634403,4.694999999999709,negative,"{'commission': np.float64(1.4893465753634403), 'slippage': np.float64(1.4900916211739348), 'impact': np.float64(0.0), 'funding': None, 'borrow': None, 'funding_status': 'not_modeled', 'borrow_status': 'not_modeled', 'modeled_total': np.float64(2.979438196537375)}",RangeMeanReversion,signal,False
qt_9fb1536629317008169f1a13,2020-07-23,2020-07-24,BTC-USDT,cover,0.3173784070658205,9608.071635,1.5246972352452968,4.801634999999806,positive,"{'commission': np.float64(1.5246972352452968), 'slippage': np.float64(1.5239352676114293), 'impact': np.float64(0.0), 'funding': None, 'borrow': None, 'funding_status': 'not_modeled', 'borrow_status': 'not_modeled', 'modeled_total': np.float64(3.048632502856726)}",RangeMeanReversion,hard_stop,False
qt_137e4c0731a6bb725e2f6eb6,2020-07-24,2020-07-25,BTC-USDT,short,0.31014160847342914,9533.330950000001,1.4783412974712624,4.76904999999897,negative,"{'commission': np.float64(1.4783412974712624), 'slippage': np.float64(1.4790808378898876), 'impact': np.float64(0.0), 'funding': None, 'borrow': None, 'funding_status': 'not_modeled', 'borrow_status': 'not_modeled', 'modeled_total': np.float64(2.95742213536115)}",RangeMeanReversion,signal,False
qt_4711fbb7a04d556985f312d8,2020-07-24,2020-07-25,BNB-USDT,buy,74.75533576588171,19.197393899999998,0.7175538134121946,0.009593899999998712,positive,"{'commission': np.float64(0.7175538134121946), 'slippage': np.float64(0.7171952158041962), 'impact': np.float64(0.0), 'funding': None, 'borrow': None, 'funding_status': 'not_modeled', 'borrow_status': 'not_modeled', 'modeled_total': np.float64(1.4347490292163907)}",TrendBreakout,signal,False
qt_91742a382aeaa13c11d03666,2020-07-25,2020-07-26,ADA-USDT,buy,6802.256628339129,0.14375184,0.48891845323797295,7.183999999998969e-05,positive,"{'commission': np.float64(0.48891845323797295), 'slippage': np.float64(0.4886741161798129), 'impact': np.float64(0.0), 'funding': None, 'borrow': None, 'funding_status': 'not_modeled', 'borrow_status': 'not_modeled', 'modeled_total': np.float64(0.9775925694177858)}",TrendBreakout,signal,False
qt_cf30a23c75fbe39335c9a2e8,2020-07-26,2020-07-27,BTC-USDT,cover,0.31014160847342914,9936.50577,1.5408619410566549,4.965769999998884,positive,"{'commission': np.float64(1.5408619410566549), 'slippage': np.float64(1.5400918951087539), 'impact': np.float64(0.0), 'funding': None, 'borrow': None, 'funding_status': 'not_modeled', 'borrow_status': 'not_modeled', 'modeled_total': np.float64(3.080953836165409)}",RangeMeanReversion,hard_stop,False
qt_9ae0332a4c70b6db85ce7fd8,2020-07-27,2020-07-28,ETH-USDT,buy,2.157059272301328,322.110975,0.34740623266688564,0.16097500000000764,positive,"{'commission': np.float64(0.34740623266688564), 'slippage': np.float64(0.34723261635872277), 'impact': np.float64(0.0), 'funding': None, 'borrow': None, 'funding_status': 'not_modeled', 'borrow_status': 'not_modeled', 'modeled_total': np.float64(0.6946388490256084)}",TrendBreakout,signal,False
qt_bae6ec20381f678c545c0239,2020-07-31,2020-08-01,XRP-USDT,buy,3008.8467274716472,0.25950968999999996,0.3904124407518408,0.00012968999999996011,positive,"{'commission': np.float64(0.3904124407518408), 'slippage': np.float64(0.39021733208567794), 'impact': np.float64(0.0), 'funding': None, 'borrow': None, 'funding_status': 'not_modeled', 'borrow_status': 'not_modeled', 'modeled_total': np.float64(0.7806297728375187)}",TrendBreakout,signal,False
qt_48df8e5420ed8c54cba01b46,2020-08-01,2020-08-02,BTC-USDT,buy,0.07989893441222481,11807.070585,0.4716861791357119,5.90058499999941,positive,"{'commission': np.float64(0.4716861791357119), 'slippage': np.float64(0.4714504539087104), 'impact': np.float64(0.0), 'funding': None, 'borrow': None, 'funding_status': 'not_modeled', 'borrow_status': 'not_modeled', 'modeled_total': np.float64(0.9431366330444223)}",TrendBreakout,signal,False
qt_2ade4839122db9db76daf4af,2020-08-01,2020-08-02,LTC-USDT,buy,11.000372695170794,61.680825,0.33925603157280404,0.030825000000000102,positive,"{'commission': np.float64(0.33925603157280404), 'slippage': np.float64(0.33908648832864086), 'impact': np.float64(0.0), 'funding': None, 'borrow': None, 'funding_status': 'not_modeled', 'borrow_status': 'not_modeled', 'modeled_total': np.float64(0.6783425199014449)}",TrendBreakout,signal,False
qt_42614e357cc82d35ee7bf5c5,2020-08-07,2020-08-08,ADA-USDT,sell,6802.256628339129,0.138840545,0.4722145087542336,6.945499999999605e-05,negative,"{'commission': np.float64(0.4722145087542336), 'slippage': np.float64(0.4724507341212673), 'impact': np.float64(0.0), 'funding': None, 'borrow': None, 'funding_status': 'not_modeled', 'borrow_status': 'not_modeled', 'modeled_total': np.float64(0.9446652428755009)}",Router,StateSwitch,False
qt_9a080f31036f473fdee6eb35,2020-08-11,2020-08-12,LTC-USDT,sell,11.000372695170794,54.082945,0.2974662757262119,0.027054999999997165,negative,"{'commission': np.float64(0.2974662757262119), 'slippage': np.float64(0.29761508326781466), 'impact': np.float64(0.0), 'funding': None, 'borrow': None, 'funding_status': 'not_modeled', 'borrow_status': 'not_modeled', 'modeled_total': np.float64(0.5950813589940266)}",Router,StateSwitch,False
qt_14e91956e590498fe86f07d8,2020-08-13,2020-08-14,BNB-USDT,sell,74.75533576588171,21.76421245,0.8134955046898665,0.010887549999999635,negative,"{'commission': np.float64(0.8134955046898665), 'slippage': np.float64(0.8139024559177981), 'impact': np.float64(0.0), 'funding': None, 'borrow': None, 'funding_status': 'not_modeled', 'borrow_status': 'not_modeled', 'modeled_total': np.float64(1.6273979606076647)}",Router,StateSwitch,False
qt_8a025c617cab1a2609e4fc93,2020-08-19,2020-08-20,XRP-USDT,sell,3008.8467274716472,0.289545155,0.4355984960385104,0.00014484500000000455,negative,"{'commission': np.float64(0.4355984960385104), 'slippage': np.float64(0.43581640424064444), 'impact': np.float64(0.0), 'funding': None, 'borrow': None, 'funding_status': 'not_modeled', 'borrow_status': 'not_modeled', 'modeled_total': np.float64(0.8714149002791549)}",Router,StateSwitch,False
qt_9d039fb1d7ad39136eefa45c,2020-08-21,2020-08-22,BTC-USDT,sell,0.07989893441222481,11525.464385,0.460436161483774,5.765615000000253,negative,"{'commission': np.float64(0.460436161483774), 'slippage': np.float64(0.4606664947311598), 'impact': np.float64(0.0), 'funding': None, 'borrow': None, 'funding_status': 'not_modeled', 'borrow_status': 'not_modeled', 'modeled_total': np.float64(0.9211026562149338)}",Router,StateSwitch,False
qt_d8d43defb3e36566a5ed1cc1,2020-08-21,2020-08-22,ETH-USDT,sell,2.157059272301328,387.736035,0.4181848047510512,0.1939649999999915,negative,"{'commission': np.float64(0.4181848047510512), 'slippage': np.float64(0.4183940017519088), 'impact': np.float64(0.0), 'funding': None, 'borrow': None, 'funding_status': 'not_modeled', 'borrow_status': 'not_modeled', 'modeled_total': np.float64(0.83657880650296)}",Router,StateSwitch,False
qt_7fd0a44b897fc622f1c2a54d,2020-08-25,2020-08-26,DOGE-USDT,buy,748383.158647322,0.0032912448,1.2315560896527868,1.6447999999997034e-06,positive,"{'commission': np.float64(1.2315560896527868), 'slippage': np.float64(1.2309406193428933), 'impact': np.float64(0.0), 'funding': None, 'borrow': None, 'funding_status': 'not_modeled', 'borrow_status': 'not_modeled', 'modeled_total': np.float64(2.46249670899568)}",VolatilityReversion,signal,False
qt_4f02096e4b0df965fe164b92,2020-08-26,2020-08-27,DOGE-USDT,sell,748383.158647322,0.0032899542000000004,1.2310731580005119,1.6457999999996108e-06,negative,"{'commission': np.float64(1.2310731580005119), 'slippage': np.float64(1.2316890025014713), 'impact': np.float64(0.0), 'funding': None, 'borrow': None, 'funding_status': 'not_modeled', 'borrow_status': 'not_modeled', 'modeled_total': np.float64(2.462762160501983)}",Router,StateSwitch,False
qt_fd6ec5cb54ee3d370cc12622,2020-08-27,2020-08-28,XRP-USDT,buy,7321.581663503189,0.26491239,0.9697888485294028,0.00013238999999998224,positive,"{'commission': np.float64(0.9697888485294028), 'slippage': np.float64(0.9693041964310571), 'impact': np.float64(0.0), 'funding': None, 'borrow': None, 'funding_status': 'not_modeled', 'borrow_status': 'not_modeled', 'modeled_total': np.float64(1.93909304496046)}",VolatilityReversion,signal,False
qt_a84e8cf8ca2bbbd0ed3cc532,2020-08-31,2020-09-01,XRP-USDT,sell,7321.581663503189,0.28100942500000003,1.0287167266757875,0.00014057499999997614,negative,"{'commission': np.float64(1.0287167266757875), 'slippage': np.float64(1.029231342346786), 'impact': np.float64(0.0), 'funding': None, 'borrow': None, 'funding_status': 'not_modeled', 'borrow_status': 'not_modeled', 'modeled_total': np.float64(2.0579480690225735)}",Router,StateSwitch,False
qt_12a35e4f3ffb6ecb4420dabf,2020-10-09,2020-10-10,BTC-USDT,short,0.27482398171281025,11045.11468,1.5177311974161063,5.525319999998828,negative,"{'commission': np.float64(1.5177311974161063), 'slippage': np.float64(1.5184904426371026), 'impact': np.float64(0.0), 'funding': None, 'borrow': None, 'funding_status': 'not_modeled', 'borrow_status': 'not_modeled', 'modeled_total': np.float64(3.036221640053209)}",RangeMeanReversion,signal,False
qt_649734bb0b574abbb2d83493,2020-10-10,2020-10-11,BTC-USDT,cover,0.27482398171281025,11298.86661,1.552599755301061,5.646609999999782,positive,"{'commission': np.float64(1.552599755301061), 'slippage': np.float64(1.5518238433793117), 'impact': np.float64(0.0), 'funding': None, 'borrow': None, 'funding_status': 'not_modeled', 'borrow_status': 'not_modeled', 'modeled_total': np.float64(3.1044235986803725)}",RangeMeanReversion,hard_stop,False
qt_2688d5c71935a369a87a5938,2020-10-11,2020-10-12,BTC-USDT,short,0.26520655705416146,11363.335490000001,1.5068155409771316,5.684509999999136,negative,"{'commission': np.float64(1.5068155409771316), 'slippage': np.float64(1.5075693256397222), 'impact': np.float64(0.0), 'funding': None, 'borrow': None, 'funding_status': 'not_modeled', 'borrow_status': 'not_modeled', 'modeled_total': np.float64(3.0143848666168536)}",RangeMeanReversion,signal,False
qt_8feb01f589a0c950203f236f,2020-10-12,2020-10-13,BTC-USDT,cover,0.26520655705416146,11534.00412,1.5294467608568567,5.764119999999821,positive,"{'commission': np.float64(1.5294467608568567), 'slippage': np.float64(1.5286824196469857), 'impact': np.float64(0.0), 'funding': None, 'borrow': None, 'funding_status': 'not_modeled', 'borrow_status': 'not_modeled', 'modeled_total': np.float64(3.058129180503842)}",RangeMeanReversion,hard_stop,False
qt_61cbaa766337064b2b9de29c,2020-10-13,2020-10-14,BTC-USDT,short,0.26274097248085976,11414.859715,1.4995756711258448,5.710284999999203,negative,"{'commission': np.float64(1.4995756711258448), 'slippage': np.float64(1.5003258340426568), 'impact': np.float64(0.0), 'funding': None, 'borrow': None, 'funding_status': 'not_modeled', 'borrow_status': 'not_modeled', 'modeled_total': np.float64(2.9999015051685016)}",RangeMeanReversion,signal,False
qt_66abf26299fff1d811dd4cbe,2020-10-17,2020-10-18,BTC-USDT,cover,0.26274097248085976,11365.990155,1.493155653266289,5.680155000000013,positive,"{'commission': np.float64(1.493155653266289), 'slippage': np.float64(1.4924094485420214), 'impact': np.float64(0.0), 'funding': None, 'borrow': None, 'funding_status': 'not_modeled', 'borrow_status': 'not_modeled', 'modeled_total': np.float64(2.9855651018083105)}",Router,StateSwitch,False
qt_9a617e22517f66bf11b881f2,2020-10-22,2020-10-23,DOGE-USDT,short,1135148.61375339,0.0026439773500000004,1.500653611823931,1.3226499999997865e-06,negative,"{'commission': np.float64(1.500653611823931), 'slippage': np.float64(1.501404313980679), 'impact': np.float64(0.0), 'funding': None, 'borrow': None, 'funding_status': 'not_modeled', 'borrow_status': 'not_modeled', 'modeled_total': np.float64(3.00205792580461)}",RangeMeanReversion,signal,False
qt_2194dd94f3b2484f18bc8f36,2020-10-26,2020-10-27,DOGE-USDT,cover,1135148.61375339,0.0026671329,1.5137961070655295,1.3329000000000292e-06,positive,"{'commission': np.float64(1.5137961070655295), 'slippage': np.float64(1.5130395872719267), 'impact': np.float64(0.0), 'funding': None, 'borrow': None, 'funding_status': 'not_modeled', 'borrow_status': 'not_modeled', 'modeled_total': np.float64(3.026835694337456)}",RangeMeanReversion,hard_stop,False
qt_3bf9356cf80658dd6b1acebb,2020-12-12,2020-12-13,XRP-USDT,buy,1481.1171894776994,0.50683329,0.3753397490092679,0.0002532899999999616,positive,"{'commission': np.float64(0.3753397490092679), 'slippage': np.float64(0.3751521729227496), 'impact': np.float64(0.0), 'funding': None, 'borrow': None, 'funding_status': 'not_modeled', 'borrow_status': 'not_modeled', 'modeled_total': np.float64(0.7504919219320175)}",VolatilityReversion,signal,False
qt_4a3852f348ac06c7ddd474c9,2020-12-17,2020-12-18,XRP-USDT,sell,1481.1171894776994,0.576561575,0.426977629762418,0.00028842499999992555,negative,"{'commission': np.float64(0.426977629762418), 'slippage': np.float64(0.42719122537499515), 'impact': np.float64(0.0), 'funding': None, 'borrow': None, 'funding_status': 'not_modeled', 'borrow_status': 'not_modeled', 'modeled_total': np.float64(0.8541688551374131)}",Router,StateSwitch,False
qt_db5ee1f4d3c1b7a9bfbe9b21,2021-01-08,2021-01-09,AVAX-USDT,short,253.28523355917244,5.6970500500000005,0.7214893262562726,0.002849949999999879,negative,"{'commission': np.float64(0.7214893262562726), 'slippage': np.float64(0.7218502513819328), 'impact': np.float64(0.0), 'funding': None, 'borrow': None, 'funding_status': 'not_modeled', 'borrow_status': 'not_modeled', 'modeled_total': np.float64(1.4433395776382054)}",VolatilityReversion,signal,False
qt_70c6942d201b92b65cd62635,2021-01-09,2021-01-10,AVAX-USDT,cover,253.28523355917244,7.215105749999999,0.913739872521439,0.003605749999999297,positive,"{'commission': np.float64(0.913739872521439), 'slippage': np.float64(0.913283230905808), 'impact': np.float64(0.0), 'funding': None, 'borrow': None, 'funding_status': 'not_modeled', 'borrow_status': 'not_modeled', 'modeled_total': np.float64(1.8270231034272468)}",Router,StateSwitch,False
qt_9577ca8fa90a308d6aae32bd,2021-02-25,2021-02-26,ETH-USDT,buy,0.7703549810828122,1482.8210399999998,0.5711492871091979,0.7410399999998845,positive,"{'commission': np.float64(0.5711492871091979), 'slippage': np.float64(0.5708638551815182), 'impact': np.float64(0.0), 'funding': None, 'borrow': None, 'funding_status': 'not_modeled', 'borrow_status': 'not_modeled', 'modeled_total': np.float64(1.142013142290716)}",VolatilityReversion,signal,False
qt_d8763df588720cd22f832413,2021-03-07,2021-03-08,ETH-USDT,sell,0.7703549810828122,1725.59677,0.6646610335549559,0.8632299999999304,negative,"{'commission': np.float64(0.6646610335549559), 'slippage': np.float64(0.6649935303200624), 'impact': np.float64(0.0), 'funding': None, 'borrow': None, 'funding_status': 'not_modeled', 'borrow_status': 'not_modeled', 'modeled_total': np.float64(1.3296545638750183)}",Router,StateSwitch,False
qt_0090e7387a43f1b43260acb3,2021-05-17,2021-05-18,BNB-USDT,buy,2.2474986410386406,512.31603,0.5757147906036556,0.25603000000000975,positive,"{'commission': np.float64(0.5757147906036556), 'slippage': np.float64(0.5754270770651451), 'impact': np.float64(0.0), 'funding': None, 'borrow': None, 'funding_status': 'not_modeled', 'borrow_status': 'not_modeled', 'modeled_total': np.float64(1.1511418676688008)}",VolatilityReversion,signal,False
qt_7bb5903642772cd49e5fcc00,2021-05-19,2021-05-20,BNB-USDT,sell,2.2474986410386406,334.6326,0.37604315687361356,0.16739999999998645,negative,"{'commission': np.float64(0.37604315687361356), 'slippage': np.float64(0.37623127250983796), 'impact': np.float64(0.0), 'funding': None, 'borrow': None, 'funding_status': 'not_modeled', 'borrow_status': 'not_modeled', 'modeled_total': np.float64(0.7522744293834516)}",VolatilityReversion,hard_stop,False
qt_8b71376ddf29935a53352d81,2021-05-19,2021-05-20,LTC-USDT,buy,2.6630991498858467,186.403155,0.24820504180826988,0.09315499999999588,positive,"{'commission': np.float64(0.24820504180826988), 'slippage': np.float64(0.24808100130760508), 'impact': np.float64(0.0), 'funding': None, 'borrow': None, 'funding_status': 'not_modeled', 'borrow_status': 'not_modeled', 'modeled_total': np.float64(0.496286043115875)}",VolatilityReversion,signal,False
qt_887693beac90fda703abc56f,2021-05-20,2021-05-21,BNB-USDT,buy,1.758036401922079,391.565685,0.34419336398677713,0.19568499999996902,positive,"{'commission': np.float64(0.34419336398677713), 'slippage': np.float64(0.3440213533100676), 'impact': np.float64(0.0), 'funding': None, 'borrow': None, 'funding_status': 'not_modeled', 'borrow_status': 'not_modeled', 'modeled_total': np.float64(0.6882147172968447)}",VolatilityReversion,signal,False
qt_d55e967181b4e7d4a3bbdff3,2021-05-21,2021-05-22,ETH-USDT,buy,0.24182158921465674,2432.19549,0.29407868933626036,1.2154900000000453,positive,"{'commission': np.float64(0.29407868933626036), 'slippage': np.float64(0.29393172347453406), 'impact': np.float64(0.0), 'funding': None, 'borrow': None, 'funding_status': 'not_modeled', 'borrow_status': 'not_modeled', 'modeled_total': np.float64(0.5880104128107944)}",VolatilityReversion,signal,False
qt_a4f77409e2eeedd49e2be05b,2021-05-21,2021-05-22,BNB-USDT,sell,1.758036401922079,326.066885,0.2866187266456702,0.16311500000000478,negative,"{'commission': np.float64(0.2866187266456702), 'slippage': np.float64(0.28676210769952837), 'impact': np.float64(0.0), 'funding': None, 'borrow': None, 'funding_status': 'not_modeled', 'borrow_status': 'not_modeled', 'modeled_total': np.float64(0.5733808343451985)}",VolatilityReversion,hard_stop,False
qt_915f65826f813130c9415c24,2021-05-22,2021-05-23,BNB-USDT,buy,1.5764615332918739,299.899875,0.23639030838827066,0.14987500000000864,positive,"{'commission': np.float64(0.23639030838827066), 'slippage': np.float64(0.2362721723021332), 'impact': np.float64(0.0), 'funding': None, 'borrow': None, 'funding_status': 'not_modeled', 'borrow_status': 'not_modeled', 'modeled_total': np.float64(0.47266248069040384)}",VolatilityReversion,signal,False
qt_f0f6820127b516e4722e4fb4,2021-05-22,2021-05-23,SOL-USDT,buy,14.096650313371947,31.237611,0.2201728394460705,0.01561099999999982,positive,"{'commission': np.float64(0.2201728394460705), 'slippage': np.float64(0.22006280804204692), 'impact': np.float64(0.0), 'funding': None, 'borrow': None, 'funding_status': 'not_modeled', 'borrow_status': 'not_modeled', 'modeled_total': np.float64(0.4402356474881174)}",VolatilityReversion,signal,False
qt_1acdec8ae933bfa8da602b30,2021-05-27,2021-05-28,BNB-USDT,sell,1.5764615332918739,369.645085,0.29136562873645255,0.1849149999999895,negative,"{'commission': np.float64(0.29136562873645255), 'slippage': np.float64(0.2915113844286503), 'impact': np.float64(0.0), 'funding': None, 'borrow': None, 'funding_status': 'not_modeled', 'borrow_status': 'not_modeled', 'modeled_total': np.float64(0.5828770131651029)}",Router,StateSwitch,False
qt_001f54972eec1cb850624736,2021-05-28,2021-05-29,LTC-USDT,sell,2.6630991498858467,177.21135,0.23596569776756163,0.08865000000000123,negative,"{'commission': np.float64(0.23596569776756163), 'slippage': np.float64(0.23608373963738358), 'impact': np.float64(0.0), 'funding': None, 'borrow': None, 'funding_status': 'not_modeled', 'borrow_status': 'not_modeled', 'modeled_total': np.float64(0.4720494374049452)}",Router,StateSwitch,False
qt_14d9e95b9ba4573b9e397b0b,2021-06-02,2021-06-03,SOL-USDT,sell,14.096650313371947,33.977003,0.2394809649936948,0.016996999999996376,negative,"{'commission': np.float64(0.2394809649936948), 'slippage': np.float64(0.2396007653763319), 'impact': np.float64(0.0), 'funding': None, 'borrow': None, 'funding_status': 'not_modeled', 'borrow_status': 'not_modeled', 'modeled_total': np.float64(0.4790817303700267)}",Router,StateSwitch,False
qt_a056327ce640836920951d46,2021-06-03,2021-06-04,ETH-USDT,sell,0.24182158921465674,2855.821375,0.3452996317078431,1.428625000000011,negative,"{'commission': np.float64(0.3452996317078431), 'slippage': np.float64(0.34547236789179164), 'impact': np.float64(0.0), 'funding': None, 'borrow': None, 'funding_status': 'not_modeled', 'borrow_status': 'not_modeled', 'modeled_total': np.float64(0.6907719995996348)}",VolatilityReversion,Volatility mean reversion complete,False
qt_ef3d1a8f82205ea9e22e786c,2021-07-28,2021-07-29,XRP-USDT,short,2881.8084684930714,0.7323336500000001,1.0552226571662207,0.00036634999999995976,negative,"{'commission': np.float64(1.0552226571662207), 'slippage': np.float64(1.0557505324323206), 'impact': np.float64(0.0), 'funding': None, 'borrow': None, 'funding_status': 'not_modeled', 'borrow_status': 'not_modeled', 'modeled_total': np.float64(2.1109731895985413)}",VolatilityReversion,signal,False
qt_85ece1d4b132b88d89e8371e,2021-07-30,2021-07-31,BTC-USDT,short,0.0644334592371218,42185.25682,1.3590710128594925,21.103179999998247,negative,"{'commission': np.float64(1.3590710128594925), 'slippage': np.float64(1.3597508883035312), 'impact': np.float64(0.0), 'funding': None, 'borrow': None, 'funding_status': 'not_modeled', 'borrow_status': 'not_modeled', 'modeled_total': np.float64(2.7188219011630235)}",VolatilityReversion,signal,False
qt_27b801edc1b86b212089e7c9,2021-08-02,2021-08-03,BTC-USDT,cover,0.0644334592371218,39166.43343,1.2618143959376749,19.573429999996733,positive,"{'commission': np.float64(1.2618143959376749), 'slippage': np.float64(1.2611838040354466), 'impact': np.float64(0.0), 'funding': None, 'borrow': None, 'funding_status': 'not_modeled', 'borrow_status': 'not_modeled', 'modeled_total': np.float64(2.5229981999731215)}",Router,StateSwitch,False
qt_d27687a583a5e720b6cceb30,2021-08-05,2021-08-06,XRP-USDT,cover,2881.8084684930714,0.73306635,1.0562784076986529,0.00036634999999995976,positive,"{'commission': np.float64(1.0562784076986529), 'slippage': np.float64(1.0557505324323206), 'impact': np.float64(0.0), 'funding': None, 'borrow': None, 'funding_status': 'not_modeled', 'borrow_status': 'not_modeled', 'modeled_total': np.float64(2.1120289401309735)}",Router,StateSwitch,False
qt_2784c3418c19a53d0fea1117,2021-09-10,2021-09-11,BNB-USDT,buy,3.553877909411227,401.60069999999996,0.7136199280670427,0.20069999999998345,positive,"{'commission': np.float64(0.7136199280670427), 'slippage': np.float64(0.7132632964187745), 'impact': np.float64(0.0), 'funding': None, 'borrow': None, 'funding_status': 'not_modeled', 'borrow_status': 'not_modeled', 'modeled_total': np.float64(1.4268832244858172)}",VolatilityReversion,signal,False
qt_6a2c51193fae2192632bf7f7,2021-09-10,2021-09-11,ADA-USDT,buy,478.86363054620114,2.385192,0.5710908503348773,0.0011920000000000819,positive,"{'commission': np.float64(0.5710908503348773), 'slippage': np.float64(0.570805447611111), 'impact': np.float64(0.0), 'funding': None, 'borrow': None, 'funding_status': 'not_modeled', 'borrow_status': 'not_modeled', 'modeled_total': np.float64(1.1418962979459883)}",VolatilityReversion,signal,False
qt_05549000fdd050f20c5fef71,2021-09-20,2021-09-21,ADA-USDT,sell,478.86363054620114,2.0789600000000004,0.49776916668016524,0.0010399999999997078,negative,"{'commission': np.float64(0.49776916668016524), 'slippage': np.float64(0.49801817576790924), 'impact': np.float64(0.0), 'funding': None, 'borrow': None, 'funding_status': 'not_modeled', 'borrow_status': 'not_modeled', 'modeled_total': np.float64(0.9957873424480745)}",VolatilityReversion,hard_stop,False
qt_a24dbac7e80e0fa1cf3472bc,2021-09-21,2021-09-22,BNB-USDT,sell,3.553877909411227,344.2278,0.611671787112613,0.17219999999997526,negative,"{'commission': np.float64(0.611671787112613), 'slippage': np.float64(0.6119777760005254), 'impact': np.float64(0.0), 'funding': None, 'borrow': None, 'funding_status': 'not_modeled', 'borrow_status': 'not_modeled', 'modeled_total': np.float64(1.2236495631131383)}",VolatilityReversion,hard_stop,False
qt_a6adeebd07be80e9f2b6314e,2021-10-06,2021-10-07,BTC-USDT,short,0.044949916419772494,55287.342500000006,1.242580712223168,27.657499999993888,negative,"{'commission': np.float64(1.242580712223168), 'slippage': np.float64(1.243202313379583), 'impact': np.float64(0.0), 'funding': None, 'borrow': None, 'funding_status': 'not_modeled', 'borrow_status': 'not_modeled', 'modeled_total': np.float64(2.485783025602751)}",VolatilityReversion,signal,False
qt_8c8898c0f8a4ab6f1b7a7ac2,2021-10-11,2021-10-12,BTC-USDT,cover,0.044949916419772494,57500.085674999995,1.2923120226105036,28.735674999996263,positive,"{'commission': np.float64(1.2923120226105036), 'slippage': np.float64(1.2916661895155779), 'impact': np.float64(0.0), 'funding': None, 'borrow': None, 'funding_status': 'not_modeled', 'borrow_status': 'not_modeled', 'modeled_total': np.float64(2.5839782121260813)}",Router,StateSwitch,False
qt_886e917a781a2c241e3ff809,2021-12-23,2021-12-24,XRP-USDT,short,1537.1231344994542,0.99360295,0.7636450404759523,0.0004970499999999989,negative,"{'commission': np.float64(0.7636450404759523), 'slippage': np.float64(0.764027054002952), 'impact': np.float64(0.0), 'funding': None, 'borrow': None, 'funding_status': 'not_modeled', 'borrow_status': 'not_modeled', 'modeled_total': np.float64(1.5276720944789042)}",VolatilityReversion,signal,False
qt_3195565bd1a8db0e0c53470b,2021-12-27,2021-12-28,XRP-USDT,cover,1537.1231344994542,0.9273634499999999,0.7127359065421138,0.00046344999999992087,positive,"{'commission': np.float64(0.7127359065421138), 'slippage': np.float64(0.7123797166836504), 'impact': np.float64(0.0), 'funding': None, 'borrow': None, 'funding_status': 'not_modeled', 'borrow_status': 'not_modeled', 'modeled_total': np.float64(1.4251156232257642)}",Router,StateSwitch,False
qt_5dc99699cb41b00dd75e58fd,2021-12-27,2021-12-28,ADA-USDT,short,1212.7589901841297,1.5152420000000002,0.9188116789022908,0.0007579999999998144,negative,"{'commission': np.float64(0.9188116789022908), 'slippage': np.float64(0.9192713145593452), 'impact': np.float64(0.0), 'funding': None, 'borrow': None, 'funding_status': 'not_modeled', 'borrow_status': 'not_modeled', 'modeled_total': np.float64(1.838082993461636)}",VolatilityReversion,signal,False
qt_3063436d2a5487251fb476ce,2021-12-30,2021-12-31,ADA-USDT,cover,1212.7589901841297,1.3596795,0.8244817686970312,0.000679499999999944,positive,"{'commission': np.float64(0.8244817686970312), 'slippage': np.float64(0.8240697338300483), 'impact': np.float64(0.0), 'funding': None, 'borrow': None, 'funding_status': 'not_modeled', 'borrow_status': 'not_modeled', 'modeled_total': np.float64(1.6485515025270794)}",Router,StateSwitch,False
qt_a4ff6cdd72c1a9a1bef7ff5b,2022-02-07,2022-02-08,BTC-USDT,short,0.054607154659986924,43818.070005,1.1963900628325845,21.91999499999656,negative,"{'commission': np.float64(1.1963900628325845), 'slippage': np.float64(1.1969885571109522), 'impact': np.float64(0.0), 'funding': None, 'borrow': None, 'funding_status': 'not_modeled', 'borrow_status': 'not_modeled', 'modeled_total': np.float64(2.3933786199435367)}",VolatilityReversion,signal,False
qt_052f237466e1c54f76de3028,2022-02-07,2022-02-08,XRP-USDT,short,2504.899123518617,0.8309843000000001,1.040765922363866,0.0004156999999999078,negative,"{'commission': np.float64(1.040765922363866), 'slippage': np.float64(1.0412865656464583), 'impact': np.float64(0.0), 'funding': None, 'borrow': None, 'funding_status': 'not_modeled', 'borrow_status': 'not_modeled', 'modeled_total': np.float64(2.082052488010324)}",VolatilityReversion,signal,False
qt_8586b8cbe229df5fa88ef8c0,2022-02-07,2022-02-08,LTC-USDT,short,13.012760218319555,137.33130000000003,0.8935296386850544,0.06869999999997844,negative,"{'commission': np.float64(0.8935296386850544), 'slippage': np.float64(0.893976626998273), 'impact': np.float64(0.0), 'funding': None, 'borrow': None, 'funding_status': 'not_modeled', 'borrow_status': 'not_modeled', 'modeled_total': np.float64(1.7875062656833274)}",VolatilityReversion,signal,False
qt_aceeec54d3d5830ed875c5b9,2022-02-08,2022-02-09,XRP-USDT,cover,2504.899123518617,0.8767381499999999,1.098070311745167,0.000438149999999915,positive,"{'commission': np.float64(1.098070311745167), 'slippage': np.float64(1.0975215509694691), 'impact': np.float64(0.0), 'funding': None, 'borrow': None, 'funding_status': 'not_modeled', 'borrow_status': 'not_modeled', 'modeled_total': np.float64(2.195591862714636)}",VolatilityReversion,hard_stop,False
qt_54d3dde3050b8c8a89dfdaa3,2022-02-08,2022-02-09,AVAX-USDT,short,15.15372827548362,86.306825,0.6539350871848583,0.04317499999999086,negative,"{'commission': np.float64(0.6539350871848583), 'slippage': np.float64(0.6542622182938668), 'impact': np.float64(0.0), 'funding': None, 'borrow': None, 'funding_status': 'not_modeled', 'borrow_status': 'not_modeled', 'modeled_total': np.float64(1.308197305478725)}",VolatilityReversion,signal,False
qt_666ae182e6721b17868050c6,2022-02-09,2022-02-10,XRP-USDT,short,2204.7281447879514,0.8694650500000001,0.9584670333222317,0.000434949999999934,negative,"{'commission': np.float64(0.9584670333222317), 'slippage': np.float64(0.958946506575374), 'impact': np.float64(0.0), 'funding': None, 'borrow': None, 'funding_status': 'not_modeled', 'borrow_status': 'not_modeled', 'modeled_total': np.float64(1.9174135398976055)}",VolatilityReversion,signal,False
qt_21ace290bc891a5c3020e391,2022-02-12,2022-02-13,AVAX-USDT,cover,15.15372827548362,81.330645,0.6162312473999102,0.04064499999999782,positive,"{'commission': np.float64(0.6162312473999102), 'slippage': np.float64(0.6159232857569987), 'impact': np.float64(0.0), 'funding': None, 'borrow': None, 'funding_status': 'not_modeled', 'borrow_status': 'not_modeled', 'modeled_total': np.float64(1.2321545331569088)}",Router,StateSwitch,False
qt_36116c9c62a6febf2c62b274,2022-02-13,2022-02-14,LTC-USDT,cover,13.012760218319555,125.66279999999999,0.8176099423813232,0.06279999999999575,positive,"{'commission': np.float64(0.8176099423813232), 'slippage': np.float64(0.8172013417104127), 'impact': np.float64(0.0), 'funding': None, 'borrow': None, 'funding_status': 'not_modeled', 'borrow_status': 'not_modeled', 'modeled_total': np.float64(1.634811284091736)}",Router,StateSwitch,False
qt_7832281eed4d81a950f3b1c3,2022-02-17,2022-02-18,BTC-USDT,cover,0.054607154659986924,40535.967854999995,1.1067769329751216,20.257854999996198,positive,"{'commission': np.float64(1.1067769329751216), 'slippage': np.float64(1.1062238210643818), 'impact': np.float64(0.0), 'funding': None, 'borrow': None, 'funding_status': 'not_modeled', 'borrow_status': 'not_modeled', 'modeled_total': np.float64(2.2130007540395034)}",Router,StateSwitch,False
qt_b69e123f851c5c1c404f4121,2022-02-20,2022-02-21,XRP-USDT,cover,2204.7281447879514,0.77728845,0.8568548611668011,0.00038844999999998464,positive,"{'commission': np.float64(0.8568548611668011), 'slippage': np.float64(0.8564266478428458), 'impact': np.float64(0.0), 'funding': None, 'borrow': None, 'funding_status': 'not_modeled', 'borrow_status': 'not_modeled', 'modeled_total': np.float64(1.713281509009647)}",Router,StateSwitch,False
qt_0b9c83eb4d3842d56a54e731,2022-04-11,2022-04-12,ADA-USDT,buy,1660.341451324958,0.9194595,0.76330836033226,0.00045949999999994606,positive,"{'commission': np.float64(0.76330836033226), 'slippage': np.float64(0.7629268968837286), 'impact': np.float64(0.0), 'funding': None, 'borrow': None, 'funding_status': 'not_modeled', 'borrow_status': 'not_modeled', 'modeled_total': np.float64(1.5262352572159887)}",VolatilityReversion,signal,False
qt_de6f7f1befb8bccea88243be,2022-04-16,2022-04-17,ADA-USDT,sell,1660.341451324958,0.9495250000000001,0.7882678582846654,0.0004749999999998922,negative,"{'commission': np.float64(0.7882678582846654), 'slippage': np.float64(0.788662189379176), 'impact': np.float64(0.0), 'funding': None, 'borrow': None, 'funding_status': 'not_modeled', 'borrow_status': 'not_modeled', 'modeled_total': np.float64(1.5769300476638413)}",Router,StateSwitch,False
qt_64e4a57628b563d6cd73842f,2022-07-17,2022-07-18,ETH-USDT,short,1.4648094605331332,1337.9806750000002,0.979943375375254,0.6693249999998443,negative,"{'commission': np.float64(0.979943375375254), 'slippage': np.float64(0.9804335921711113), 'impact': np.float64(0.0), 'funding': None, 'borrow': None, 'funding_status': 'not_modeled', 'borrow_status': 'not_modeled', 'modeled_total': np.float64(1.9603769675463654)}",VolatilityReversion,signal,False
qt_6ea54b57124ad9946e29385c,2022-07-18,2022-07-19,ETH-USDT,cover,1.4648094605331332,1581.820515,1.1585328276186966,0.7905149999999139,positive,"{'commission': np.float64(1.1585328276186966), 'slippage': np.float64(1.1579538506932237), 'impact': np.float64(0.0), 'funding': None, 'borrow': None, 'funding_status': 'not_modeled', 'borrow_status': 'not_modeled', 'modeled_total': np.float64(2.3164866783119202)}",VolatilityReversion,hard_stop,False
qt_ba614e35521efde00f854730,2022-07-19,2022-07-20,ETH-USDT,short,1.2575660758774003,1541.558835,0.9693060474325434,0.7711649999998826,negative,"{'commission': np.float64(0.9693060474325434), 'slippage': np.float64(0.9697909429038478), 'impact': np.float64(0.0), 'funding': None, 'borrow': None, 'funding_status': 'not_modeled', 'borrow_status': 'not_modeled', 'modeled_total': np.float64(1.9390969903363913)}",VolatilityReversion,signal,False
qt_2ff3dbf56815266fcefadfde,2022-07-28,2022-07-29,ETH-USDT,cover,1.2575660758774003,1725.3822599999999,1.08489109904834,0.8622599999998783,positive,"{'commission': np.float64(1.08489109904834), 'slippage': np.float64(1.0843489245858942), 'impact': np.float64(0.0), 'funding': None, 'borrow': None, 'funding_status': 'not_modeled', 'borrow_status': 'not_modeled', 'modeled_total': np.float64(2.1692400236342344)}",Router,StateSwitch,False
qt_94649450f4d513d0fad48091,2022-08-20,2022-08-21,DOT-USDT,buy,192.29892057966904,7.233615,0.6955081781944514,0.003614999999999924,positive,"{'commission': np.float64(0.6955081781944514), 'slippage': np.float64(0.6951605978954889), 'impact': np.float64(0.0), 'funding': None, 'borrow': None, 'funding_status': 'not_modeled', 'borrow_status': 'not_modeled', 'modeled_total': np.float64(1.3906687760899403)}",VolatilityReversion,signal,False
qt_cb72def70760171057588e65,2022-09-02,2022-09-03,DOT-USDT,sell,192.29892057966904,7.29635,0.7015401145857342,0.003649999999999487,negative,"{'commission': np.float64(0.7015401145857342), 'slippage': np.float64(0.7018910601156934), 'impact': np.float64(0.0), 'funding': None, 'borrow': None, 'funding_status': 'not_modeled', 'borrow_status': 'not_modeled', 'modeled_total': np.float64(1.4034311747014274)}",Router,StateSwitch,False
qt_9dd48437c7c8a83a186b733f,2022-10-25,2022-10-26,BNB-USDT,short,10.097311151892928,284.0579,1.434110500726643,0.1420999999999708,negative,"{'commission': np.float64(1.434110500726643), 'slippage': np.float64(1.4348279146836902), 'impact': np.float64(0.0), 'funding': None, 'borrow': None, 'funding_status': 'not_modeled', 'borrow_status': 'not_modeled', 'modeled_total': np.float64(2.8689384154103332)}",RangeMeanReversion,signal,False
qt_694695f4b963ac464936610e,2022-10-26,2022-10-27,ETH-USDT,short,1.8202030443707145,1565.326945,1.4246064353622552,0.7830549999998766,negative,"{'commission': np.float64(1.4246064353622552), 'slippage': np.float64(1.4253190949094852), 'impact': np.float64(0.0), 'funding': None, 'borrow': None, 'funding_status': 'not_modeled', 'borrow_status': 'not_modeled', 'modeled_total': np.float64(2.84992553027174)}",VolatilityReversion,signal,False
qt_4cd24e8ea9e27b830655ca9b,2022-10-27,2022-10-28,BNB-USDT,cover,10.097311151892928,286.9434,1.4486783963910366,0.14339999999998554,positive,"{'commission': np.float64(1.4486783963910366), 'slippage': np.float64(1.4479544191812999), 'impact': np.float64(0.0), 'funding': None, 'borrow': None, 'funding_status': 'not_modeled', 'borrow_status': 'not_modeled', 'modeled_total': np.float64(2.896632815572336)}",RangeMeanReversion,hard_stop,False
qt_fc7244af263f836fa1f33ada,2022-10-29,2022-10-30,ETH-USDT,cover,1.8202030443707145,1620.359775,1.4746918977154229,0.8097749999999451,positive,"{'commission': np.float64(1.4746918977154229), 'slippage': np.float64(1.4739549202551954), 'impact': np.float64(0.0), 'funding': None, 'borrow': None, 'funding_status': 'not_modeled', 'borrow_status': 'not_modeled', 'modeled_total': np.float64(2.9486468179706185)}",VolatilityReversion,hard_stop,False
qt_13e51f7c6faec311a98e8316,2022-12-04,2022-12-05,AVAX-USDT,short,178.2268960553132,13.923035,1.2407296558597438,0.006964999999999222,negative,"{'commission': np.float64(1.2407296558597438), 'slippage': np.float64(1.2413503310251177), 'impact': np.float64(0.0), 'funding': None, 'borrow': None, 'funding_status': 'not_modeled', 'borrow_status': 'not_modeled', 'modeled_total': np.float64(2.4820799868848615)}",VolatilityReversion,signal,False
qt_f661970307e2c2a1ac885dce,2022-12-07,2022-12-08,AVAX-USDT,cover,178.2268960553132,13.286639999999998,1.1840183031021831,0.006639999999999091,positive,"{'commission': np.float64(1.1840183031021831), 'slippage': np.float64(1.1834265898071177), 'impact': np.float64(0.0), 'funding': None, 'borrow': None, 'funding_status': 'not_modeled', 'borrow_status': 'not_modeled', 'modeled_total': np.float64(2.367444892909301)}",Router,StateSwitch,False
qt_167894d502492261339b1dde,2022-12-15,2022-12-16,LTC-USDT,buy,30.467979387962888,72.466215,1.1039495724718436,0.036214999999998554,positive,"{'commission': np.float64(1.1039495724718436), 'slippage': np.float64(1.1033978735350318), 'impact': np.float64(0.0), 'funding': None, 'borrow': None, 'funding_status': 'not_modeled', 'borrow_status': 'not_modeled', 'modeled_total': np.float64(2.2073474460068754)}",VolatilityReversion,signal,False
qt_85849f63f41e2dd19957fb6d,2022-12-16,2022-12-17,LTC-USDT,sell,30.467979387962888,66.20688,1.0085949275906663,0.03311999999999671,negative,"{'commission': np.float64(1.0085949275906663), 'slippage': np.float64(1.0090994773292306), 'impact': np.float64(0.0), 'funding': None, 'borrow': None, 'funding_status': 'not_modeled', 'borrow_status': 'not_modeled', 'modeled_total': np.float64(2.017694404919897)}",VolatilityReversion,hard_stop,False
qt_61d871500c25aa242d9d16e1,2022-12-17,2022-12-18,LTC-USDT,buy,28.877120385560858,64.922445,0.9373866299949767,0.032444999999995616,positive,"{'commission': np.float64(0.9373866299949767), 'slippage': np.float64(0.9369181709093954), 'impact': np.float64(0.0), 'funding': None, 'borrow': None, 'funding_status': 'not_modeled', 'borrow_status': 'not_modeled', 'modeled_total': np.float64(1.8743048009043721)}",VolatilityReversion,signal,False
qt_f7ca9abf0c512d4aa73ecbee,2022-12-20,2022-12-21,LTC-USDT,sell,28.877120385560858,65.52722,0.9461187102355656,0.032780000000002474,negative,"{'commission': np.float64(0.9461187102355656), 'slippage': np.float64(0.9465920062387564), 'impact': np.float64(0.0), 'funding': None, 'borrow': None, 'funding_status': 'not_modeled', 'borrow_status': 'not_modeled', 'modeled_total': np.float64(1.892710716474322)}",Router,StateSwitch,False
qt_5eb45bacd4593b84a406a762,2023-01-04,2023-01-05,BTC-USDT,short,0.16671787558124454,16841.934820000002,1.4039257969340952,8.425179999998363,negative,"{'commission': np.float64(1.4039257969340952), 'slippage': np.float64(1.404628110989317), 'impact': np.float64(0.0), 'funding': None, 'borrow': None, 'funding_status': 'not_modeled', 'borrow_status': 'not_modeled', 'modeled_total': np.float64(2.8085539079234123)}",RangeMeanReversion,signal,False
qt_e1a7f28b56f7b4d4bbbbfd01,2023-01-06,2023-01-07,ETH-USDT,short,2.208895484414681,1268.4954350000003,1.4009869191860684,0.6345649999998386,negative,"{'commission': np.float64(1.4009869191860684), 'slippage': np.float64(1.4016877630672455), 'impact': np.float64(0.0), 'funding': None, 'borrow': None, 'funding_status': 'not_modeled', 'borrow_status': 'not_modeled', 'modeled_total': np.float64(2.802674682253314)}",RangeMeanReversion,signal,False
qt_e3963fe697fd55934a0fc502,2023-01-06,2023-01-07,BNB-USDT,short,10.786447153097532,259.77004999999997,1.4009979581412515,0.129950000000008,negative,"{'commission': np.float64(1.4009979581412515), 'slippage': np.float64(1.4016988075451107), 'impact': np.float64(0.0), 'funding': None, 'borrow': None, 'funding_status': 'not_modeled', 'borrow_status': 'not_modeled', 'modeled_total': np.float64(2.8026967656863624)}",VolatilityReversion,signal,False
qt_9f0fbf2222956c8b2ec89230,2023-01-08,2023-01-09,BNB-USDT,cover,10.786447153097532,275.03745,1.4833384597738524,0.13745000000000118,positive,"{'commission': np.float64(1.4833384597738524), 'slippage': np.float64(1.4825971611932685), 'impact': np.float64(0.0), 'funding': None, 'borrow': None, 'funding_status': 'not_modeled', 'borrow_status': 'not_modeled', 'modeled_total': np.float64(2.965935620967121)}",VolatilityReversion,hard_stop,False
qt_d080fa8ac48c97ba7b0918a3,2023-01-08,2023-01-09,ADA-USDT,short,9180.831701311125,0.29735125,1.3649658912122449,0.0001487499999999753,negative,"{'commission': np.float64(1.3649658912122449), 'slippage': np.float64(1.365648715569803), 'impact': np.float64(0.0), 'funding': None, 'borrow': None, 'funding_status': 'not_modeled', 'borrow_status': 'not_modeled', 'modeled_total': np.float64(2.730614606782048)}",VolatilityReversion,signal,False
qt_5d7ef674193e73bebc73e23a,2023-01-08,2023-01-09,DOT-USDT,short,565.7644732635575,4.823587,1.3645070791479719,0.0024129999999997764,negative,"{'commission': np.float64(1.3645070791479719), 'slippage': np.float64(1.365189673984838), 'impact': np.float64(0.0), 'funding': None, 'borrow': None, 'funding_status': 'not_modeled', 'borrow_status': 'not_modeled', 'modeled_total': np.float64(2.72969675313281)}",VolatilityReversion,signal,False
qt_5b0d9b24f4f46db2cceef869,2023-01-09,2023-01-10,BTC-USDT,cover,0.16671787558124454,17187.62952,1.4327425399259428,8.58951999999772,positive,"{'commission': np.float64(1.4327425399259428), 'slippage': np.float64(1.4320265266622314), 'impact': np.float64(0.0), 'funding': None, 'borrow': None, 'funding_status': 'not_modeled', 'borrow_status': 'not_modeled', 'modeled_total': np.float64(2.864769066588174)}",RangeMeanReversion,hard_stop,False
qt_7c853c05eb972ba8eb0f3711,2023-01-09,2023-01-10,ETH-USDT,cover,2.208895484414681,1321.0602000000001,1.4590419552099778,0.6602000000000317,positive,"{'commission': np.float64(1.4590419552099778), 'slippage': np.float64(1.4583127988106421), 'impact': np.float64(0.0), 'funding': None, 'borrow': None, 'funding_status': 'not_modeled', 'borrow_status': 'not_modeled', 'modeled_total': np.float64(2.9173547540206197)}",RangeMeanReversion,hard_stop,False
qt_829e1a317a018d22e1301387,2023-01-09,2023-01-10,BNB-USDT,short,9.691071976027576,272.4637,1.3202326637773925,0.13630000000000564,negative,"{'commission': np.float64(1.3202326637773925), 'slippage': np.float64(1.3208931103326134), 'impact': np.float64(0.0), 'funding': None, 'borrow': None, 'funding_status': 'not_modeled', 'borrow_status': 'not_modeled', 'modeled_total': np.float64(2.641125774110006)}",VolatilityReversion,signal,False
qt_415a7a1ec539909cf5c1e8ab,2023-01-09,2023-01-10,ADA-USDT,cover,9180.831701311125,0.31695840000000003,1.4549708633584262,0.00015840000000000298,positive,"{'commission': np.float64(1.4549708633584262), 'slippage': np.float64(1.4542437414877094), 'impact': np.float64(0.0), 'funding': None, 'borrow': None, 'funding_status': 'not_modeled', 'borrow_status': 'not_modeled', 'modeled_total': np.float64(2.9092146048461354)}",VolatilityReversion,hard_stop,False
qt_79fe291b32f07bfe9cda296e,2023-01-09,2023-01-10,SOL-USDT,short,96.08242310627045,16.241875,0.7802793528945782,0.008124999999999716,negative,"{'commission': np.float64(0.7802793528945782), 'slippage': np.float64(0.7806696877384202), 'impact': np.float64(0.0), 'funding': None, 'borrow': None, 'funding_status': 'not_modeled', 'borrow_status': 'not_modeled', 'modeled_total': np.float64(1.5609490406329982)}",VolatilityReversion,signal,False
qt_b2f8574a208c7fcc89c4ab07,2023-01-09,2023-01-10,DOT-USDT,cover,565.7644732635575,4.888443,1.3828536894869623,0.002442999999999529,positive,"{'commission': np.float64(1.3828536894869623), 'slippage': np.float64(1.3821626081826046), 'impact': np.float64(0.0), 'funding': None, 'borrow': None, 'funding_status': 'not_modeled', 'borrow_status': 'not_modeled', 'modeled_total': np.float64(2.765016297669567)}",VolatilityReversion,hard_stop,False
qt_6aa940ecec523fb8697e3c9b,2023-01-10,2023-01-11,BTC-USDT,short,0.1505431028224603,17431.91968,1.3121276383895548,8.720320000000356,negative,"{'commission': np.float64(1.3121276383895548), 'slippage': np.float64(1.3127840304048106), 'impact': np.float64(0.0), 'funding': None, 'borrow': None, 'funding_status': 'not_modeled', 'borrow_status': 'not_modeled', 'modeled_total': np.float64(2.6249116687943657)}",RangeMeanReversion,signal,False
qt_fe25787493530e87e07fd13d,2023-01-10,2023-01-11,ETH-USDT,short,1.965806944843272,1334.962185,1.3121389671880745,0.6678150000000187,negative,"{'commission': np.float64(1.3121389671880745), 'slippage': np.float64(1.3127953648705464), 'impact': np.float64(0.0), 'funding': None, 'borrow': None, 'funding_status': 'not_modeled', 'borrow_status': 'not_modeled', 'modeled_total': np.float64(2.624934332058621)}",RangeMeanReversion,signal,False
qt_30ead1f4a6050cab24914fe2,2023-01-10,2023-01-11,ADA-USDT,short,8148.886007670922,0.3220389,1.3121291430678679,0.0001610999999999696,negative,"{'commission': np.float64(1.3121291430678679), 'slippage': np.float64(1.3127855358355378), 'impact': np.float64(0.0), 'funding': None, 'borrow': None, 'funding_status': 'not_modeled', 'borrow_status': 'not_modeled', 'modeled_total': np.float64(2.624914678903406)}",VolatilityReversion,signal,False
qt_f0bb13bb8ddf3ea0b7a5f8d6,2023-01-10,2023-01-11,DOT-USDT,short,533.6526568438152,4.91754,1.3121291430678672,0.0024600000000001288,negative,"{'commission': np.float64(1.3121291430678672), 'slippage': np.float64(1.312785535835854), 'impact': np.float64(0.0), 'funding': None, 'borrow': None, 'funding_status': 'not_modeled', 'borrow_status': 'not_modeled', 'modeled_total': np.float64(2.624914678903721)}",VolatilityReversion,signal,False
qt_cd468d0847cc03497ada2ced,2023-01-11,2023-01-12,BTC-USDT,cover,0.1505431028224603,17952.23163,1.351292326083857,8.971630000000005,positive,"{'commission': np.float64(1.351292326083857), 'slippage': np.float64(1.3506170175750702), 'impact': np.float64(0.0), 'funding': None, 'borrow': None, 'funding_status': 'not_modeled', 'borrow_status': 'not_modeled', 'modeled_total': np.float64(2.701909343658927)}",RangeMeanReversion,hard_stop,False
qt_b7b29afd7e27f39ea4fbfffe,2023-01-11,2023-01-12,ETH-USDT,cover,1.965806944843272,1390.0947,1.3663289076249125,0.6947000000000116,positive,"{'commission': np.float64(1.3663289076249125), 'slippage': np.float64(1.365646084582644), 'impact': np.float64(0.0), 'funding': None, 'borrow': None, 'funding_status': 'not_modeled', 'borrow_status': 'not_modeled', 'modeled_total': np.float64(2.7319749922075562)}",Router,StateSwitch,False
qt_b896416b03645ba613bf0931,2023-01-11,2023-01-12,BNB-USDT,cover,9.691071976027576,285.04245,1.3811834495866206,0.14244999999999663,positive,"{'commission': np.float64(1.3811834495866206), 'slippage': np.float64(1.3804932029850956), 'impact': np.float64(0.0), 'funding': None, 'borrow': None, 'funding_status': 'not_modeled', 'borrow_status': 'not_modeled', 'modeled_total': np.float64(2.7616766525717162)}",VolatilityReversion,hard_stop,False
qt_8187cd03da617691ec7bfe84,2023-01-11,2023-01-12,DOT-USDT,cover,533.6526568438152,5.136567,1.3705713133031328,0.002566999999999986,positive,"{'commission': np.float64(1.3705713133031328), 'slippage': np.float64(1.3698863701180661), 'impact': np.float64(0.0), 'funding': None, 'borrow': None, 'funding_status': 'not_modeled', 'borrow_status': 'not_modeled', 'modeled_total': np.float64(2.740457683421199)}",VolatilityReversion,hard_stop,False
qt_7bec36bbdf8b34f4d2b7a957,2023-01-12,2023-01-13,BTC-USDT,short,0.13154580289655585,18837.19669,1.238977081453197,9.42330999999831,negative,"{'commission': np.float64(1.238977081453197), 'slippage': np.float64(1.2395968798929213), 'impact': np.float64(0.0), 'funding': None, 'borrow': None, 'funding_status': 'not_modeled', 'borrow_status': 'not_modeled', 'modeled_total': np.float64(2.478573961346118)}",RangeMeanReversion,signal,False
qt_8944ea4e2e4325e04b83650d,2023-01-12,2023-01-13,BNB-USDT,short,8.617288007599191,287.65610000000004,1.239407730421377,0.14389999999997372,negative,"{'commission': np.float64(1.239407730421377), 'slippage': np.float64(1.240027744293297), 'impact': np.float64(0.0), 'funding': None, 'borrow': None, 'funding_status': 'not_modeled', 'borrow_status': 'not_modeled', 'modeled_total': np.float64(2.4794354747146743)}",VolatilityReversion,signal,False
qt_4812cf70203c45dcefbeb791,2023-01-12,2023-01-13,XRP-USDT,short,6614.7112054063155,0.3746126,1.238977081453197,0.00018740000000000423,negative,"{'commission': np.float64(1.238977081453197), 'slippage': np.float64(1.2395968798931716), 'impact': np.float64(0.0), 'funding': None, 'borrow': None, 'funding_status': 'not_modeled', 'borrow_status': 'not_modeled', 'modeled_total': np.float64(2.4785739613463686)}",VolatilityReversion,signal,False
qt_b766afba64ef7e72f702e3cf,2023-01-12,2023-01-13,DOT-USDT,short,473.8520183077766,5.2303835,1.2392138889993465,0.0026164999999993555,negative,"{'commission': np.float64(1.2392138889993465), 'slippage': np.float64(1.239833805901992), 'impact': np.float64(0.0), 'funding': None, 'borrow': None, 'funding_status': 'not_modeled', 'borrow_status': 'not_modeled', 'modeled_total': np.float64(2.4790476949013387)}",VolatilityReversion,signal,False
qt_3ef219d5c44d91eb91f63916,2023-01-13,2023-01-14,BTC-USDT,cover,0.13154580289655585,19939.975004999997,1.31151001088499,9.9650049999982,positive,"{'commission': np.float64(1.31151001088499), 'slippage': np.float64(1.3108545835929568), 'impact': np.float64(0.0), 'funding': None, 'borrow': None, 'funding_status': 'not_modeled', 'borrow_status': 'not_modeled', 'modeled_total': np.float64(2.622364594477947)}",Router,StateSwitch,False
qt_76498b8c84d2a953133b8311,2023-01-13,2023-01-14,ADA-USDT,cover,8148.886007670922,0.34567275,1.4084239178540643,0.0001727499999999993,positive,"{'commission': np.float64(1.4084239178540643), 'slippage': np.float64(1.4077200578251459), 'impact': np.float64(0.0), 'funding': None, 'borrow': None, 'funding_status': 'not_modeled', 'borrow_status': 'not_modeled', 'modeled_total': np.float64(2.81614397567921)}",VolatilityReversion,hard_stop,False
qt_04a1eff28daffd4be255af11,2023-01-13,2023-01-14,SOL-USDT,cover,96.08242310627045,18.299145,0.8791130961864967,0.00914500000000018,positive,"{'commission': np.float64(0.8791130961864967), 'slippage': np.float64(0.8786737593068606), 'impact': np.float64(0.0), 'funding': None, 'borrow': None, 'funding_status': 'not_modeled', 'borrow_status': 'not_modeled', 'modeled_total': np.float64(1.7577868554933573)}",VolatilityReversion,hard_stop,False
qt_df8fa57aa5086d3e67e5f872,2023-01-14,2023-01-15,BNB-USDT,cover,8.617288007599191,305.3526,1.3156556490346163,0.15260000000000673,positive,"{'commission': np.float64(1.3156556490346163), 'slippage': np.float64(1.3149981499596946), 'impact': np.float64(0.0), 'funding': None, 'borrow': None, 'funding_status': 'not_modeled', 'borrow_status': 'not_modeled', 'modeled_total': np.float64(2.630653798994311)}",VolatilityReversion,hard_stop,False
qt_5df95bf11cf3d7007ca3adb7,2023-01-14,2023-01-15,XRP-USDT,cover,6614.7112054063155,0.39549765,1.3080513685834323,0.00019764999999999366,positive,"{'commission': np.float64(1.3080513685834323), 'slippage': np.float64(1.3073976697485163), 'impact': np.float64(0.0), 'funding': None, 'borrow': None, 'funding_status': 'not_modeled', 'borrow_status': 'not_modeled', 'modeled_total': np.float64(2.6154490383319486)}",VolatilityReversion,hard_stop,False
qt_299d5538e524c3da3b70531b,2023-01-14,2023-01-15,DOT-USDT,cover,473.8520183077766,6.029012999999999,1.4284299892269112,0.0030129999999992663,positive,"{'commission': np.float64(1.4284299892269112), 'slippage': np.float64(1.4277161311609832), 'impact': np.float64(0.0), 'funding': None, 'borrow': None, 'funding_status': 'not_modeled', 'borrow_status': 'not_modeled', 'modeled_total': np.float64(2.856146120387894)}",VolatilityReversion,hard_stop,False
qt_a43e5e0fe53f30fb3e121547,2023-01-15,2023-01-16,DOT-USDT,short,361.2543685294411,5.925036,1.0702225693471028,0.0029639999999995226,negative,"{'commission': np.float64(1.0702225693471028), 'slippage': np.float64(1.070757948321091), 'impact': np.float64(0.0), 'funding': None, 'borrow': None, 'funding_status': 'not_modeled', 'borrow_status': 'not_modeled', 'modeled_total': np.float64(2.1409805176681935)}",VolatilityReversion,signal,False
qt_4c23e049cbb93d4977ee93e3,2023-01-19,2023-01-20,DOT-USDT,cover,361.2543685294411,5.804900999999999,1.0485229225654604,0.0029009999999995983,positive,"{'commission': np.float64(1.0485229225654604), 'slippage': np.float64(1.0479989231037634), 'impact': np.float64(0.0), 'funding': None, 'borrow': None, 'funding_status': 'not_modeled', 'borrow_status': 'not_modeled', 'modeled_total': np.float64(2.0965218456692236)}",Router,StateSwitch,False
qt_f4c44c89c840c52f9c3d44cd,2023-01-20,2023-01-21,XRP-USDT,short,4628.713920606659,0.41269355,0.9551201899147901,0.00020644999999996916,negative,"{'commission': np.float64(0.9551201899147901), 'slippage': np.float64(0.9555979889091019), 'impact': np.float64(0.0), 'funding': None, 'borrow': None, 'funding_status': 'not_modeled', 'borrow_status': 'not_modeled', 'modeled_total': np.float64(1.9107181788238918)}",VolatilityReversion,signal,False
qt_50682813ac1d174a11410ca6,2023-01-23,2023-01-24,XRP-USDT,cover,4628.713920606659,0.42351164999999996,0.9801571349470475,0.00021164999999995215,positive,"{'commission': np.float64(0.9801571349470475), 'slippage': np.float64(0.9796673012961779), 'impact': np.float64(0.0), 'funding': None, 'borrow': None, 'funding_status': 'not_modeled', 'borrow_status': 'not_modeled', 'modeled_total': np.float64(1.9598244362432253)}",Router,StateSwitch,False
qt_0411464e1f28819f8572495e,2023-02-09,2023-02-10,BTC-USDT,buy,0.09812003226314839,21808.728915,1.0699365923790285,10.898914999997942,positive,"{'commission': np.float64(1.0699365923790285), 'slippage': np.float64(1.06940189143311), 'impact': np.float64(0.0), 'funding': None, 'borrow': None, 'funding_status': 'not_modeled', 'borrow_status': 'not_modeled', 'modeled_total': np.float64(2.1393384838121383)}",VolatilityReversion,signal,False
qt_e581a0ab00a2789236f8f14c,2023-02-09,2023-02-10,SOL-USDT,buy,48.372260500028986,20.49024,0.495579613494057,0.010239999999999583,positive,"{'commission': np.float64(0.495579613494057), 'slippage': np.float64(0.49533194752027665), 'impact': np.float64(0.0), 'funding': None, 'borrow': None, 'funding_status': 'not_modeled', 'borrow_status': 'not_modeled', 'modeled_total': np.float64(0.9909115610143336)}",VolatilityReversion,signal,False
qt_01c676d4577e2325ebf35a1d,2023-02-13,2023-02-14,SOL-USDT,sell,48.372260500028986,20.759615,0.5020947523301547,0.010384999999999422,negative,"{'commission': np.float64(0.5020947523301547), 'slippage': np.float64(0.5023459252927731), 'impact': np.float64(0.0), 'funding': None, 'borrow': None, 'funding_status': 'not_modeled', 'borrow_status': 'not_modeled', 'modeled_total': np.float64(1.0044406776229278)}",Router,StateSwitch,False
qt_d333f1e1fc7e9ccabde828eb,2023-02-15,2023-02-16,BTC-USDT,sell,0.09812003226314839,24310.708565,1.1926837543688988,12.161434999998164,negative,"{'commission': np.float64(1.1926837543688988), 'slippage': np.float64(1.193280394566002), 'impact': np.float64(0.0), 'funding': None, 'borrow': None, 'funding_status': 'not_modeled', 'borrow_status': 'not_modeled', 'modeled_total': np.float64(2.385964148934901)}",Router,StateSwitch,False
qt_e74ca4d4020f2bca84ed4c87,2023-04-11,2023-04-12,BNB-USDT,short,6.873217056233646,322.13885000000005,1.107065119147746,0.1611499999999637,negative,"{'commission': np.float64(1.107065119147746), 'slippage': np.float64(1.1076189286118026), 'impact': np.float64(0.0), 'funding': None, 'borrow': None, 'funding_status': 'not_modeled', 'borrow_status': 'not_modeled', 'modeled_total': np.float64(2.2146840477595484)}",RangeMeanReversion,signal,False
qt_372968d43c7a72e32569c6b1,2023-04-14,2023-04-15,BNB-USDT,cover,6.873217056233646,328.9644,1.1305218624868336,0.16440000000000055,positive,"{'commission': np.float64(1.1305218624868336), 'slippage': np.float64(1.129956884044815), 'impact': np.float64(0.0), 'funding': None, 'borrow': None, 'funding_status': 'not_modeled', 'borrow_status': 'not_modeled', 'modeled_total': np.float64(2.260478746531649)}",RangeMeanReversion,hard_stop,False
qt_6847df676d7170911a2eb861,2023-04-20,2023-04-21,XRP-USDT,buy,3988.5672237473254,0.47543759999999996,0.9481574141485456,0.00023759999999994896,positive,"{'commission': np.float64(0.9481574141485456), 'slippage': np.float64(0.9476835723621609), 'impact': np.float64(0.0), 'funding': None, 'borrow': None, 'funding_status': 'not_modeled', 'borrow_status': 'not_modeled', 'modeled_total': np.float64(1.8958409865107066)}",VolatilityReversion,signal,False
qt_d12ecc96b7e70dcf834f5fd5,2023-04-26,2023-04-27,XRP-USDT,sell,3988.5672237473254,0.4615691,0.9204996918772759,0.00023089999999997834,negative,"{'commission': np.float64(0.9204996918772759), 'slippage': np.float64(0.920960171963171), 'impact': np.float64(0.0), 'funding': None, 'borrow': None, 'funding_status': 'not_modeled', 'borrow_status': 'not_modeled', 'modeled_total': np.float64(1.841459863840447)}",VolatilityReversion,hard_stop,False
qt_3ff298f5b5545c07b872c29c,2023-05-30,2023-05-31,ETH-USDT,short,1.1487681744424056,1899.62971,1.0911170770366283,0.9502899999999954,negative,"{'commission': np.float64(1.0911170770366283), 'slippage': np.float64(1.0916629084908684), 'impact': np.float64(0.0), 'funding': None, 'borrow': None, 'funding_status': 'not_modeled', 'borrow_status': 'not_modeled', 'modeled_total': np.float64(2.182779985527497)}",RangeMeanReversion,signal,False
qt_1d1d5081c2e61c0fec0b6fc2,2023-06-05,2023-06-06,ETH-USDT,cover,1.1487681744424056,1811.395245,1.040436604396152,0.9052449999999226,positive,"{'commission': np.float64(1.040436604396152), 'slippage': np.float64(1.0399166460730265), 'impact': np.float64(0.0), 'funding': None, 'borrow': None, 'funding_status': 'not_modeled', 'borrow_status': 'not_modeled', 'modeled_total': np.float64(2.0803532504691784)}",RangeMeanReversion,Target hit (Mid Band),False
qt_33819b284fb9098ffb3ab410,2023-07-02,2023-07-03,SOL-USDT,short,81.89864462306167,19.450270000000003,0.7964753752762991,0.009729999999997574,negative,"{'commission': np.float64(0.7964753752762991), 'slippage': np.float64(0.7968738121821913), 'impact': np.float64(0.0), 'funding': None, 'borrow': None, 'funding_status': 'not_modeled', 'borrow_status': 'not_modeled', 'modeled_total': np.float64(1.5933491874584904)}",VolatilityReversion,signal,False
qt_1a8558b87f8ed63d6d41f746,2023-07-07,2023-07-08,SOL-USDT,cover,81.89864462306167,21.520755,0.8812603328824888,0.010754999999999626,positive,"{'commission': np.float64(0.8812603328824888), 'slippage': np.float64(0.8808199229209976), 'impact': np.float64(0.0), 'funding': None, 'borrow': None, 'funding_status': 'not_modeled', 'borrow_status': 'not_modeled', 'modeled_total': np.float64(1.7620802558034865)}",VolatilityReversion,hard_stop,False
qt_a7d4725d83f037fda69cab99,2023-07-08,2023-07-09,SOL-USDT,short,71.59237718332577,21.80909,0.7806822986525491,0.010909999999999087,negative,"{'commission': np.float64(0.7806822986525491), 'slippage': np.float64(0.7810728350700188), 'impact': np.float64(0.0), 'funding': None, 'borrow': None, 'funding_status': 'not_modeled', 'borrow_status': 'not_modeled', 'modeled_total': np.float64(1.561755133722568)}",VolatilityReversion,signal,False
qt_2f20c6ed51789d6406d6f011,2023-07-12,2023-07-13,SOL-USDT,cover,71.59237718332577,21.940965,0.7854029210230745,0.010964999999998781,positive,"{'commission': np.float64(0.7854029210230745), 'slippage': np.float64(0.7850104158150798), 'impact': np.float64(0.0), 'funding': None, 'borrow': None, 'funding_status': 'not_modeled', 'borrow_status': 'not_modeled', 'modeled_total': np.float64(1.5704133368381543)}",Router,StateSwitch,False
qt_2cea7d959c899eb02f8b6fa5,2023-07-13,2023-07-14,BNB-USDT,short,8.428073517781629,256.0719,1.0790963995190128,0.1280999999999608,negative,"{'commission': np.float64(1.0790963995190128), 'slippage': np.float64(1.0796362176274963), 'impact': np.float64(0.0), 'funding': None, 'borrow': None, 'funding_status': 'not_modeled', 'borrow_status': 'not_modeled', 'modeled_total': np.float64(2.158732617146509)}",VolatilityReversion,signal,False
qt_82dcd124a8820c5a1eed946e,2023-07-14,2023-07-15,BNB-USDT,cover,8.428073517781629,248.22404999999998,1.0460252711407514,0.12404999999998267,positive,"{'commission': np.float64(1.0460252711407514), 'slippage': np.float64(1.0455025198806651), 'impact': np.float64(0.0), 'funding': None, 'borrow': None, 'funding_status': 'not_modeled', 'borrow_status': 'not_modeled', 'modeled_total': np.float64(2.0915277910214165)}",Router,StateSwitch,False
qt_06e25dc63b457b57c5679134,2023-08-01,2023-08-02,BTC-USDT,buy,0.07330625131195524,29720.842995,1.0893617928973172,14.852994999997463,positive,"{'commission': np.float64(1.0893617928973172), 'slippage': np.float64(1.0888173842050286), 'impact': np.float64(0.0), 'funding': None, 'borrow': None, 'funding_status': 'not_modeled', 'borrow_status': 'not_modeled', 'modeled_total': np.float64(2.1781791771023458)}",RangeMeanReversion,signal,False
qt_59401f21300d5c1764c0c354,2023-08-01,2023-08-02,ETH-USDT,buy,1.1623536904302867,1874.41674,1.0893676075716534,0.9367399999998725,positive,"{'commission': np.float64(1.0893676075716534), 'slippage': np.float64(1.0888231959735184), 'impact': np.float64(0.0), 'funding': None, 'borrow': None, 'funding_status': 'not_modeled', 'borrow_status': 'not_modeled', 'modeled_total': np.float64(2.1781908035451716)}",RangeMeanReversion,signal,False
qt_d2e47e86446856997fc8e105,2023-08-02,2023-08-03,BTC-USDT,sell,0.07330625131195524,29171.407000000003,1.0692232463326652,14.592999999997119,negative,"{'commission': np.float64(1.0692232463326652), 'slippage': np.float64(1.0697581253951516), 'impact': np.float64(0.0), 'funding': None, 'borrow': None, 'funding_status': 'not_modeled', 'borrow_status': 'not_modeled', 'modeled_total': np.float64(2.1389813717278168)}",RangeMeanReversion,hard_stop,False
qt_fde5edde41f1ae3bc896d5d3,2023-08-02,2023-08-03,ETH-USDT,sell,1.1623536904302867,1838.9800500000001,1.0687726238725865,0.9199499999999716,negative,"{'commission': np.float64(1.0687726238725865), 'slippage': np.float64(1.0693072775113093), 'impact': np.float64(0.0), 'funding': None, 'borrow': None, 'funding_status': 'not_modeled', 'borrow_status': 'not_modeled', 'modeled_total': np.float64(2.138079901383896)}",RangeMeanReversion,hard_stop,False
qt_798b4964b0a8253d55fd4da5,2023-08-02,2023-08-03,BNB-USDT,buy,8.945504657233633,240.82034999999996,1.0771297812408165,0.12034999999997353,positive,"{'commission': np.float64(1.0771297812408165), 'slippage': np.float64(1.076591485497831), 'impact': np.float64(0.0), 'funding': None, 'borrow': None, 'funding_status': 'not_modeled', 'borrow_status': 'not_modeled', 'modeled_total': np.float64(2.153721266738647)}",RangeMeanReversion,signal,False
qt_65f4d71577c4d9e9cff0402e,2023-08-03,2023-08-04,ETH-USDT,buy,1.1724127098529533,1836.7279049999997,1.076701570181794,0.9179049999997915,positive,"{'commission': np.float64(1.076701570181794), 'slippage': np.float64(1.0761634884373306), 'impact': np.float64(0.0), 'funding': None, 'borrow': None, 'funding_status': 'not_modeled', 'borrow_status': 'not_modeled', 'modeled_total': np.float64(2.1528650586191245)}",RangeMeanReversion,signal,False
qt_5804eb14b8757c73c7db9362,2023-08-04,2023-08-05,BNB-USDT,sell,8.945504657233633,241.57915,1.0805237057077712,0.12084999999999013,negative,"{'commission': np.float64(1.0805237057077712), 'slippage': np.float64(1.0810642378265962), 'impact': np.float64(0.0), 'funding': None, 'borrow': None, 'funding_status': 'not_modeled', 'borrow_status': 'not_modeled', 'modeled_total': np.float64(2.1615879435343675)}",RangeMeanReversion,Target hit (Mid Band),False
qt_217dfc525da0dc80a0869375,2023-08-04,2023-08-05,XRP-USDT,buy,2067.566407392413,0.6359178,0.6574011405714435,0.0003177999999999237,positive,"{'commission': np.float64(0.6574011405714435), 'slippage': np.float64(0.6570726042691512), 'impact': np.float64(0.0), 'funding': None, 'borrow': None, 'funding_status': 'not_modeled', 'borrow_status': 'not_modeled', 'modeled_total': np.float64(1.3144737448405945)}",VolatilityReversion,signal,False
qt_f3ed979d143c3049dca6ecaa,2023-08-07,2023-08-08,BTC-USDT,buy,0.07334363024990151,29225.66553,1.0717582032198059,14.605529999997088,positive,"{'commission': np.float64(1.0717582032198059), 'slippage': np.float64(1.0712225919236305), 'impact': np.float64(0.0), 'funding': None, 'borrow': None, 'funding_status': 'not_modeled', 'borrow_status': 'not_modeled', 'modeled_total': np.float64(2.142980795143436)}",RangeMeanReversion,signal,False
qt_8cca6e3be3f1903c5770b810,2023-08-09,2023-08-10,BTC-USDT,sell,0.07334363024990151,29567.199005000002,1.084282855673988,14.790994999999384,negative,"{'commission': np.float64(1.084282855673988), 'slippage': np.float64(1.0848252683080968), 'impact': np.float64(0.0), 'funding': None, 'borrow': None, 'funding_status': 'not_modeled', 'borrow_status': 'not_modeled', 'modeled_total': np.float64(2.1691081239820846)}",RangeMeanReversion,Target hit (Mid Band),False
qt_c8eaa62255832755bea3b07f,2023-08-12,2023-08-13,XRP-USDT,sell,2067.566407392413,0.6272862000000001,0.6484779374704196,0.0003137999999999197,negative,"{'commission': np.float64(0.6484779374704196), 'slippage': np.float64(0.6488023386395733), 'impact': np.float64(0.0), 'funding': None, 'borrow': None, 'funding_status': 'not_modeled', 'borrow_status': 'not_modeled', 'modeled_total': np.float64(1.2972802761099929)}",Router,StateSwitch,False
qt_00327c55db4a3b23e3066ad0,2023-08-15,2023-08-16,BNB-USDT,buy,9.088985431948016,236.9184,1.0766739430802164,0.11839999999997985,positive,"{'commission': np.float64(1.0766739430802164), 'slippage': np.float64(1.0761358751424621), 'impact': np.float64(0.0), 'funding': None, 'borrow': None, 'funding_status': 'not_modeled', 'borrow_status': 'not_modeled', 'modeled_total': np.float64(2.1528098182226785)}",RangeMeanReversion,signal,False
qt_da9d93b92b90f07141fe2425,2023-08-16,2023-08-17,BTC-USDT,buy,0.07414358034979286,28744.875254999995,1.0656239840569324,14.365254999996978,positive,"{'commission': np.float64(1.0656239840569324), 'slippage': np.float64(1.0650914383375396), 'impact': np.float64(0.0), 'funding': None, 'borrow': None, 'funding_status': 'not_modeled', 'borrow_status': 'not_modeled', 'modeled_total': np.float64(2.1307154223944718)}",RangeMeanReversion,signal,False
qt_537c74d76899fc93f8b29e82,2023-08-16,2023-08-17,BNB-USDT,sell,9.088985431948016,231.98395,1.0542493709978784,0.11605000000000132,negative,"{'commission': np.float64(1.0542493709978784), 'slippage': np.float64(1.0547767593775792), 'impact': np.float64(0.0), 'funding': None, 'borrow': None, 'funding_status': 'not_modeled', 'borrow_status': 'not_modeled', 'modeled_total': np.float64(2.1090261303754576)}",RangeMeanReversion,hard_stop,False
qt_228fc975677c17cf2db5f205,2023-08-16,2023-08-17,DOGE-USDT,buy,11050.806571237408,0.06721359,0.37138219102422854,3.359000000000001e-05,positive,"{'commission': np.float64(0.37138219102422854), 'slippage': np.float64(0.37119659272786465), 'impact': np.float64(0.0), 'funding': None, 'borrow': None, 'funding_status': 'not_modeled', 'borrow_status': 'not_modeled', 'modeled_total': np.float64(0.7425787837520932)}",VolatilityReversion,signal,False
qt_ba66a049054db735332a769f,2023-08-17,2023-08-18,BTC-USDT,sell,0.07414358034979286,26610.098295,0.9864839805256093,13.311705000000075,negative,"{'commission': np.float64(0.9864839805256093), 'slippage': np.float64(0.9869774692602449), 'impact': np.float64(0.0), 'funding': None, 'borrow': None, 'funding_status': 'not_modeled', 'borrow_status': 'not_modeled', 'modeled_total': np.float64(1.9734614497858542)}",RangeMeanReversion,hard_stop,False
qt_569c716c2e533b5cb4130b2f,2023-08-17,2023-08-18,ETH-USDT,sell,1.1724127098529533,1680.649255,0.9852072736834486,0.8407449999999699,negative,"{'commission': np.float64(0.9852072736834486), 'slippage': np.float64(0.9857001237452859), 'impact': np.float64(0.0), 'funding': None, 'borrow': None, 'funding_status': 'not_modeled', 'borrow_status': 'not_modeled', 'modeled_total': np.float64(1.9709073974287346)}",RangeMeanReversion,hard_stop,False
qt_07a4d0786df6e272bc37dc1f,2023-08-17,2023-08-18,BNB-USDT,buy,9.24915555345127,218.20905,1.009124723310413,0.10904999999999632,positive,"{'commission': np.float64(1.009124723310413), 'slippage': np.float64(1.008620413103827), 'impact': np.float64(0.0), 'funding': None, 'borrow': None, 'funding_status': 'not_modeled', 'borrow_status': 'not_modeled', 'modeled_total': np.float64(2.01774513641424)}",RangeMeanReversion,signal,False
qt_889d88055389ef7b29040430,2023-08-17,2023-08-18,DOGE-USDT,sell,11050.806571237408,0.06098949,0.3369915284342091,3.0509999999997484e-05,negative,"{'commission': np.float64(0.3369915284342091), 'slippage': np.float64(0.33716010848842554), 'impact': np.float64(0.0), 'funding': None, 'borrow': None, 'funding_status': 'not_modeled', 'borrow_status': 'not_modeled', 'modeled_total': np.float64(0.6741516369226346)}",VolatilityReversion,hard_stop,False
qt_a3c7e887bde8ce2998cc0c94,2023-08-18,2023-08-19,DOGE-USDT,buy,23923.93738620864,0.06329162999999999,0.757092496595542,3.162999999999083e-05,positive,"{'commission': np.float64(0.757092496595542), 'slippage': np.float64(0.7567141395255599), 'impact': np.float64(0.0), 'funding': None, 'borrow': None, 'funding_status': 'not_modeled', 'borrow_status': 'not_modeled', 'modeled_total': np.float64(1.5138066361211018)}",VolatilityReversion,signal,False
qt_abf62dbefedd77ae8af7a768,2023-08-19,2023-08-20,BTC-USDT,buy,0.07720274972735759,26113.060004999996,1.008000018090743,13.050004999997327,positive,"{'commission': np.float64(1.008000018090743), 'slippage': np.float64(1.007496269955559), 'impact': np.float64(0.0), 'funding': None, 'borrow': None, 'funding_status': 'not_modeled', 'borrow_status': 'not_modeled', 'modeled_total': np.float64(2.015496288046302)}",RangeMeanReversion,signal,False
qt_f72457fdc8e3be67ca41a37a,2023-08-21,2023-08-22,BTC-USDT,sell,0.07720274972735759,26113.85654,1.0080307654368703,13.063459999997576,negative,"{'commission': np.float64(1.0080307654368703), 'slippage': np.float64(1.0085350329531597), 'impact': np.float64(0.0), 'funding': None, 'borrow': None, 'funding_status': 'not_modeled', 'borrow_status': 'not_modeled', 'modeled_total': np.float64(2.01656579839003)}",Router,StateSwitch,False
qt_fefd60a683b1d2b489c89000,2023-08-21,2023-08-22,BNB-USDT,sell,9.24915555345127,210.2948,0.9725246586409623,0.10519999999999641,negative,"{'commission': np.float64(0.9725246586409623), 'slippage': np.float64(0.9730111642230405), 'impact': np.float64(0.0), 'funding': None, 'borrow': None, 'funding_status': 'not_modeled', 'borrow_status': 'not_modeled', 'modeled_total': np.float64(1.9455358228640027)}",Router,StateSwitch,False
qt_a0a69d233d6fa8166c9d7d14,2023-08-23,2023-08-24,DOGE-USDT,sell,23923.93738620864,0.06375810500000001,0.7626724559416581,3.1894999999990126e-05,negative,"{'commission': np.float64(0.7626724559416581), 'slippage': np.float64(0.7630539829328883), 'impact': np.float64(0.0), 'funding': None, 'borrow': None, 'funding_status': 'not_modeled', 'borrow_status': 'not_modeled', 'modeled_total': np.float64(1.5257264388745464)}",Router,StateSwitch,False
qt_70aaeae891740fce737b81d7,2023-09-11,2023-09-12,BNB-USDT,buy,9.682709469977615,206.30309999999997,0.9987864900278693,0.10309999999998354,positive,"{'commission': np.float64(0.9987864900278693), 'slippage': np.float64(0.9982873463545328), 'impact': np.float64(0.0), 'funding': None, 'borrow': None, 'funding_status': 'not_modeled', 'borrow_status': 'not_modeled', 'modeled_total': np.float64(1.997073836382402)}",RangeMeanReversion,signal,False
qt_e3db1aab0546af7f82f8ecd8,2023-09-17,2023-09-18,BNB-USDT,sell,9.682709469977615,216.29180000000002,1.0471453300692521,0.10819999999998231,negative,"{'commission': np.float64(1.0471453300692521), 'slippage': np.float64(1.0476691646514067), 'impact': np.float64(0.0), 'funding': None, 'borrow': None, 'funding_status': 'not_modeled', 'borrow_status': 'not_modeled', 'modeled_total': np.float64(2.0948144947206586)}",RangeMeanReversion,Target hit (Mid Band),False
qt_5d484036281d5296846ea483,2023-09-18,2023-09-19,BTC-USDT,short,0.0756284797731149,26749.11875,1.0114975931665118,13.381249999998545,negative,"{'commission': np.float64(1.0114975931665118), 'slippage': np.float64(1.0120035949638837), 'impact': np.float64(0.0), 'funding': None, 'borrow': None, 'funding_status': 'not_modeled', 'borrow_status': 'not_modeled', 'modeled_total': np.float64(2.0235011881303953)}",RangeMeanReversion,signal,False
qt_7728dd3162843b4369f99c4c,2023-09-18,2023-09-19,BNB-USDT,short,9.370407158392524,215.89200000000002,1.0114979711198395,0.10799999999997567,negative,"{'commission': np.float64(1.0114979711198395), 'slippage': np.float64(1.0120039731061647), 'impact': np.float64(0.0), 'funding': None, 'borrow': None, 'funding_status': 'not_modeled', 'borrow_status': 'not_modeled', 'modeled_total': np.float64(2.0235019442260045)}",RangeMeanReversion,signal,False
qt_c0d081be0ef56fc6bf276fbd,2023-09-19,2023-09-20,BTC-USDT,cover,0.0756284797731149,27223.855125,1.0294493883336366,13.605124999998225,positive,"{'commission': np.float64(1.0294493883336366), 'slippage': np.float64(1.0289349208730656), 'impact': np.float64(0.0), 'funding': None, 'borrow': None, 'funding_status': 'not_modeled', 'borrow_status': 'not_modeled', 'modeled_total': np.float64(2.0583843092067022)}",RangeMeanReversion,hard_stop,False
qt_42db0b1d292d0308ccb1f773,2023-09-21,2023-09-22,BNB-USDT,cover,9.370407158392524,210.9054,0.9881347349518192,0.10539999999997463,positive,"{'commission': np.float64(0.9881347349518192), 'slippage': np.float64(0.9876409144943342), 'impact': np.float64(0.0), 'funding': None, 'borrow': None, 'funding_status': 'not_modeled', 'borrow_status': 'not_modeled', 'modeled_total': np.float64(1.9757756494461534)}",RangeMeanReversion,Target hit (Mid Band),False
qt_13a7963101da8dd9f058770a,2023-09-24,2023-09-25,BNB-USDT,buy,9.726560906889183,208.40415,1.0135278291117347,0.10414999999997576,positive,"{'commission': np.float64(1.0135278291117347), 'slippage': np.float64(1.0130213184522727), 'impact': np.float64(0.0), 'funding': None, 'borrow': None, 'funding_status': 'not_modeled', 'borrow_status': 'not_modeled', 'modeled_total': np.float64(2.0265491475640074)}",RangeMeanReversion,signal,False
qt_090d27b3cd8d1f888ff36690,2023-09-28,2023-09-29,BNB-USDT,sell,9.726560906889183,214.8925,1.045082494841842,0.1074999999999875,negative,"{'commission': np.float64(1.045082494841842), 'slippage': np.float64(1.0456052974904655), 'impact': np.float64(0.0), 'funding': None, 'borrow': None, 'funding_status': 'not_modeled', 'borrow_status': 'not_modeled', 'modeled_total': np.float64(2.0906877923323073)}",RangeMeanReversion,Target hit (Mid Band),False
qt_4bd188a5b69fef653eb2498b,2023-09-29,2023-09-30,ADA-USDT,short,8197.104463623013,0.24927530000000003,1.021667837150483,0.0001246999999999776,negative,"{'commission': np.float64(1.021667837150483), 'slippage': np.float64(1.022178926613606), 'impact': np.float64(0.0), 'funding': None, 'borrow': None, 'funding_status': 'not_modeled', 'borrow_status': 'not_modeled', 'modeled_total': np.float64(2.043846763764089)}",RangeMeanReversion,signal,False
qt_9cedcbab8beaccdabb5c1274,2023-10-01,2023-10-02,ETH-USDT,short,1.1553700460521201,1732.9331,1.0010894977761218,0.8668999999999869,negative,"{'commission': np.float64(1.0010894977761218), 'slippage': np.float64(1.0015902929225677), 'impact': np.float64(0.0), 'funding': None, 'borrow': None, 'funding_status': 'not_modeled', 'borrow_status': 'not_modeled', 'modeled_total': np.float64(2.0026797906986893)}",VolatilityReversion,signal,False
qt_cf09e46bc461877de55dd9e7,2023-10-01,2023-10-02,BNB-USDT,short,9.18042636179975,218.0909,1.0010837238143167,0.10909999999998377,negative,"{'commission': np.float64(1.0010837238143167), 'slippage': np.float64(1.0015845160722037), 'impact': np.float64(0.0), 'funding': None, 'borrow': None, 'funding_status': 'not_modeled', 'borrow_status': 'not_modeled', 'modeled_total': np.float64(2.0026682398865203)}",RangeMeanReversion,signal,False
qt_f725c6982373654f5d2edf9a,2023-10-01,2023-10-02,ADA-USDT,cover,8197.104463623013,0.26603295,1.0903499409578987,0.00013294999999996504,positive,"{'commission': np.float64(1.0903499409578987), 'slippage': np.float64(1.089805038438393), 'impact': np.float64(0.0), 'funding': None, 'borrow': None, 'funding_status': 'not_modeled', 'borrow_status': 'not_modeled', 'modeled_total': np.float64(2.180154979396292)}",RangeMeanReversion,hard_stop,False
qt_b6216730922b060edf02316f,2023-10-01,2023-10-02,AVAX-USDT,short,205.45323406612363,9.745125,1.0010837238143164,0.004875000000000185,negative,"{'commission': np.float64(1.0010837238143164), 'slippage': np.float64(1.0015845160723906), 'impact': np.float64(0.0), 'funding': None, 'borrow': None, 'funding_status': 'not_modeled', 'borrow_status': 'not_modeled', 'modeled_total': np.float64(2.002668239886707)}",VolatilityReversion,signal,False
qt_1fc7aff80cf780b1dbc2b0d0,2023-10-01,2023-10-02,DOT-USDT,short,469.8965592645333,4.261868000000001,1.0013185546198093,0.0021319999999995787,negative,"{'commission': np.float64(1.0013185546198093), 'slippage': np.float64(1.001819464351787), 'impact': np.float64(0.0), 'funding': None, 'borrow': None, 'funding_status': 'not_modeled', 'borrow_status': 'not_modeled', 'modeled_total': np.float64(2.0031380189715966)}",VolatilityReversion,signal,False
qt_363c29cd26a231942a46b7bb,2023-10-02,2023-10-03,DOGE-USDT,short,33583.77232901877,0.06197899500000001,1.0407442286306967,3.1004999999993677e-05,negative,"{'commission': np.float64(1.0407442286306967), 'slippage': np.float64(1.0412648610610147), 'impact': np.float64(0.0), 'funding': None, 'borrow': None, 'funding_status': 'not_modeled', 'borrow_status': 'not_modeled', 'modeled_total': np.float64(2.082009089691711)}",RangeMeanReversion,signal,False
qt_5c9d9d32425e00f71e47a5ce,2023-10-03,2023-10-04,BNB-USDT,cover,9.18042636179975,213.60674999999998,0.9805005193791844,0.10674999999997681,positive,"{'commission': np.float64(0.9805005193791844), 'slippage': np.float64(0.9800105141219104), 'impact': np.float64(0.0), 'funding': None, 'borrow': None, 'funding_status': 'not_modeled', 'borrow_status': 'not_modeled', 'modeled_total': np.float64(1.9605110335010947)}",RangeMeanReversion,Target hit (Mid Band),False
qt_0c4f0d3ec0a40a1a2959cdd9,2023-10-03,2023-10-04,DOT-USDT,cover,469.8965592645333,4.078037999999999,0.9581280123750093,0.0020379999999997622,positive,"{'commission': np.float64(0.9581280123750093), 'slippage': np.float64(0.9576491877810072), 'impact': np.float64(0.0), 'funding': None, 'borrow': None, 'funding_status': 'not_modeled', 'borrow_status': 'not_modeled', 'modeled_total': np.float64(1.9157772001560165)}",Router,StateSwitch,False
qt_8a8be88717e70902d49b4868,2023-10-04,2023-10-05,DOGE-USDT,cover,33583.77232901877,0.06149073,1.0325453383325824,3.0729999999999646e-05,positive,"{'commission': np.float64(1.0325453383325824), 'slippage': np.float64(1.032029323670735), 'impact': np.float64(0.0), 'funding': None, 'borrow': None, 'funding_status': 'not_modeled', 'borrow_status': 'not_modeled', 'modeled_total': np.float64(2.0645746620033174)}",RangeMeanReversion,Target hit (Mid Band),False
qt_ffc1ab4526622c3bc99d3e9b,2023-10-04,2023-10-05,AVAX-USDT,cover,205.45323406612363,10.105049999999999,1.0380576014499412,0.005049999999998889,positive,"{'commission': np.float64(1.0380576014499412), 'slippage': np.float64(1.037538832033696), 'impact': np.float64(0.0), 'funding': None, 'borrow': None, 'funding_status': 'not_modeled', 'borrow_status': 'not_modeled', 'modeled_total': np.float64(2.0755964334836374)}",VolatilityReversion,hard_stop,False
qt_d089137e6dfb3837d7ecb1cf,2023-10-05,2023-10-06,ETH-USDT,cover,1.1553700460521201,1612.595895,0.9315724967348049,0.8058949999999641,positive,"{'commission': np.float64(0.9315724967348049), 'slippage': np.float64(0.9311069432631318), 'impact': np.float64(0.0), 'funding': None, 'borrow': None, 'funding_status': 'not_modeled', 'borrow_status': 'not_modeled', 'modeled_total': np.float64(1.8626794399979367)}",Router,StateSwitch,False
qt_30c44ba15eb7f75f400ccf5a,2023-10-05,2023-10-06,AVAX-USDT,short,203.43071090181792,10.13493,1.030878007420081,0.005069999999999908,negative,"{'commission': np.float64(1.030878007420081), 'slippage': np.float64(1.0313937042721981), 'impact': np.float64(0.0), 'funding': None, 'borrow': None, 'funding_status': 'not_modeled', 'borrow_status': 'not_modeled', 'modeled_total': np.float64(2.0622717116922793)}",VolatilityReversion,signal,False
qt_88b29d8463f23a381e50fd5e,2023-10-06,2023-10-07,AVAX-USDT,cover,203.43071090181792,10.665329999999999,1.0848278319512428,0.005329999999998947,positive,"{'commission': np.float64(1.0848278319512428), 'slippage': np.float64(1.0842856891064752), 'impact': np.float64(0.0), 'funding': None, 'borrow': None, 'funding_status': 'not_modeled', 'borrow_status': 'not_modeled', 'modeled_total': np.float64(2.169113521057718)}",VolatilityReversion,hard_stop,False
qt_0d252fccb204bb5cddd17699,2023-10-09,2023-10-10,BNB-USDT,buy,9.860174918734153,206.00295,1.015612560387623,0.10294999999999277,positive,"{'commission': np.float64(1.015612560387623), 'slippage': np.float64(1.0151050078836097), 'impact': np.float64(0.0), 'funding': None, 'borrow': None, 'funding_status': 'not_modeled', 'borrow_status': 'not_modeled', 'modeled_total': np.float64(2.030717568271233)}",RangeMeanReversion,signal,False
qt_6f6c69c174c2b442f1339fb2,2023-10-09,2023-10-10,DOGE-USDT,buy,34551.74524562385,0.05874936,1.0149464600317222,2.935999999999911e-05,positive,"{'commission': np.float64(1.0149464600317222), 'slippage': np.float64(1.0144392404114855), 'impact': np.float64(0.0), 'funding': None, 'borrow': None, 'funding_status': 'not_modeled', 'borrow_status': 'not_modeled', 'modeled_total': np.float64(2.029385700443208)}",RangeMeanReversion,signal,False
qt_def8143046201ff08d6621fc,2023-10-11,2023-10-12,DOGE-USDT,sell,34551.74524562385,0.058480745,1.0103059015071454,2.9254999999998865e-05,negative,"{'commission': np.float64(1.0103059015071454), 'slippage': np.float64(1.0108113071606866), 'impact': np.float64(0.0), 'funding': None, 'borrow': None, 'funding_status': 'not_modeled', 'borrow_status': 'not_modeled', 'modeled_total': np.float64(2.0211172086678317)}",Router,StateSwitch,False
qt_9b1033709a5776bd61e7361e,2023-10-12,2023-10-13,ETH-USDT,buy,1.313875871297063,1540.3798049999998,1.0119339292113874,0.7698049999999057,positive,"{'commission': np.float64(1.0119339292113874), 'slippage': np.float64(1.0114282151037117), 'impact': np.float64(0.0), 'funding': None, 'borrow': None, 'funding_status': 'not_modeled', 'borrow_status': 'not_modeled', 'modeled_total': np.float64(2.023362144315099)}",RangeMeanReversion,signal,False
qt_fe22ec7ffadb337c1acc484f,2023-10-14,2023-10-15,ETH-USDT,sell,1.313875871297063,1554.16253,1.0209883241204991,0.7774699999999939,negative,"{'commission': np.float64(1.0209883241204991), 'slippage': np.float64(1.0214990736573195), 'impact': np.float64(0.0), 'funding': None, 'borrow': None, 'funding_status': 'not_modeled', 'borrow_status': 'not_modeled', 'modeled_total': np.float64(2.0424873977778186)}",Router,StateSwitch,False
qt_e5527e7e04a237eb0e9df06b,2023-10-16,2023-10-17,BTC-USDT,short,0.07213068165020771,28486.519615,1.0273760388359814,14.250384999999369,negative,"{'commission': np.float64(1.0273760388359814), 'slippage': np.float64(1.0278899838278497), 'impact': np.float64(0.0), 'funding': None, 'borrow': None, 'funding_status': 'not_modeled', 'borrow_status': 'not_modeled', 'modeled_total': np.float64(2.0552660226638313)}",RangeMeanReversion,signal,False
qt_6f8fa77c4e688c4d42938720,2023-10-16,2023-10-17,BNB-USDT,sell,9.860174918734153,214.59265,1.0579605326373482,0.10734999999999673,negative,"{'commission': np.float64(1.0579605326373482), 'slippage': np.float64(1.058489777526079), 'impact': np.float64(0.0), 'funding': None, 'borrow': None, 'funding_status': 'not_modeled', 'borrow_status': 'not_modeled', 'modeled_total': np.float64(2.1164503101634273)}",RangeMeanReversion,Target hit (Mid Band),False
qt_9b464da8ccc72395a3cbf0eb,2023-10-18,2023-10-19,BTC-USDT,cover,0.07213068165020771,28334.16,1.0218811373930246,14.159999999999854,positive,"{'commission': np.float64(1.0218811373930246), 'slippage': np.float64(1.0213704521669307), 'impact': np.float64(0.0), 'funding': None, 'borrow': None, 'funding_status': 'not_modeled', 'borrow_status': 'not_modeled', 'modeled_total': np.float64(2.0432515895599552)}",Router,StateSwitch,False
qt_d42513b8b04d407eb6fb4c50,2023-10-22,2023-10-23,BNB-USDT,short,9.449603869732238,217.69110000000003,1.0285473304831338,0.10889999999997713,negative,"{'commission': np.float64(1.0285473304831338), 'slippage': np.float64(1.0290618614136247), 'impact': np.float64(0.0), 'funding': None, 'borrow': None, 'funding_status': 'not_modeled', 'borrow_status': 'not_modeled', 'modeled_total': np.float64(2.0576091918967583)}",RangeMeanReversion,signal,False
qt_4750dcf871226c92e839d116,2023-10-23,2023-10-24,ETH-USDT,short,1.1482408050475357,1764.5872650000001,1.0130855508701146,0.8827349999999115,negative,"{'commission': np.float64(1.0130855508701146), 'slippage': np.float64(1.0135923470435346), 'impact': np.float64(0.0), 'funding': None, 'borrow': None, 'funding_status': 'not_modeled', 'borrow_status': 'not_modeled', 'modeled_total': np.float64(2.0266778979136495)}",RangeMeanReversion,signal,False
qt_2be75716d271e29871969c64,2023-10-23,2023-10-24,BNB-USDT,cover,9.449603869732238,228.71429999999998,1.08062976717155,0.11429999999998586,positive,"{'commission': np.float64(1.08062976717155), 'slippage': np.float64(1.0800897223102612), 'impact': np.float64(0.0), 'funding': None, 'borrow': None, 'funding_status': 'not_modeled', 'borrow_status': 'not_modeled', 'modeled_total': np.float64(2.160719489481811)}",RangeMeanReversion,hard_stop,False
qt_55e8fc26a1c4a497cd753a40,2023-10-24,2023-10-25,ETH-USDT,cover,1.1482408050475357,1785.87249,1.0253058328149236,0.8924899999999525,positive,"{'commission': np.float64(1.0253058328149236), 'slippage': np.float64(1.0247934360968205), 'impact': np.float64(0.0), 'funding': None, 'borrow': None, 'funding_status': 'not_modeled', 'borrow_status': 'not_modeled', 'modeled_total': np.float64(2.050099268911744)}",Router,StateSwitch,False
qt_7b6797b70b819eec839bc09b,2023-10-24,2023-10-25,BNB-USDT,short,8.964977135538316,225.0874,1.0089516972488835,0.11259999999998627,negative,"{'commission': np.float64(1.0089516972488835), 'slippage': np.float64(1.0094564254614913), 'impact': np.float64(0.0), 'funding': None, 'borrow': None, 'funding_status': 'not_modeled', 'borrow_status': 'not_modeled', 'modeled_total': np.float64(2.0184081227103747)}",RangeMeanReversion,signal,False
qt_ca4166f8c904d460a1cd1fe8,2023-10-25,2023-10-26,BNB-USDT,cover,8.964977135538316,222.21104999999997,0.9960584912569806,0.11104999999997744,positive,"{'commission': np.float64(0.9960584912569806), 'slippage': np.float64(0.9955607109013278), 'impact': np.float64(0.0), 'funding': None, 'borrow': None, 'funding_status': 'not_modeled', 'borrow_status': 'not_modeled', 'modeled_total': np.float64(1.9916192021583083)}",Router,StateSwitch,False
qt_11d4ce1970e1e6809512dc0f,2023-11-01,2023-11-02,DOT-USDT,short,418.0135167453614,4.725636,0.9876898616092413,0.0023640000000000327,negative,"{'commission': np.float64(0.9876898616092413), 'slippage': np.float64(0.988183953586048), 'impact': np.float64(0.0), 'funding': None, 'borrow': None, 'funding_status': 'not_modeled', 'borrow_status': 'not_modeled', 'modeled_total': np.float64(1.9758738151952895)}",VolatilityReversion,signal,False
qt_dc59dcfd37dbe2973861dd14,2023-11-02,2023-11-03,DOT-USDT,cover,418.0135167453614,4.632314999999999,0.9681851419111442,0.002314999999999401,positive,"{'commission': np.float64(0.9681851419111442), 'slippage': np.float64(0.9677012912652613), 'impact': np.float64(0.0), 'funding': None, 'borrow': None, 'funding_status': 'not_modeled', 'borrow_status': 'not_modeled', 'modeled_total': np.float64(1.9358864331764054)}",Router,StateSwitch,False
qt_053a531afc62788ffa030b71,2024-01-03,2024-01-04,ADA-USDT,buy,1857.6348559538096,0.5570784,0.5174241266694894,0.00027840000000001197,positive,"{'commission': np.float64(0.5174241266694894), 'slippage': np.float64(0.5171655438975629), 'impact': np.float64(0.0), 'funding': None, 'borrow': None, 'funding_status': 'not_modeled', 'borrow_status': 'not_modeled', 'modeled_total': np.float64(1.0345896705670523)}",VolatilityReversion,signal,False
qt_ee338701daf66bcf89e36274,2024-01-08,2024-01-09,ADA-USDT,sell,1857.6348559538096,0.5409294,0.5024246540250903,0.0002706000000000097,negative,"{'commission': np.float64(0.5024246540250903), 'slippage': np.float64(0.5026759920211189), 'impact': np.float64(0.0), 'funding': None, 'borrow': None, 'funding_status': 'not_modeled', 'borrow_status': 'not_modeled', 'modeled_total': np.float64(1.005100646046209)}",VolatilityReversion,hard_stop,False
qt_72d1ebffd65385a1d61b7645,2024-02-09,2024-02-10,BNB-USDT,short,6.256921829536324,323.838,1.0131145257166922,0.16199999999997772,negative,"{'commission': np.float64(1.0131145257166922), 'slippage': np.float64(1.013621336384745), 'impact': np.float64(0.0), 'funding': None, 'borrow': None, 'funding_status': 'not_modeled', 'borrow_status': 'not_modeled', 'modeled_total': np.float64(2.0267358621014373)}",RangeMeanReversion,signal,False
qt_63a993ffe616b0b1d15e6861,2024-02-14,2024-02-15,BNB-USDT,cover,6.256921829536324,334.06694999999996,1.0451153959908097,0.16694999999998572,positive,"{'commission': np.float64(1.0451153959908097), 'slippage': np.float64(1.044593099441), 'impact': np.float64(0.0), 'funding': None, 'borrow': None, 'funding_status': 'not_modeled', 'borrow_status': 'not_modeled', 'modeled_total': np.float64(2.0897084954318097)}",RangeMeanReversion,hard_stop,False
qt_ed3673c94de98b4df40cec6b,2024-02-15,2024-02-16,XRP-USDT,short,3570.659341246183,0.5619189000000001,1.00321048465389,0.0002810999999999231,negative,"{'commission': np.float64(1.00321048465389), 'slippage': np.float64(1.0037123408240274), 'impact': np.float64(0.0), 'funding': None, 'borrow': None, 'funding_status': 'not_modeled', 'borrow_status': 'not_modeled', 'modeled_total': np.float64(2.0069228254779174)}",VolatilityReversion,signal,False
qt_cdb39f2e983ac29f51cd3fba,2024-02-19,2024-02-20,XRP-USDT,cover,3570.659341246183,0.5628812999999999,1.0049286859288975,0.00028129999999992883,positive,"{'commission': np.float64(1.0049286859288975), 'slippage': np.float64(1.0044264726922971), 'impact': np.float64(0.0), 'funding': None, 'borrow': None, 'funding_status': 'not_modeled', 'borrow_status': 'not_modeled', 'modeled_total': np.float64(2.0093551586211946)}",Router,StateSwitch,False
qt_17ca56a4762334f57bc927c1,2024-03-19,2024-03-20,ETH-USDT,buy,0.3571572897363532,3160.229325,0.5643494703311723,1.5793249999996988,positive,"{'commission': np.float64(0.5643494703311723), 'slippage': np.float64(0.5640674366127584), 'impact': np.float64(0.0), 'funding': None, 'borrow': None, 'funding_status': 'not_modeled', 'borrow_status': 'not_modeled', 'modeled_total': np.float64(1.1284169069439307)}",VolatilityReversion,signal,False
qt_6084d51dc2563a07426b8eca,2024-03-31,2024-04-01,ETH-USDT,sell,0.3571572897363532,3643.467355,0.6506454628773397,1.8226449999997385,negative,"{'commission': np.float64(0.6506454628773397), 'slippage': np.float64(0.6509709483514221), 'impact': np.float64(0.0), 'funding': None, 'borrow': None, 'funding_status': 'not_modeled', 'borrow_status': 'not_modeled', 'modeled_total': np.float64(1.3016164112287618)}",Router,StateSwitch,False
qt_e89dbfc27e1d17740253eff2,2024-04-13,2024-04-14,LTC-USDT,buy,9.991400663862299,77.368665,0.38651066542156987,0.03866499999999462,positive,"{'commission': np.float64(0.38651066542156987), 'slippage': np.float64(0.38631750666818204), 'impact': np.float64(0.0), 'funding': None, 'borrow': None, 'funding_status': 'not_modeled', 'borrow_status': 'not_modeled', 'modeled_total': np.float64(0.7728281720897519)}",VolatilityReversion,signal,False
qt_ad434bcae9d619b3d26a1216,2024-04-21,2024-04-22,LTC-USDT,sell,9.991400663862299,84.11792,0.4202279208653579,0.04207999999999856,negative,"{'commission': np.float64(0.4202279208653579), 'slippage': np.float64(0.4204381399353112), 'impact': np.float64(0.0), 'funding': None, 'borrow': None, 'funding_status': 'not_modeled', 'borrow_status': 'not_modeled', 'modeled_total': np.float64(0.8406660608006691)}",Router,StateSwitch,False
qt_532b0ab0cf55fec7f6485764,2024-06-17,2024-06-18,BTC-USDT,buy,0.031233947440727272,66537.582165,1.0391156720873411,33.25216499999806,positive,"{'commission': np.float64(1.0391156720873411), 'slippage': np.float64(1.0385963739003303), 'impact': np.float64(0.0), 'funding': None, 'borrow': None, 'funding_status': 'not_modeled', 'borrow_status': 'not_modeled', 'modeled_total': np.float64(2.0777120459876715)}",RangeMeanReversion,signal,False
qt_bbd749d84ef0e3e5dedaf5c6,2024-06-18,2024-06-19,BTC-USDT,sell,0.031233947440727272,65142.73234,1.0173323390264624,32.58765999999741,negative,"{'commission': np.float64(1.0173323390264624), 'slippage': np.float64(1.0178412596562096), 'impact': np.float64(0.0), 'funding': None, 'borrow': None, 'funding_status': 'not_modeled', 'borrow_status': 'not_modeled', 'modeled_total': np.float64(2.035173598682672)}",RangeMeanReversion,hard_stop,False
qt_3c025d0351b2fde5a27fe4fc,2024-07-13,2024-07-14,ADA-USDT,short,3688.3719921140637,0.4413792,0.813985339590856,0.00022079999999996547,negative,"{'commission': np.float64(0.813985339590856), 'slippage': np.float64(0.8143925358586579), 'impact': np.float64(0.0), 'funding': None, 'borrow': None, 'funding_status': 'not_modeled', 'borrow_status': 'not_modeled', 'modeled_total': np.float64(1.6283778754495137)}",VolatilityReversion,signal,False
qt_76e3a39cfdd57ec1636d0c86,2024-07-14,2024-07-15,ADA-USDT,cover,3688.3719921140637,0.43191584999999993,0.7965331620450694,0.0002158499999999619,positive,"{'commission': np.float64(0.7965331620450694), 'slippage': np.float64(0.7961350944976802), 'impact': np.float64(0.0), 'funding': None, 'borrow': None, 'funding_status': 'not_modeled', 'borrow_status': 'not_modeled', 'modeled_total': np.float64(1.5926682565427495)}",Router,StateSwitch,False
qt_226764c37dbbbec4054071f1,2024-07-15,2024-07-16,XRP-USDT,short,3655.505252087077,0.5369314000000001,0.9813777763552338,0.0002685999999999522,negative,"{'commission': np.float64(0.9813777763552338), 'slippage': np.float64(0.9818687107104143), 'impact': np.float64(0.0), 'funding': None, 'borrow': None, 'funding_status': 'not_modeled', 'borrow_status': 'not_modeled', 'modeled_total': np.float64(1.963246487065648)}",VolatilityReversion,signal,False
qt_606aa254fb38caa2e97e6050,2024-07-16,2024-07-17,XRP-USDT,cover,3655.505252087077,0.5794896,1.0591636381649199,0.00028960000000000097,positive,"{'commission': np.float64(1.0591636381649199), 'slippage': np.float64(1.0586343210044211), 'impact': np.float64(0.0), 'funding': None, 'borrow': None, 'funding_status': 'not_modeled', 'borrow_status': 'not_modeled', 'modeled_total': np.float64(2.1177979591693408)}",VolatilityReversion,hard_stop,False
qt_8820ba927b27960adf3c4dc8,2024-07-17,2024-07-18,XRP-USDT,short,2987.8497192434247,0.625687,0.9347293636421303,0.0003130000000000077,negative,"{'commission': np.float64(0.9347293636421303), 'slippage': np.float64(0.935196962123215), 'impact': np.float64(0.0), 'funding': None, 'borrow': None, 'funding_status': 'not_modeled', 'borrow_status': 'not_modeled', 'modeled_total': np.float64(1.8699263257653453)}",VolatilityReversion,signal,False
qt_eaac67fee83e9fb3256c3958,2024-07-20,2024-07-21,DOGE-USDT,short,11223.651114315868,0.13416288499999998,0.7528987068650407,6.711500000000648e-05,negative,"{'commission': np.float64(0.7528987068650407), 'slippage': np.float64(0.7532753445373821), 'impact': np.float64(0.0), 'funding': None, 'borrow': None, 'funding_status': 'not_modeled', 'borrow_status': 'not_modeled', 'modeled_total': np.float64(1.5061740514024229)}",VolatilityReversion,signal,False
qt_9e395ed48b91ae4da0ebba85,2024-07-21,2024-07-22,XRP-USDT,cover,2987.8497192434247,0.59879925,0.8945610854978366,0.00029924999999997315,positive,"{'commission': np.float64(0.8945610854978366), 'slippage': np.float64(0.8941140284835146), 'impact': np.float64(0.0), 'funding': None, 'borrow': None, 'funding_status': 'not_modeled', 'borrow_status': 'not_modeled', 'modeled_total': np.float64(1.7886751139813513)}",Router,StateSwitch,False
qt_f53ff6061ac7952ab98c0be1,2024-07-26,2024-07-27,DOGE-USDT,cover,11223.651114315868,0.134257095,0.7534273969507805,6.709499999998925e-05,positive,"{'commission': np.float64(0.7534273969507805), 'slippage': np.float64(0.7530508715149025), 'impact': np.float64(0.0), 'funding': None, 'borrow': None, 'funding_status': 'not_modeled', 'borrow_status': 'not_modeled', 'modeled_total': np.float64(1.506478268465683)}",Router,StateSwitch,False
qt_9e174ae8b506f9278937ae2b,2024-08-04,2024-08-05,SOL-USDT,buy,7.669392903165353,138.38915999999998,0.5306804207895073,0.06915999999998235,positive,"{'commission': np.float64(0.5306804207895073), 'slippage': np.float64(0.5304152131827804), 'impact': np.float64(0.0), 'funding': None, 'borrow': None, 'funding_status': 'not_modeled', 'borrow_status': 'not_modeled', 'modeled_total': np.float64(1.0610956339722877)}",VolatilityReversion,signal,False
qt_9d63da5b7d6a492118e6fcb4,2024-08-05,2024-08-06,XRP-USDT,buy,2051.3861507087972,0.48914444999999995,0.5017120752130358,0.00024444999999995165,positive,"{'commission': np.float64(0.5017120752130358), 'slippage': np.float64(0.5014613445406663), 'impact': np.float64(0.0), 'funding': None, 'borrow': None, 'funding_status': 'not_modeled', 'borrow_status': 'not_modeled', 'modeled_total': np.float64(1.0031734197537021)}",VolatilityReversion,signal,False
qt_435135dd0256151dce00db4b,2024-08-05,2024-08-06,SOL-USDT,sell,7.669392903165353,129.72510499999999,0.4974563998246901,0.06489500000000703,negative,"{'commission': np.float64(0.4974563998246901), 'slippage': np.float64(0.4977052524509695), 'impact': np.float64(0.0), 'funding': None, 'borrow': None, 'funding_status': 'not_modeled', 'borrow_status': 'not_modeled', 'modeled_total': np.float64(0.9951616522756597)}",VolatilityReversion,hard_stop,False
qt_9bcaf4b69c179fc195d98408,2024-08-07,2024-08-08,XRP-USDT,sell,2051.3861507087972,0.59999985,0.6154156913586779,0.0003001499999999435,negative,"{'commission': np.float64(0.6154156913586779), 'slippage': np.float64(0.6157235531351296), 'impact': np.float64(0.0), 'funding': None, 'borrow': None, 'funding_status': 'not_modeled', 'borrow_status': 'not_modeled', 'modeled_total': np.float64(1.2311392444938076)}",Router,StateSwitch,False
qt_549f620a9ef7969aac19fabc,2024-08-23,2024-08-24,ADA-USDT,short,4143.3477253228875,0.39100440000000003,0.8100335956656203,0.00019559999999996247,negative,"{'commission': np.float64(0.8100335956656203), 'slippage': np.float64(0.8104388150730013), 'impact': np.float64(0.0), 'funding': None, 'borrow': None, 'funding_status': 'not_modeled', 'borrow_status': 'not_modeled', 'modeled_total': np.float64(1.6204724107386217)}",VolatilityReversion,signal,False
qt_d00f0ce35f1e783d981ca5bb,2024-08-23,2024-08-24,AVAX-USDT,short,56.13487370030817,26.48675,0.7434151829908188,0.013249999999999318,negative,"{'commission': np.float64(0.7434151829908188), 'slippage': np.float64(0.743787076529045), 'impact': np.float64(0.0), 'funding': None, 'borrow': None, 'funding_status': 'not_modeled', 'borrow_status': 'not_modeled', 'modeled_total': np.float64(1.4872022595198637)}",VolatilityReversion,signal,False
qt_b4302396bb22655949167d79,2024-08-27,2024-08-28,ADA-USDT,cover,4143.3477253228875,0.35047514999999996,0.7260702077673489,0.00017514999999995728,positive,"{'commission': np.float64(0.7260702077673489), 'slippage': np.float64(0.7257073540901268), 'impact': np.float64(0.0), 'funding': None, 'borrow': None, 'funding_status': 'not_modeled', 'borrow_status': 'not_modeled', 'modeled_total': np.float64(1.4517775618574755)}",Router,StateSwitch,False
qt_9ee453f3deb0aebe5b59f263,2024-08-28,2024-08-29,AVAX-USDT,cover,56.13487370030817,23.45172,0.6582296701274957,0.011720000000000397,positive,"{'commission': np.float64(0.6582296701274957), 'slippage': np.float64(0.657900719767634), 'impact': np.float64(0.0), 'funding': None, 'borrow': None, 'funding_status': 'not_modeled', 'borrow_status': 'not_modeled', 'modeled_total': np.float64(1.3161303898951298)}",Router,StateSwitch,False
qt_e815e97d8c82d24ec863c13a,2024-09-23,2024-09-24,ETH-USDT,short,0.8165402642557837,2645.6565100000003,1.0801425329027174,1.3234899999997651,negative,"{'commission': np.float64(1.0801425329027174), 'slippage': np.float64(1.0806828743396955), 'impact': np.float64(0.0), 'funding': None, 'borrow': None, 'funding_status': 'not_modeled', 'borrow_status': 'not_modeled', 'modeled_total': np.float64(2.160825407242413)}",VolatilityReversion,signal,False
qt_3ef469a3f10181f8035651dd,2024-09-28,2024-09-29,ETH-USDT,cover,0.8165402642557837,2676.5476049999997,1.0927544443399424,1.3376049999997122,positive,"{'commission': np.float64(1.0927544443399424), 'slippage': np.float64(1.0922083401696225), 'impact': np.float64(0.0), 'funding': None, 'borrow': None, 'funding_status': 'not_modeled', 'borrow_status': 'not_modeled', 'modeled_total': np.float64(2.184962784509565)}",Router,StateSwitch,False
qt_9b61a6abd78d51d7439ad4b6,2024-10-29,2024-10-30,BTC-USDT,short,0.03009532955322751,72700.04179500001,1.0939658581769696,36.368204999991576,negative,"{'commission': np.float64(1.0939658581769696), 'slippage': np.float64(1.094513114734083), 'impact': np.float64(0.0), 'funding': None, 'borrow': None, 'funding_status': 'not_modeled', 'borrow_status': 'not_modeled', 'modeled_total': np.float64(2.1884789729110525)}",RangeMeanReversion,signal,False
qt_65c129523f5d6484888ab3d4,2024-11-04,2024-11-05,BTC-USDT,cover,0.03009532955322751,67883.93500499999,1.021494697672676,33.92500499999733,positive,"{'commission': np.float64(1.021494697672676), 'slippage': np.float64(1.0209842055698106), 'impact': np.float64(0.0), 'funding': None, 'borrow': None, 'funding_status': 'not_modeled', 'borrow_status': 'not_modeled', 'modeled_total': np.float64(2.0424789032424866)}",RangeMeanReversion,Target hit (Mid Band),False
qt_2e472b1c40a529c8c3d1199b,2024-12-18,2024-12-19,DOGE-USDT,buy,2651.3357991985154,0.358429125,0.4751579852939498,0.0001791250000000022,positive,"{'commission': np.float64(0.4751579852939498), 'slippage': np.float64(0.4749205250314399), 'impact': np.float64(0.0), 'funding': None, 'borrow': None, 'funding_status': 'not_modeled', 'borrow_status': 'not_modeled', 'modeled_total': np.float64(0.9500785103253897)}",VolatilityReversion,signal,False
qt_e732b999f993074bb84955c7,2024-12-19,2024-12-20,ADA-USDT,buy,848.0947684928342,0.8810403,0.3736028346306786,0.00044029999999994907,positive,"{'commission': np.float64(0.3736028346306786), 'slippage': np.float64(0.3734161265673517), 'impact': np.float64(0.0), 'funding': None, 'borrow': None, 'funding_status': 'not_modeled', 'borrow_status': 'not_modeled', 'modeled_total': np.float64(0.7470189611980302)}",VolatilityReversion,signal,False
qt_1e1c586c3b836569c2ff3138,2024-12-19,2024-12-20,DOGE-USDT,sell,2651.3357991985154,0.314152845,0.4164623421842812,0.0001571549999999644,negative,"{'commission': np.float64(0.4164623421842812), 'slippage': np.float64(0.4166706775229483), 'impact': np.float64(0.0), 'funding': None, 'borrow': None, 'funding_status': 'not_modeled', 'borrow_status': 'not_modeled', 'modeled_total': np.float64(0.8331330197072295)}",VolatilityReversion,hard_stop,False
qt_24c220dd1db23617ccf66745,2024-12-19,2024-12-20,DOT-USDT,buy,91.2457865087645,6.9454709999999995,0.3168724820344075,0.0034709999999993357,positive,"{'commission': np.float64(0.3168724820344075), 'slippage': np.float64(0.31671412497186097), 'impact': np.float64(0.0), 'funding': None, 'borrow': None, 'funding_status': 'not_modeled', 'borrow_status': 'not_modeled', 'modeled_total': np.float64(0.6335866070062685)}",VolatilityReversion,signal,False
qt_6f01bd50f68191641fe0cb6d,2024-12-20,2024-12-21,DOGE-USDT,buy,2402.3387882831144,0.31807895999999997,0.3820667116723766,0.00015895999999998578,positive,"{'commission': np.float64(0.3820667116723766), 'slippage': np.float64(0.3818757737854497), 'impact': np.float64(0.0), 'funding': None, 'borrow': None, 'funding_status': 'not_modeled', 'borrow_status': 'not_modeled', 'modeled_total': np.float64(0.7639424854578263)}",VolatilityReversion,signal,False
qt_8188ed2073fc484f701ed3e9,2024-12-21,2024-12-22,ETH-USDT,buy,0.4114739149019085,3340.5894599999997,0.6872827115931261,1.6694599999996171,positive,"{'commission': np.float64(0.6872827115931261), 'slippage': np.float64(0.6869392419719826), 'impact': np.float64(0.0), 'funding': None, 'borrow': None, 'funding_status': 'not_modeled', 'borrow_status': 'not_modeled', 'modeled_total': np.float64(1.3742219535651088)}",VolatilityReversion,signal,False
qt_2ea2b7df9df292c1f5f7bf3a,2024-12-21,2024-12-22,AVAX-USDT,buy,18.250082851463286,37.43871,0.34162977967595354,0.018709999999998672,positive,"{'commission': np.float64(0.34162977967595354), 'slippage': np.float64(0.34145905015085387), 'impact': np.float64(0.0), 'funding': None, 'borrow': None, 'funding_status': 'not_modeled', 'borrow_status': 'not_modeled', 'modeled_total': np.float64(0.6830888298268074)}",VolatilityReversion,signal,False
qt_becdcc06316ad5261bb777c3,2024-12-22,2024-12-23,SOL-USDT,buy,5.619805691466826,180.620265,0.5075253966206231,0.09026499999998805,positive,"{'commission': np.float64(0.5075253966206231), 'slippage': np.float64(0.5072717607401859), 'impact': np.float64(0.0), 'funding': None, 'borrow': None, 'funding_status': 'not_modeled', 'borrow_status': 'not_modeled', 'modeled_total': np.float64(1.014797157360809)}",VolatilityReversion,signal,False
qt_303473537df4fbb052904e20,2024-12-25,2024-12-26,SOL-USDT,sell,5.619805691466826,197.351275,0.5545379092316174,0.09872500000000173,negative,"{'commission': np.float64(0.5545379092316174), 'slippage': np.float64(0.5548153168900721), 'impact': np.float64(0.0), 'funding': None, 'borrow': None, 'funding_status': 'not_modeled', 'borrow_status': 'not_modeled', 'modeled_total': np.float64(1.1093532261216894)}",Router,StateSwitch,False
qt_67e4b76e38915d562b3c66f9,2024-12-29,2024-12-30,AVAX-USDT,sell,18.250082851463286,35.832075,0.3269691687449232,0.017924999999998192,negative,"{'commission': np.float64(0.3269691687449232), 'slippage': np.float64(0.3271327351124464), 'impact': np.float64(0.0), 'funding': None, 'borrow': None, 'funding_status': 'not_modeled', 'borrow_status': 'not_modeled', 'modeled_total': np.float64(0.6541019038573697)}",Router,StateSwitch,False
qt_772ff4eeb455e1a8d8d2ec70,2024-12-31,2025-01-01,DOGE-USDT,sell,2402.3387882831144,0.315842,0.3793797437844577,0.00015799999999999148,negative,"{'commission': np.float64(0.3793797437844577), 'slippage': np.float64(0.3795695285487116), 'impact': np.float64(0.0), 'funding': None, 'borrow': None, 'funding_status': 'not_modeled', 'borrow_status': 'not_modeled', 'modeled_total': np.float64(0.7589492723331693)}",Router,StateSwitch,False
qt_0823e3776305ffe0f002ec98,2025-01-02,2025-01-03,ETH-USDT,sell,0.4114739149019085,3453.95216,0.7106056085795515,1.7278400000000147,negative,"{'commission': np.float64(0.7106056085795515), 'slippage': np.float64(0.7109610891241196), 'impact': np.float64(0.0), 'funding': None, 'borrow': None, 'funding_status': 'not_modeled', 'borrow_status': 'not_modeled', 'modeled_total': np.float64(1.4215666977036712)}",Router,StateSwitch,False
qt_2c148683155a1e26c9a03e44,2025-01-02,2025-01-03,ADA-USDT,sell,848.0947684928342,0.9607194000000001,0.4073905485647873,0.0004805999999999422,negative,"{'commission': np.float64(0.4073905485647873), 'slippage': np.float64(0.40759434573760706), 'impact': np.float64(0.0), 'funding': None, 'borrow': None, 'funding_status': 'not_modeled', 'borrow_status': 'not_modeled', 'modeled_total': np.float64(0.8149848943023943)}",Router,StateSwitch,False
qt_7afdcfcca128872b2f693269,2025-01-03,2025-01-04,DOT-USDT,sell,91.2457865087645,7.7491235000000005,0.35353743425552503,0.0038764999999996164,negative,"{'commission': np.float64(0.35353743425552503), 'slippage': np.float64(0.35371429140119054), 'impact': np.float64(0.0), 'funding': None, 'borrow': None, 'funding_status': 'not_modeled', 'borrow_status': 'not_modeled', 'modeled_total': np.float64(0.7072517256567156)}",VolatilityReversion,Volatility mean reversion complete,False
qt_734e73c5673d0f6d19153c9d,2025-02-23,2025-02-24,ETH-USDT,short,0.6622827618163238,2818.29015,0.9332524920708708,1.4098500000000058,negative,"{'commission': np.float64(0.9332524920708708), 'slippage': np.float64(0.933719351746748), 'impact': np.float64(0.0), 'funding': None, 'borrow': None, 'funding_status': 'not_modeled', 'borrow_status': 'not_modeled', 'modeled_total': np.float64(1.8669718438176188)}",VolatilityReversion,signal,False
qt_7626904d681dcecede629ddb,2025-02-24,2025-02-25,ETH-USDT,cover,0.6622827618163238,2514.7767599999997,0.8327466489821532,1.2567599999997583,positive,"{'commission': np.float64(0.8327466489821532), 'slippage': np.float64(0.8323304837401231), 'impact': np.float64(0.0), 'funding': None, 'borrow': None, 'funding_status': 'not_modeled', 'borrow_status': 'not_modeled', 'modeled_total': np.float64(1.6650771327222764)}",Router,StateSwitch,False
qt_1abb0cc260a308bb44c1597d,2025-05-08,2025-05-09,BNB-USDT,short,3.7011066971191617,628.855415,1.1637304939880748,0.3145849999999655,negative,"{'commission': np.float64(1.1637304939880748), 'slippage': np.float64(1.1643126503131038), 'impact': np.float64(0.0), 'funding': None, 'borrow': None, 'funding_status': 'not_modeled', 'borrow_status': 'not_modeled', 'modeled_total': np.float64(2.3280431443011786)}",RangeMeanReversion,signal,False
qt_6360893bec91fe6b86c6645a,2025-05-09,2025-05-10,BNB-USDT,cover,3.7011066971191617,666.6231449999999,1.233621693207069,0.33314499999994496,positive,"{'commission': np.float64(1.233621693207069), 'slippage': np.float64(1.2330051906115593), 'impact': np.float64(0.0), 'funding': None, 'borrow': None, 'funding_status': 'not_modeled', 'borrow_status': 'not_modeled', 'modeled_total': np.float64(2.4666268838186283)}",RangeMeanReversion,hard_stop,False
qt_241b7c19860ed6221056da66,2025-05-10,2025-05-11,BNB-USDT,short,3.4432465363481883,663.56805,1.1424141948969107,0.3319500000000062,negative,"{'commission': np.float64(1.1424141948969107), 'slippage': np.float64(1.1429856877408024), 'impact': np.float64(0.0), 'funding': None, 'borrow': None, 'funding_status': 'not_modeled', 'borrow_status': 'not_modeled', 'modeled_total': np.float64(2.285399882637713)}",RangeMeanReversion,signal,False
qt_1c55f674e140dff27531d2ef,2025-05-12,2025-05-13,BNB-USDT,cover,3.4432465363481883,660.41004,1.1369772913997842,0.33003999999993994,positive,"{'commission': np.float64(1.1369772913997842), 'slippage': np.float64(1.1364090868561492), 'impact': np.float64(0.0), 'funding': None, 'borrow': None, 'funding_status': 'not_modeled', 'borrow_status': 'not_modeled', 'modeled_total': np.float64(2.2733863782559336)}",RangeMeanReversion,hard_stop,False
qt_4be29aad9509a6207a6411bb,2025-05-30,2025-05-31,DOGE-USDT,buy,5496.2347404923785,0.19367679,0.5322465508125235,9.67899999999855e-05,positive,"{'commission': np.float64(0.5322465508125235), 'slippage': np.float64(0.5319805605321776), 'impact': np.float64(0.0), 'funding': None, 'borrow': None, 'funding_status': 'not_modeled', 'borrow_status': 'not_modeled', 'modeled_total': np.float64(1.064227111344701)}",VolatilityReversion,signal,False
qt_4bbc730e66c5b5dbe9f728c7,2025-05-31,2025-06-01,SOL-USDT,buy,10.120073441594352,156.528225,0.7920385663412025,0.07822500000000332,positive,"{'commission': np.float64(0.7920385663412025), 'slippage': np.float64(0.7916427449687518), 'impact': np.float64(0.0), 'funding': None, 'borrow': None, 'funding_status': 'not_modeled', 'borrow_status': 'not_modeled', 'modeled_total': np.float64(1.5836813113099542)}",VolatilityReversion,signal,False
qt_f853212ad9252c69a83283db,2025-06-02,2025-06-03,DOGE-USDT,sell,5496.2347404923785,0.194972465,0.5358072177862172,9.753499999998194e-05,negative,"{'commission': np.float64(0.5358072177862172), 'slippage': np.float64(0.5360752554138248), 'impact': np.float64(0.0), 'funding': None, 'borrow': None, 'funding_status': 'not_modeled', 'borrow_status': 'not_modeled', 'modeled_total': np.float64(1.071882473200042)}",Router,StateSwitch,False
qt_4449b9920393b0738b4a5d23,2025-06-03,2025-06-04,SOL-USDT,sell,10.120073441594352,155.112405,0.7848744651511634,0.0775950000000023,negative,"{'commission': np.float64(0.7848744651511634), 'slippage': np.float64(0.785267098700537), 'impact': np.float64(0.0), 'funding': None, 'borrow': None, 'funding_status': 'not_modeled', 'borrow_status': 'not_modeled', 'modeled_total': np.float64(1.5701415638517005)}",Router,StateSwitch,False
qt_1a4093718624f25755c03aee,2025-06-05,2025-06-06,BTC-USDT,buy,0.022516243434201798,101559.444345,1.1433685859571445,50.75434499999392,positive,"{'commission': np.float64(1.1433685859571445), 'slippage': np.float64(1.1427971873633258), 'impact': np.float64(0.0), 'funding': None, 'borrow': None, 'funding_status': 'not_modeled', 'borrow_status': 'not_modeled', 'modeled_total': np.float64(2.2861657733204703)}",RangeMeanReversion,signal,False
qt_125b9dfcb379ca0eb2ae1369,2025-06-09,2025-06-10,BTC-USDT,sell,0.022516243434201798,110207.88849000001,1.2407338228051032,55.13150999999198,negative,"{'commission': np.float64(1.2407338228051032), 'slippage': np.float64(1.2413545000549502), 'impact': np.float64(0.0), 'funding': None, 'borrow': None, 'funding_status': 'not_modeled', 'borrow_status': 'not_modeled', 'modeled_total': np.float64(2.4820883228600534)}",RangeMeanReversion,Target hit (Mid Band),False
qt_9ea294ba589844e07750cde3,2025-06-21,2025-06-22,BTC-USDT,buy,0.022946512254483076,102171.08001,1.172234969751618,51.06001000000106,positive,"{'commission': np.float64(1.172234969751618), 'slippage': np.float64(1.1716491451790527), 'impact': np.float64(0.0), 'funding': None, 'borrow': None, 'funding_status': 'not_modeled', 'borrow_status': 'not_modeled', 'modeled_total': np.float64(2.3438841149306704)}",RangeMeanReversion,signal,False
qt_4a3a1b5da536e5c1e02241ae,2025-06-21,2025-06-22,BNB-USDT,buy,3.7256118112039274,629.29449,1.172253492334776,0.31448999999997795,positive,"{'commission': np.float64(1.172253492334776), 'slippage': np.float64(1.171667658505441), 'impact': np.float64(0.0), 'funding': None, 'borrow': None, 'funding_status': 'not_modeled', 'borrow_status': 'not_modeled', 'modeled_total': np.float64(2.343921150840217)}",RangeMeanReversion,signal,False
qt_6c7968edbd7e4cd737dfbb4b,2025-06-22,2025-06-23,BTC-USDT,sell,0.022946512254483076,100913.388065,1.1578051479374645,50.48193499998888,negative,"{'commission': np.float64(1.1578051479374645), 'slippage': np.float64(1.1583843401072629), 'impact': np.float64(0.0), 'funding': None, 'borrow': None, 'funding_status': 'not_modeled', 'borrow_status': 'not_modeled', 'modeled_total': np.float64(2.3161894880447274)}",RangeMeanReversion,hard_stop,False
qt_f7a0777123bc4798f054d64c,2025-06-22,2025-06-23,BNB-USDT,sell,3.7256118112039274,615.5020949999999,1.1465609374763808,0.3079050000000052,negative,"{'commission': np.float64(1.1465609374763808), 'slippage': np.float64(1.1471345047287647), 'impact': np.float64(0.0), 'funding': None, 'borrow': None, 'funding_status': 'not_modeled', 'borrow_status': 'not_modeled', 'modeled_total': np.float64(2.2936954422051454)}",RangeMeanReversion,hard_stop,False
qt_aad6a65159b3a2aff4a20b17,2025-06-23,2025-06-24,BNB-USDT,buy,3.6188386681300617,640.82025,1.1595125500103867,0.32024999999998727,positive,"{'commission': np.float64(1.1595125500103867), 'slippage': np.float64(1.1589330834686062), 'impact': np.float64(0.0), 'funding': None, 'borrow': None, 'funding_status': 'not_modeled', 'borrow_status': 'not_modeled', 'modeled_total': np.float64(2.318445633478993)}",RangeMeanReversion,signal,False
qt_f377ab7acb0204ec8d0502cf,2025-06-28,2025-06-29,BNB-USDT,sell,3.6188386681300617,648.285695,1.1730206705307857,0.3243049999999812,negative,"{'commission': np.float64(1.1730206705307857), 'slippage': np.float64(1.1736074742678515), 'impact': np.float64(0.0), 'funding': None, 'borrow': None, 'funding_status': 'not_modeled', 'borrow_status': 'not_modeled', 'modeled_total': np.float64(2.346628144798637)}",RangeMeanReversion,Target hit (Mid Band),False
qt_6f382e260c19320a92ab9a2b,2025-07-02,2025-07-03,BTC-USDT,short,0.02136190753929546,108795.165205,1.1620361299157922,54.424794999998994,negative,"{'commission': np.float64(1.1620361299157922), 'slippage': np.float64(1.1626174386350883), 'impact': np.float64(0.0), 'funding': None, 'borrow': None, 'funding_status': 'not_modeled', 'borrow_status': 'not_modeled', 'modeled_total': np.float64(2.3246535685508807)}",RangeMeanReversion,signal,False
qt_664b5b329103c3f8b8d5bcc4,2025-07-02,2025-07-03,BNB-USDT,short,3.5246321730598216,659.3701500000001,1.1620186223226403,0.3298499999999649,negative,"{'commission': np.float64(1.1620186223226403), 'slippage': np.float64(1.1625999222836585), 'impact': np.float64(0.0), 'funding': None, 'borrow': None, 'funding_status': 'not_modeled', 'borrow_status': 'not_modeled', 'modeled_total': np.float64(2.324618544606299)}",RangeMeanReversion,signal,False
qt_45fba14a94cbfa9a83bd7d01,2025-07-09,2025-07-10,BTC-USDT,cover,0.02136190753929546,111289.617,1.188679254218802,55.61699999999837,positive,"{'commission': np.float64(1.188679254218802), 'slippage': np.float64(1.1880852116129608), 'impact': np.float64(0.0), 'funding': None, 'borrow': None, 'funding_status': 'not_modeled', 'borrow_status': 'not_modeled', 'modeled_total': np.float64(2.376764465831763)}",RangeMeanReversion,hard_stop,False
qt_b9fda41357f31a6dc5b74ac7,2025-07-10,2025-07-11,BTC-USDT,short,0.019655622327892374,115952.004995,1.139554409171805,58.00500499999907,negative,"{'commission': np.float64(1.139554409171805), 'slippage': np.float64(1.1401244714074905), 'impact': np.float64(0.0), 'funding': None, 'borrow': None, 'funding_status': 'not_modeled', 'borrow_status': 'not_modeled', 'modeled_total': np.float64(2.2796788805792954)}",RangeMeanReversion,signal,False
qt_c28719ac59f0cc713c986b9c,2025-07-10,2025-07-11,BNB-USDT,cover,3.5246321730598216,686.1428999999999,1.2092006703282838,0.342899999999986,positive,"{'commission': np.float64(1.2092006703282838), 'slippage': np.float64(1.2085963721421635), 'impact': np.float64(0.0), 'funding': None, 'borrow': None, 'funding_status': 'not_modeled', 'borrow_status': 'not_modeled', 'modeled_total': np.float64(2.4177970424704474)}",RangeMeanReversion,hard_stop,False
qt_0c250a6d591b4700bdb052ff,2025-07-11,2025-07-12,BTC-USDT,cover,0.019655622327892374,117586.42383,1.155617168844982,58.76382999999623,positive,"{'commission': np.float64(1.155617168844982), 'slippage': np.float64(1.1550396490203976), 'impact': np.float64(0.0), 'funding': None, 'borrow': None, 'funding_status': 'not_modeled', 'borrow_status': 'not_modeled', 'modeled_total': np.float64(2.3106568178653797)}",RangeMeanReversion,hard_stop,False
qt_6f07abb65101738fcd9ca37e,2025-07-11,2025-07-12,BNB-USDT,short,3.2897439048746495,689.6350100000001,1.1343612853678342,0.34498999999993885,negative,"{'commission': np.float64(1.1343612853678342), 'slippage': np.float64(1.1349287497425042), 'impact': np.float64(0.0), 'funding': None, 'borrow': None, 'funding_status': 'not_modeled', 'borrow_status': 'not_modeled', 'modeled_total': np.float64(2.2692900351103384)}",RangeMeanReversion,signal,False
qt_928b6c4f41c4cb841274104c,2025-07-14,2025-07-15,BNB-USDT,cover,3.2897439048746495,689.474565,1.1340973738874252,0.3445649999999887,positive,"{'commission': np.float64(1.1340973738874252), 'slippage': np.float64(1.1335306085830963), 'impact': np.float64(0.0), 'funding': None, 'borrow': None, 'funding_status': 'not_modeled', 'borrow_status': 'not_modeled', 'modeled_total': np.float64(2.2676279824705214)}",RangeMeanReversion,hard_stop,False
qt_096d77f4854143df2476f95e,2025-07-16,2025-07-17,BNB-USDT,short,3.2015848057052305,708.2556950000001,1.133770335833099,0.3543049999999539,negative,"{'commission': np.float64(1.133770335833099), 'slippage': np.float64(1.1343375045852442), 'impact': np.float64(0.0), 'funding': None, 'borrow': None, 'funding_status': 'not_modeled', 'borrow_status': 'not_modeled', 'modeled_total': np.float64(2.2681078404183435)}",RangeMeanReversion,signal,False
qt_08e7e6a8ec16ec2b7daceea9,2025-07-17,2025-07-18,BNB-USDT,cover,3.2015848057052305,721.00032,1.1541718347103045,0.36032000000000153,positive,"{'commission': np.float64(1.1541718347103045), 'slippage': np.float64(1.1535950371917136), 'impact': np.float64(0.0), 'funding': None, 'borrow': None, 'funding_status': 'not_modeled', 'borrow_status': 'not_modeled', 'modeled_total': np.float64(2.307766871902018)}",RangeMeanReversion,hard_stop,False
qt_45fbed8343f43e840d05fe83,2025-07-17,2025-07-18,ADA-USDT,short,2277.928404082657,0.8211892000000001,0.935305101902957,0.00041079999999993344,negative,"{'commission': np.float64(0.935305101902957), 'slippage': np.float64(0.9357729883970038), 'impact': np.float64(0.0), 'funding': None, 'borrow': None, 'funding_status': 'not_modeled', 'borrow_status': 'not_modeled', 'modeled_total': np.float64(1.8710780902999609)}",VolatilityReversion,signal,False
qt_fe541c0ed3b169ebd7d67ed6,2025-07-18,2025-07-19,ADA-USDT,cover,2277.928404082657,0.8163079499999999,0.9297455328917426,0.00040794999999993475,positive,"{'commission': np.float64(0.9297455328917426), 'slippage': np.float64(0.9292808924453713), 'impact': np.float64(0.0), 'funding': None, 'borrow': None, 'funding_status': 'not_modeled', 'borrow_status': 'not_modeled', 'modeled_total': np.float64(1.8590264253371138)}",VolatilityReversion,hard_stop,False
qt_92d5f74b800c9e5e006a5e47,2025-07-18,2025-07-19,DOGE-USDT,short,7182.421884292434,0.23568210000000003,0.846384136387999,0.00011789999999997636,negative,"{'commission': np.float64(0.846384136387999), 'slippage': np.float64(0.8468075401579082), 'impact': np.float64(0.0), 'funding': None, 'borrow': None, 'funding_status': 'not_modeled', 'borrow_status': 'not_modeled', 'modeled_total': np.float64(1.6931916765459072)}",VolatilityReversion,signal,False
qt_529028a9b9bcde7ae3325c22,2025-07-19,2025-07-20,DOGE-USDT,cover,7182.421884292434,0.24154071,0.8674236407257662,0.0001207099999999961,positive,"{'commission': np.float64(0.8674236407257662), 'slippage': np.float64(0.8669901456529117), 'impact': np.float64(0.0), 'funding': None, 'borrow': None, 'funding_status': 'not_modeled', 'borrow_status': 'not_modeled', 'modeled_total': np.float64(1.7344137863786777)}",Router,StateSwitch,False
qt_f3edcd0c1de139fc9a1d1a56,2025-08-11,2025-08-12,BTC-USDT,short,0.01891871078726287,118626.657,1.1221317077214163,59.34299999999348,negative,"{'commission': np.float64(1.1221317077214163), 'slippage': np.float64(1.1226930542484173), 'impact': np.float64(0.0), 'funding': None, 'borrow': None, 'funding_status': 'not_modeled', 'borrow_status': 'not_modeled', 'modeled_total': np.float64(2.2448247619698334)}",RangeMeanReversion,signal,False
qt_463627bba0e9ddc09db51e3e,2025-08-13,2025-08-14,BTC-USDT,cover,0.01891871078726287,123368.09322,1.1669826380026327,61.65321999999287,positive,"{'commission': np.float64(1.1669826380026327), 'slippage': np.float64(1.166399438283356), 'impact': np.float64(0.0), 'funding': None, 'borrow': None, 'funding_status': 'not_modeled', 'borrow_status': 'not_modeled', 'modeled_total': np.float64(2.3333820762859885)}",RangeMeanReversion,hard_stop,False
qt_d1e188d931271308ca222783,2025-08-14,2025-08-15,BTC-USDT,short,0.01874793633490817,118235.942455,1.108339960822103,59.14754499999981,negative,"{'commission': np.float64(1.108339960822103), 'slippage': np.float64(1.1088944080261125), 'impact': np.float64(0.0), 'funding': None, 'borrow': None, 'funding_status': 'not_modeled', 'borrow_status': 'not_modeled', 'modeled_total': np.float64(2.2172343688482155)}",RangeMeanReversion,signal,False
qt_fb3dce719a737a3b9811ad19,2025-08-18,2025-08-19,BTC-USDT,cover,0.01874793633490817,116285.163525,1.0900534212305428,58.11352499999339,positive,"{'commission': np.float64(1.0900534212305428), 'slippage': np.float64(1.0895086668969705), 'impact': np.float64(0.0), 'funding': None, 'borrow': None, 'funding_status': 'not_modeled', 'borrow_status': 'not_modeled', 'modeled_total': np.float64(2.179562088127513)}",RangeMeanReversion,Target hit (Mid Band),False
qt_a395400d3d14d332e4b1eef8,2025-08-24,2025-08-25,BTC-USDT,buy,0.01963195649888456,113550.336795,1.1146076361965653,56.74679499999911,positive,"{'commission': np.float64(1.1146076361965653), 'slippage': np.float64(1.1140506108911024), 'impact': np.float64(0.0), 'funding': None, 'borrow': None, 'funding_status': 'not_modeled', 'borrow_status': 'not_modeled', 'modeled_total': np.float64(2.228658247087668)}",RangeMeanReversion,signal,False
qt_fa8d5457a56a4d4e70b060fb,2025-08-25,2025-08-26,BTC-USDT,sell,0.01963195649888456,110056.92401,1.0803163722826818,55.05598999999347,negative,"{'commission': np.float64(1.0803163722826818), 'slippage': np.float64(1.0808568006828951), 'impact': np.float64(0.0), 'funding': None, 'borrow': None, 'funding_status': 'not_modeled', 'borrow_status': 'not_modeled', 'modeled_total': np.float64(2.1611731729655768)}",RangeMeanReversion,hard_stop,False
qt_7379b3a808e58ad702e71a29,2025-08-26,2025-08-27,BTC-USDT,buy,0.019745923446484445,111819.10161,1.1039857101228627,55.881609999996726,positive,"{'commission': np.float64(1.1039857101228627), 'slippage': np.float64(1.103433993126235), 'impact': np.float64(0.0), 'funding': None, 'borrow': None, 'funding_status': 'not_modeled', 'borrow_status': 'not_modeled', 'modeled_total': np.float64(2.207419703249098)}",RangeMeanReversion,signal,False
qt_990a81a2634cab69219018d3,2025-08-29,2025-08-30,BTC-USDT,sell,0.019745923446484445,108323.2113,1.0694709189035794,54.18869999999879,negative,"{'commission': np.float64(1.0694709189035794), 'slippage': np.float64(1.0700059218644877), 'impact': np.float64(0.0), 'funding': None, 'borrow': None, 'funding_status': 'not_modeled', 'borrow_status': 'not_modeled', 'modeled_total': np.float64(2.139476840768067)}",RangeMeanReversion,hard_stop,False
qt_3a7468a33e3498f78f370898,2025-09-12,2025-09-13,BTC-USDT,short,0.018835801080050923,115971.39529500001,1.0922070663762868,58.01470499999414,negative,"{'commission': np.float64(1.0922070663762868), 'slippage': np.float64(1.0927534430977253), 'impact': np.float64(0.0), 'funding': None, 'borrow': None, 'funding_status': 'not_modeled', 'borrow_status': 'not_modeled', 'modeled_total': np.float64(2.184960509474012)}",RangeMeanReversion,signal,False
qt_010be38e8e5c8a665915fc39,2025-09-22,2025-09-23,BTC-USDT,cover,0.018835801080050923,112707.315495,1.0614662874651806,56.32549499999732,positive,"{'commission': np.float64(1.0614662874651806), 'slippage': np.float64(1.0609358195553524), 'impact': np.float64(0.0), 'funding': None, 'borrow': None, 'funding_status': 'not_modeled', 'borrow_status': 'not_modeled', 'modeled_total': np.float64(2.122402107020533)}",RangeMeanReversion,Target hit (Mid Band),False
qt_79fbf70bddce93a44ba64197,2025-09-25,2025-09-26,BTC-USDT,buy,0.020214833244106147,109048.987245,1.1022035462981665,54.49724499999138,positive,"{'commission': np.float64(1.1022035462981665), 'slippage': np.float64(1.1016527199380233), 'impact': np.float64(0.0), 'funding': None, 'borrow': None, 'funding_status': 'not_modeled', 'borrow_status': 'not_modeled', 'modeled_total': np.float64(2.2038562662361896)}",RangeMeanReversion,signal,False
qt_217f0291b4d28d314f0be14a,2025-09-25,2025-09-26,SOL-USDT,buy,8.732749481843621,192.82636499999998,0.8419521695197695,0.0963649999999916,positive,"{'commission': np.float64(0.8419521695197695), 'slippage': np.float64(0.8415314038177871), 'impact': np.float64(0.0), 'funding': None, 'borrow': None, 'funding_status': 'not_modeled', 'borrow_status': 'not_modeled', 'modeled_total': np.float64(1.6834835733375566)}",VolatilityReversion,signal,False
qt_24e86caa6bd12d3b8cf4a957,2025-09-29,2025-09-30,BTC-USDT,sell,0.020214833244106147,114254.81401500001,1.1548210063247937,57.155984999990324,negative,"{'commission': np.float64(1.1548210063247937), 'slippage': np.float64(1.1553987056774366), 'impact': np.float64(0.0), 'funding': None, 'borrow': None, 'funding_status': 'not_modeled', 'borrow_status': 'not_modeled', 'modeled_total': np.float64(2.3102197120022305)}",RangeMeanReversion,Target hit (Mid Band),False
qt_ac62891a8971f172e1934a4b,2025-10-01,2025-10-02,SOL-USDT,sell,8.732749481843621,221.92898,0.9690250925505417,0.11101999999999634,negative,"{'commission': np.float64(0.9690250925505417), 'slippage': np.float64(0.9695098474742468), 'impact': np.float64(0.0), 'funding': None, 'borrow': None, 'funding_status': 'not_modeled', 'borrow_status': 'not_modeled', 'modeled_total': np.float64(1.9385349400247884)}",Router,StateSwitch,False
qt_f4a3ba1fec49bbd1984155e6,2025-10-02,2025-10-03,BTC-USDT,short,0.019164620642688552,120469.08532500001,1.154372159712652,60.26467499999853,negative,"{'commission': np.float64(1.154372159712652), 'slippage': np.float64(1.1549496345298886), 'impact': np.float64(0.0), 'funding': None, 'borrow': None, 'funding_status': 'not_modeled', 'borrow_status': 'not_modeled', 'modeled_total': np.float64(2.309321794242541)}",RangeMeanReversion,signal,False
qt_586ea370a8c96f24a3da8c0a,2025-10-03,2025-10-04,BTC-USDT,cover,0.019164620642688552,122293.326105,1.1718526009674628,61.116104999993695,positive,"{'commission': np.float64(1.1718526009674628), 'slippage': np.float64(1.1712669674836003), 'impact': np.float64(0.0), 'funding': None, 'borrow': None, 'funding_status': 'not_modeled', 'borrow_status': 'not_modeled', 'modeled_total': np.float64(2.343119568451063)}",RangeMeanReversion,hard_stop,False
qt_7b20f3f79c3d13249195371c,2025-12-09,2025-12-10,ETH-USDT,short,0.5874879078580928,3316.3809800000004,0.9741668618002858,1.6590199999996003,negative,"{'commission': np.float64(0.9741668618002858), 'slippage': np.float64(0.9746541888944983), 'impact': np.float64(0.0), 'funding': None, 'borrow': None, 'funding_status': 'not_modeled', 'borrow_status': 'not_modeled', 'modeled_total': np.float64(1.948821050694784)}",VolatilityReversion,signal,False
qt_3a1075ee52dd3526e11ddd19,2025-12-14,2025-12-15,ETH-USDT,cover,0.5874879078580928,3065.0217449999996,0.9003316062548052,1.5317449999997734,positive,"{'commission': np.float64(0.9003316062548052), 'slippage': np.float64(0.8998816654219612), 'impact': np.float64(0.0), 'funding': None, 'borrow': None, 'funding_status': 'not_modeled', 'borrow_status': 'not_modeled', 'modeled_total': np.float64(1.8002132716767665)}",Router,StateSwitch,False
qt_fc8eceb84342ea17c68fceff,2026-01-02,2026-01-03,BTC-USDT,short,0.02602865222410437,89950.14243,1.1706404874095622,44.997569999992265,negative,"{'commission': np.float64(1.1706404874095622), 'slippage': np.float64(1.1712261004595907), 'impact': np.float64(0.0), 'funding': None, 'borrow': None, 'funding_status': 'not_modeled', 'borrow_status': 'not_modeled', 'modeled_total': np.float64(2.341866587869153)}",RangeMeanReversion,signal,False
qt_731411f8c8c4e56c0ef81e07,2026-01-05,2026-01-06,BTC-USDT,cover,0.02602865222410437,93906.639855,1.222131635160007,46.92985499999486,positive,"{'commission': np.float64(1.222131635160007), 'slippage': np.float64(1.2215208747225117), 'impact': np.float64(0.0), 'funding': None, 'borrow': None, 'funding_status': 'not_modeled', 'borrow_status': 'not_modeled', 'modeled_total': np.float64(2.4436525098825186)}",RangeMeanReversion,hard_stop,False
qt_893b65ede0e98813c8396512,2026-01-05,2026-01-06,BNB-USDT,short,2.539324533543373,909.854845,1.1552083649359015,0.45515499999999065,negative,"{'commission': np.float64(1.1552083649359015), 'slippage': np.float64(1.1557862580649103), 'impact': np.float64(0.0), 'funding': None, 'borrow': None, 'funding_status': 'not_modeled', 'borrow_status': 'not_modeled', 'modeled_total': np.float64(2.310994623000812)}",RangeMeanReversion,signal,False
qt_7721c21660daf5f69bf9bc7f,2026-01-05,2026-01-06,ADA-USDT,short,4464.865553028036,0.42088945,0.9396074034689579,0.00021054999999997603,negative,"{'commission': np.float64(0.9396074034689579), 'slippage': np.float64(0.9400774421899459), 'impact': np.float64(0.0), 'funding': None, 'borrow': None, 'funding_status': 'not_modeled', 'borrow_status': 'not_modeled', 'modeled_total': np.float64(1.879684845658904)}",VolatilityReversion,signal,False
qt_b30e031ebe9963b3a1725202,2026-01-05,2026-01-06,DOGE-USDT,short,14019.72657958176,0.15163414500000003,1.0629346265143274,7.58549999999858e-05,negative,"{'commission': np.float64(1.0629346265143274), 'slippage': np.float64(1.0634663596939753), 'impact': np.float64(0.0), 'funding': None, 'borrow': None, 'funding_status': 'not_modeled', 'borrow_status': 'not_modeled', 'modeled_total': np.float64(2.126400986208303)}",VolatilityReversion,signal,False
qt_b64a0156ce241003c0740f1e,2026-01-05,2026-01-06,DOT-USDT,short,879.2174272586659,2.2058965,0.969731322764448,0.001103499999999702,negative,"{'commission': np.float64(0.969731322764448), 'slippage': np.float64(0.9702164309796758), 'impact': np.float64(0.0), 'funding': None, 'borrow': None, 'funding_status': 'not_modeled', 'borrow_status': 'not_modeled', 'modeled_total': np.float64(1.9399477537441236)}",VolatilityReversion,signal,False
qt_499d5b1eb7d273c50fe17a8c,2026-01-06,2026-01-07,BTC-USDT,short,0.024561052971780066,93701.096015,1.1506987913691327,46.873984999998356,negative,"{'commission': np.float64(1.1506987913691327), 'slippage': np.float64(1.1512744285833838), 'impact': np.float64(0.0), 'funding': None, 'borrow': None, 'funding_status': 'not_modeled', 'borrow_status': 'not_modeled', 'modeled_total': np.float64(2.3019732199525165)}",RangeMeanReversion,signal,False
qt_5739a005ad1cd247623259e4,2026-01-09,2026-01-10,ADA-USDT,cover,4464.865553028036,0.3915957,0.8742110758219503,0.00019569999999996535,positive,"{'commission': np.float64(0.8742110758219503), 'slippage': np.float64(0.8737741887274318), 'impact': np.float64(0.0), 'funding': None, 'borrow': None, 'funding_status': 'not_modeled', 'borrow_status': 'not_modeled', 'modeled_total': np.float64(1.7479852645493823)}",Router,StateSwitch,False
qt_ec621f7e7456fe9007abbb4a,2026-01-11,2026-01-12,DOGE-USDT,cover,14019.72657958176,0.13807900499999998,0.9679149482403513,6.900499999998311e-05,positive,"{'commission': np.float64(0.9679149482403513), 'slippage': np.float64(0.9674312326238025), 'impact': np.float64(0.0), 'funding': None, 'borrow': None, 'funding_status': 'not_modeled', 'borrow_status': 'not_modeled', 'modeled_total': np.float64(1.9353461808641539)}",Router,StateSwitch,False
qt_b086bec30a41ac1f99e20684,2026-01-12,2026-01-13,BTC-USDT,cover,0.024561052971780066,91341.84809999999,1.121725984862194,45.648099999991246,positive,"{'commission': np.float64(1.121725984862194), 'slippage': np.float64(1.1211654021608985), 'impact': np.float64(0.0), 'funding': None, 'borrow': None, 'funding_status': 'not_modeled', 'borrow_status': 'not_modeled', 'modeled_total': np.float64(2.242891387023093)}",Router,StateSwitch,False
qt_32162df3147e01776459b782,2026-01-13,2026-01-14,BNB-USDT,cover,2.539324533543373,944.201865,1.1988174802059541,0.4718649999999798,positive,"{'commission': np.float64(1.1988174802059541), 'slippage': np.float64(1.1982183710203924), 'impact': np.float64(0.0), 'funding': None, 'borrow': None, 'funding_status': 'not_modeled', 'borrow_status': 'not_modeled', 'modeled_total': np.float64(2.3970358512263465)}",RangeMeanReversion,hard_stop,False
qt_62b80c043523e8261681fa86,2026-01-14,2026-01-15,BNB-USDT,short,2.5200294994347776,948.0057600000001,1.1945012404170432,0.4742399999998952,negative,"{'commission': np.float64(1.1945012404170432), 'slippage': np.float64(1.1950987898116847), 'impact': np.float64(0.0), 'funding': None, 'borrow': None, 'funding_status': 'not_modeled', 'borrow_status': 'not_modeled', 'modeled_total': np.float64(2.3896000302287277)}",RangeMeanReversion,signal,False
qt_337d6a226a548804ce6b6fdf,2026-01-15,2026-01-16,BNB-USDT,cover,2.5200294994347776,931.675605,1.1739250042518719,0.4656049999999823,positive,"{'commission': np.float64(1.1739250042518719), 'slippage': np.float64(1.173338335084285), 'impact': np.float64(0.0), 'funding': None, 'borrow': None, 'funding_status': 'not_modeled', 'borrow_status': 'not_modeled', 'modeled_total': np.float64(2.347263339336157)}",Router,StateSwitch,False
qt_c047d0e6903500a6af7c798c,2026-01-17,2026-01-18,DOT-USDT,cover,879.2174272586659,2.179089,0.9579465121738294,0.0010889999999998956,positive,"{'commission': np.float64(0.9579465121738294), 'slippage': np.float64(0.9574677782845954), 'impact': np.float64(0.0), 'funding': None, 'borrow': None, 'funding_status': 'not_modeled', 'borrow_status': 'not_modeled', 'modeled_total': np.float64(1.9154142904584248)}",Router,StateSwitch,False
qt_ee1f2dbcaa70a130ee87706e,2026-01-25,2026-01-26,SOL-USDT,buy,17.565970453159895,118.90942499999998,1.044379723076116,0.05942499999999029,positive,"{'commission': np.float64(1.044379723076116), 'slippage': np.float64(1.0438577941788563), 'impact': np.float64(0.0), 'funding': None, 'borrow': None, 'funding_status': 'not_modeled', 'borrow_status': 'not_modeled', 'modeled_total': np.float64(2.0882375172549725)}",VolatilityReversion,signal,False
qt_18449549c6c1eb192ba3cbd4,2026-01-31,2026-02-01,SOL-USDT,sell,17.565970453159895,105.52721000000001,0.9268439264321998,0.05278999999998746,negative,"{'commission': np.float64(0.9268439264321998), 'slippage': np.float64(0.9273075802220906), 'impact': np.float64(0.0), 'funding': None, 'borrow': None, 'funding_status': 'not_modeled', 'borrow_status': 'not_modeled', 'modeled_total': np.float64(1.8541515066542904)}",Router,StateSwitch,False
qt_a173f97473405a473dbf8b60,2026-03-04,2026-03-05,BNB-USDT,short,3.5605113372333657,657.671,1.1708225258348026,0.3289999999999509,negative,"{'commission': np.float64(1.1708225258348026), 'slippage': np.float64(1.1714082299496025), 'impact': np.float64(0.0), 'funding': None, 'borrow': None, 'funding_status': 'not_modeled', 'borrow_status': 'not_modeled', 'modeled_total': np.float64(2.342230755784405)}",VolatilityReversion,signal,False
qt_2525ce10064185de5838344b,2026-03-04,2026-03-05,SOL-USDT,short,17.29340535628238,90.81457,0.7852465856332407,0.045429999999996085,negative,"{'commission': np.float64(0.7852465856332407), 'slippage': np.float64(0.7856394053358409), 'impact': np.float64(0.0), 'funding': None, 'borrow': None, 'funding_status': 'not_modeled', 'borrow_status': 'not_modeled', 'modeled_total': np.float64(1.5708859909690815)}",VolatilityReversion,signal,False
qt_ad251d9882faaadcefd0a802,2026-03-07,2026-03-08,BNB-USDT,cover,3.5605113372333657,620.5801349999999,1.1047913031646563,0.31013499999994565,positive,"{'commission': np.float64(1.1047913031646563), 'slippage': np.float64(1.1042391835726764), 'impact': np.float64(0.0), 'funding': None, 'borrow': None, 'funding_status': 'not_modeled', 'borrow_status': 'not_modeled', 'modeled_total': np.float64(2.2090304867373325)}",Router,StateSwitch,False
qt_dab940abab05f300011c9100,2026-03-07,2026-03-08,SOL-USDT,cover,17.29340535628238,83.26160999999999,0.7199383861733473,0.04160999999999149,positive,"{'commission': np.float64(0.7199383861733473), 'slippage': np.float64(0.7195785968747627), 'impact': np.float64(0.0), 'funding': None, 'borrow': None, 'funding_status': 'not_modeled', 'borrow_status': 'not_modeled', 'modeled_total': np.float64(1.4395169830481098)}",Router,StateSwitch,False
qt_eb6f652c1c1720579c9276bf,2026-03-16,2026-03-17,BTC-USDT,short,0.03232237343566173,74847.227665,1.2096200216060609,37.44233499999973,negative,"{'commission': np.float64(1.2096200216060609), 'slippage': np.float64(1.2102251341731387), 'impact': np.float64(0.0), 'funding': None, 'borrow': None, 'funding_status': 'not_modeled', 'borrow_status': 'not_modeled', 'modeled_total': np.float64(2.4198451557792)}",VolatilityReversion,signal,False
qt_b5525c9954e77a00051fa389,2026-03-16,2026-03-17,BNB-USDT,short,3.5610043523654125,679.3601500000001,1.20960222548681,0.3398499999999558,negative,"{'commission': np.float64(1.20960222548681), 'slippage': np.float64(1.210207329151228), 'impact': np.float64(0.0), 'funding': None, 'borrow': None, 'funding_status': 'not_modeled', 'borrow_status': 'not_modeled', 'modeled_total': np.float64(2.419809554638038)}",VolatilityReversion,signal,False
qt_11f19ae271dbee35460a9913,2026-03-18,2026-03-19,BNB-USDT,cover,3.5610043523654125,652.60614,1.1619666524601957,0.3261400000000094,positive,"{'commission': np.float64(1.1619666524601957), 'slippage': np.float64(1.1613859594804892), 'impact': np.float64(0.0), 'funding': None, 'borrow': None, 'funding_status': 'not_modeled', 'borrow_status': 'not_modeled', 'modeled_total': np.float64(2.3233526119406847)}",Router,StateSwitch,False
qt_881900c43c0de4dd01f9a1d5,2026-03-19,2026-03-20,BTC-USDT,cover,0.03232237343566173,69964.97500499999,1.1307170247641742,34.965004999990924,positive,"{'commission': np.float64(1.1307170247641742), 'slippage': np.float64(1.1301519487894862), 'impact': np.float64(0.0), 'funding': None, 'borrow': None, 'funding_status': 'not_modeled', 'borrow_status': 'not_modeled', 'modeled_total': np.float64(2.2608689735536602)}",Router,StateSwitch,False
qt_7a81a29a93210717ddbc8575,2026-04-22,2026-04-23,BNB-USDT,short,3.9138466726521863,637.1512650000001,1.246856179248191,0.3187349999999469,negative,"{'commission': np.float64(1.246856179248191), 'slippage': np.float64(1.247479919207587), 'impact': np.float64(0.0), 'funding': None, 'borrow': None, 'funding_status': 'not_modeled', 'borrow_status': 'not_modeled', 'modeled_total': np.float64(2.494336098455778)}",RangeMeanReversion,signal,False
qt_8346dbc1419db37bd1d962bc,2026-04-29,2026-04-30,BNB-USDT,cover,3.9138466726521863,617.6986949999999,1.2087889910636735,0.3086949999999433,positive,"{'commission': np.float64(1.2087889910636735), 'slippage': np.float64(1.2081848986141448), 'impact': np.float64(0.0), 'funding': None, 'borrow': None, 'funding_status': 'not_modeled', 'borrow_status': 'not_modeled', 'modeled_total': np.float64(2.416973889677818)}",RangeMeanReversion,Target hit (Mid Band),False
qt_55b5c7fb31d9e8c8a207bf63,2026-04-29,2026-04-30,LTC-USDT,short,45.51316973823719,55.29234,1.2582648278221609,0.027659999999997353,negative,"{'commission': np.float64(1.2582648278221609), 'slippage': np.float64(1.2588942749595202), 'impact': np.float64(0.0), 'funding': None, 'borrow': None, 'funding_status': 'not_modeled', 'borrow_status': 'not_modeled', 'modeled_total': np.float64(2.5171591027816813)}",RangeMeanReversion,signal,False
qt_dbe2b7f0b637b6eaf1ed9b97,2026-05-01,2026-05-02,LTC-USDT,cover,45.51316973823719,55.427699999999994,1.2613451591500446,0.02769999999999584,positive,"{'commission': np.float64(1.2613451591500446), 'slippage': np.float64(1.2607148017489807), 'impact': np.float64(0.0), 'funding': None, 'borrow': None, 'funding_status': 'not_modeled', 'borrow_status': 'not_modeled', 'modeled_total': np.float64(2.5220599608990253)}",RangeMeanReversion,Target hit (Mid Band),False
qt_424bb28d1768b79e404d3548,2026-05-06,2026-05-07,BNB-USDT,short,3.881896094054536,647.4161300000001,1.256601073137452,0.3238699999999426,negative,"{'commission': np.float64(1.256601073137452), 'slippage': np.float64(1.2572296879812197), 'impact': np.float64(0.0), 'funding': None, 'borrow': None, 'funding_status': 'not_modeled', 'borrow_status': 'not_modeled', 'modeled_total': np.float64(2.5138307611186717)}",RangeMeanReversion,signal,False
qt_8667dcde8adf83620a4b4079,2026-05-06,2026-05-07,LTC-USDT,short,44.32327473934224,56.71163000000001,1.2568225787029619,0.028369999999995343,negative,"{'commission': np.float64(1.2568225787029619), 'slippage': np.float64(1.257451304354933), 'impact': np.float64(0.0), 'funding': None, 'borrow': None, 'funding_status': 'not_modeled', 'borrow_status': 'not_modeled', 'modeled_total': np.float64(2.5142738830578946)}",RangeMeanReversion,signal,False
qt_d11b53af7151e305c0401efe,2026-05-08,2026-05-09,LTC-USDT,cover,44.32327473934224,58.34916,1.2931129247449191,0.02915999999999741,positive,"{'commission': np.float64(1.2931129247449191), 'slippage': np.float64(1.292466691399105), 'impact': np.float64(0.0), 'funding': None, 'borrow': None, 'funding_status': 'not_modeled', 'borrow_status': 'not_modeled', 'modeled_total': np.float64(2.585579616144024)}",RangeMeanReversion,hard_stop,False
qt_27160c01cfcb964099eea9ae,2026-05-09,2026-05-10,LTC-USDT,short,42.91078026102173,57.96100500000001,1.243575974631491,0.028994999999994775,negative,"{'commission': np.float64(1.243575974631491), 'slippage': np.float64(1.2441980736681009), 'impact': np.float64(0.0), 'funding': None, 'borrow': None, 'funding_status': 'not_modeled', 'borrow_status': 'not_modeled', 'modeled_total': np.float64(2.487774048299592)}",RangeMeanReversion,signal,False
qt_ff38c76ba38a8666fd33b001,2026-05-10,2026-05-11,BNB-USDT,cover,3.881896094054536,663.8917799999999,1.2885794538284565,0.33177999999998065,positive,"{'commission': np.float64(1.2885794538284565), 'slippage': np.float64(1.2879354860853387), 'impact': np.float64(0.0), 'funding': None, 'borrow': None, 'funding_status': 'not_modeled', 'borrow_status': 'not_modeled', 'modeled_total': np.float64(2.576514939913795)}",RangeMeanReversion,hard_stop,False
qt_d78d471a0aa350836ba18f9a,2026-05-10,2026-05-11,LTC-USDT,cover,42.91078026102173,60.45021,1.296982839021309,0.03020999999999674,positive,"{'commission': np.float64(1.296982839021309), 'slippage': np.float64(1.2963346716853266), 'impact': np.float64(0.0), 'funding': None, 'borrow': None, 'funding_status': 'not_modeled', 'borrow_status': 'not_modeled', 'modeled_total': np.float64(2.5933175107066355)}",RangeMeanReversion,hard_stop,False
qt_0356d11998b7f5fee4abc663,2026-05-22,2026-05-23,BTC-USDT,buy,0.03228990553169261,75577.26974999999,1.2201914502853746,37.7697499999922,positive,"{'commission': np.float64(1.2201914502853746), 'slippage': np.float64(1.219581659455395), 'impact': np.float64(0.0), 'funding': None, 'borrow': None, 'funding_status': 'not_modeled', 'borrow_status': 'not_modeled', 'modeled_total': np.float64(2.4397731097407696)}",RangeMeanReversion,signal,False
qt_0d3cb27c111e4523441706df,2026-05-28,2026-05-29,BTC-USDT,sell,0.03228990553169261,73580.71124,1.1879571074471762,36.80875999999989,negative,"{'commission': np.float64(1.1879571074471762), 'slippage': np.float64(1.1885513831387422), 'impact': np.float64(0.0), 'funding': None, 'borrow': None, 'funding_status': 'not_modeled', 'borrow_status': 'not_modeled', 'modeled_total': np.float64(2.3765084905859184)}",RangeMeanReversion,hard_stop,False
qt_8c787cd0b595b9b71967d479,2026-05-29,2026-05-30,BTC-USDT,buy,0.03293050071971898,73497.51039,1.210154909397724,36.73038999999699,positive,"{'commission': np.float64(1.210154909397724), 'slippage': np.float64(1.2095501343304595), 'impact': np.float64(0.0), 'funding': None, 'borrow': None, 'funding_status': 'not_modeled', 'borrow_status': 'not_modeled', 'modeled_total': np.float64(2.4197050437281833)}",RangeMeanReversion,signal,False
qt_bf2c7c93dd5f795ca38b86b7,2026-06-01,2026-06-02,BTC-USDT,sell,0.03293050071971898,71373.19555,1.1751775337139594,35.704449999990175,negative,"{'commission': np.float64(1.1751775337139594), 'slippage': np.float64(1.1757654164218467), 'impact': np.float64(0.0), 'funding': None, 'borrow': None, 'funding_status': 'not_modeled', 'borrow_status': 'not_modeled', 'modeled_total': np.float64(2.3509429501358063)}",Router,StateSwitch,False
qt_3f6af12fcd06d2ba3ec5c7b8,2026-06-02,2026-06-03,DOGE-USDT,buy,22505.234587127816,0.092796375,1.0442020941050414,4.6375000000001276e-05,positive,"{'commission': np.float64(1.0442020941050414), 'slippage': np.float64(1.0436802539780812), 'impact': np.float64(0.0), 'funding': None, 'borrow': None, 'funding_status': 'not_modeled', 'borrow_status': 'not_modeled', 'modeled_total': np.float64(2.087882348083123)}",VolatilityReversion,signal,False
qt_83342c65c71506c0ca80ec0f,2026-06-04,2026-06-05,DOGE-USDT,sell,22505.234587127816,0.088525715,0.99614599153411,4.428499999999114e-05,negative,"{'commission': np.float64(0.99614599153411), 'slippage': np.float64(0.9966443136907559), 'impact': np.float64(0.0), 'funding': None, 'borrow': None, 'funding_status': 'not_modeled', 'borrow_status': 'not_modeled', 'modeled_total': np.float64(1.9927903052248659)}",Router,StateSwitch,False
qt_9ab4020cc94190c5dd58cbd4,2026-07-05,2026-07-06,ADA-USDT,short,9933.207403780712,0.18940525000000002,0.9407008158074686,9.47499999999768e-05,negative,"{'commission': np.float64(0.9407008158074686), 'slippage': np.float64(0.9411714015079921), 'impact': np.float64(0.0), 'funding': None, 'borrow': None, 'funding_status': 'not_modeled', 'borrow_status': 'not_modeled', 'modeled_total': np.float64(1.8818722173154607)}",VolatilityReversion,signal,False
qt_9e61de55707f42491a8e2b94,2026-07-13,2026-07-14,ADA-USDT,cover,9933.207403780712,0.15757875,0.7826312030892549,7.874999999998855e-05,positive,"{'commission': np.float64(0.7826312030892549), 'slippage': np.float64(0.7822400830476174), 'impact': np.float64(0.0), 'funding': None, 'borrow': None, 'funding_status': 'not_modeled', 'borrow_status': 'not_modeled', 'modeled_total': np.float64(1.5648712861368723)}",Router,StateSwitch,False
qt_15163f3e2f55025e2c268250,2026-07-21,2026-07-22,BTC-USDT,short,0.03699548239459363,66522.871925,1.2305228685695722,33.278074999994715,negative,"{'commission': np.float64(1.2305228685695722), 'slippage': np.float64(1.231138437788271), 'impact': np.float64(0.0), 'funding': None, 'borrow': None, 'funding_status': 'not_modeled', 'borrow_status': 'not_modeled', 'modeled_total': np.float64(2.4616613063578434)}",RangeMeanReversion,signal,False
qt_e198737f2077aad4e5aff80c,2026-07-24,2026-07-25,BTC-USDT,cover,0.03699548239459363,64172.07,1.187038342954815,32.06999999999971,positive,"{'commission': np.float64(1.187038342954815), 'slippage': np.float64(1.186445120394607), 'impact': np.float64(0.0), 'funding': None, 'borrow': None, 'funding_status': 'not_modeled', 'borrow_status': 'not_modeled', 'modeled_total': np.float64(2.373483463349422)}",RangeMeanReversion,Target hit (Mid Band),False
qt_161ff2def78eb24ee707fc63,2026-07-24,2026-07-25,BNB-USDT,buy,4.404947510243456,565.1924549999999,1.244821548730318,0.2824549999999135,positive,"{'commission': np.float64(1.244821548730318), 'slippage': np.float64(1.2441994490054344), 'impact': np.float64(0.0), 'funding': None, 'borrow': None, 'funding_status': 'not_modeled', 'borrow_status': 'not_modeled', 'modeled_total': np.float64(2.4890209977357527)}",RangeMeanReversion,signal,False
qt_9c38696b8171a2cfc96abb84,2026-07-26,2026-07-27,BNB-USDT,sell,4.404947510243456,575.022345,1.2664716234710518,0.28765499999997246,negative,"{'commission': np.float64(1.2664716234710518), 'slippage': np.float64(1.2671051760589602), 'impact': np.float64(0.0), 'funding': None, 'borrow': None, 'funding_status': 'not_modeled', 'borrow_status': 'not_modeled', 'modeled_total': np.float64(2.533576799530012)}",RangeMeanReversion,Target hit (Mid Band),False
qt_a2de8916111ad6f6a73235a3,2026-07-28,2026-07-29,BNB-USDT,buy,4.3758500050628095,571.5756449999999,1.2505646445335141,0.2856449999999313,positive,"{'commission': np.float64(1.2505646445335141), 'slippage': np.float64(1.2499396746958658), 'impact': np.float64(0.0), 'funding': None, 'borrow': None, 'funding_status': 'not_modeled', 'borrow_status': 'not_modeled', 'modeled_total': np.float64(2.50050431922938)}",RangeMeanReversion,signal,False
qt_e8c3573719158104b2720056,2026-07-30,2026-07-31,BNB-USDT,sell,4.3758500050628095,591.6940050000001,1.2945821073874422,0.29599499999994805,negative,"{'commission': np.float64(1.2945821073874422), 'slippage': np.float64(1.2952297222483389), 'impact': np.float64(0.0), 'funding': None, 'borrow': None, 'funding_status': 'not_modeled', 'borrow_status': 'not_modeled', 'modeled_total': np.float64(2.589811829635781)}",RangeMeanReversion,Target hit (Mid Band),False
